event_id,prediction,anomaly_score,threat_type,threat_level,confidence_score,reasons
EVT00001,Normal,-0.0013675788863853,Brute Force,Normal,26,"[""Activity aligns with standard operational baseline and security policies""]"
EVT00002,Suspicious,0.0094354902303577,Phishing,Critical Threat,55,"[""Critical asset vulnerability present (CVSS 9.4)"", ""Activity occurred outside standard operational hours (00:00)"", ""Isolation Forest flagged event as anomalous (score: 0.009435)""]"
EVT00003,Normal,-0.0052289684969746,Unauthorized File Access,Normal,37,"[""Activity aligns with standard operational baseline and security policies""]"
EVT00004,Suspicious,0.000612228242158,Port Scan,High Threat,50,"[""Activity occurred outside standard operational hours (00:00)"", ""Isolation Forest flagged event as anomalous (score: 0.000612)""]"
EVT00005,Suspicious,0.0192947976655166,Phishing,High Threat,50,"[""Activity occurred outside standard operational hours (00:00)"", ""Isolation Forest flagged event as anomalous (score: 0.019295)""]"
EVT00006,Normal,-0.0031474115402509,Brute Force,Medium Threat,47,"[""Excessive failed login attempts (20 attempts exceeded threshold of 10)"", ""Activity occurred outside standard operational hours (00:00)"", ""Escalated to Medium Threat due to strong active attack indicator combined with risk context on Normal ML baseline""]"
EVT00007,Suspicious,0.0097585358810692,Malware,Critical Threat,76,"[""Malware payload or malicious signature detected"", ""High asset vulnerability present (CVSS 7.8)"", ""Activity occurred outside standard operational hours (00:00)"", ""Isolation Forest flagged event as anomalous (score: 0.009759)""]"
EVT00008,Normal,-0.0033490657715603,Port Scan,Normal,29,"[""Activity aligns with standard operational baseline and security policies""]"
EVT00009,Suspicious,0.0160592991592585,USB / Removable Media,High Threat,51,"[""High asset vulnerability present (CVSS 8.7)"", ""Activity occurred outside standard operational hours (00:00)"", ""Isolation Forest flagged event as anomalous (score: 0.016059)""]"
EVT00010,Normal,-0.0469302025571465,Privilege Escalation,Normal,21,"[""Activity aligns with standard operational baseline and security policies""]"
EVT00011,Suspicious,1.887925441035332e-05,USB / Removable Media,High Threat,50,"[""High asset vulnerability present (CVSS 8.2)"", ""Activity occurred outside standard operational hours (00:00)"", ""Isolation Forest flagged event as anomalous (score: 0.000019)""]"
EVT00012,Normal,-0.0040228158553126,Brute Force,Low Threat,36,"[""Elevated failed login attempts (7 attempts)"", ""Activity occurred outside standard operational hours (00:00)"", ""Minor escalation to Low Threat due to elevated failed logins with risk context on Normal ML baseline""]"
EVT00013,Normal,-0.042517124613187,Unauthorized File Access,Normal,26,"[""Activity aligns with standard operational baseline and security policies""]"
EVT00014,Normal,-0.0314754695771698,Brute Force,Low Threat,31,"[""Elevated failed login attempts (6 attempts)"", ""Activity occurred outside standard operational hours (01:00)"", ""Minor escalation to Low Threat due to elevated failed logins with risk context on Normal ML baseline""]"
EVT00015,Suspicious,0.0072093409309647,Phishing,High Threat,50,"[""Activity occurred outside standard operational hours (01:00)"", ""Isolation Forest flagged event as anomalous (score: 0.007209)""]"
EVT00016,Normal,-0.0297220147295063,SQL Injection,Normal,28,"[""Activity aligns with standard operational baseline and security policies""]"
EVT00017,Normal,-0.0431456657480085,Brute Force,Normal,19,"[""Activity aligns with standard operational baseline and security policies""]"
EVT00018,Normal,-0.0018474923212573,Brute Force,Medium Threat,47,"[""Excessive failed login attempts (19 attempts exceeded threshold of 10)"", ""Activity occurred outside standard operational hours (01:00)"", ""Escalated to Medium Threat due to strong active attack indicator combined with risk context on Normal ML baseline""]"
EVT00019,Normal,-0.0139479997927047,Phishing,Normal,21,"[""Activity aligns with standard operational baseline and security policies""]"
EVT00020,Normal,-0.0104928661236572,Unauthorized File Access,Normal,32,"[""Activity aligns with standard operational baseline and security policies""]"
EVT00021,Normal,-0.0609714349520083,Unauthorized File Access,Normal,23,"[""Activity aligns with standard operational baseline and security policies""]"
EVT00022,Normal,-0.0551956964761688,Unauthorized File Access,Normal,20,"[""Activity aligns with standard operational baseline and security policies""]"
EVT00023,Suspicious,0.003601313401833,Port Scan,Critical Threat,54,"[""Critical asset vulnerability present (CVSS 9.4)"", ""Activity occurred outside standard operational hours (01:00)"", ""Isolation Forest flagged event as anomalous (score: 0.003601)""]"
EVT00024,Normal,-0.0159901057376293,Brute Force,Low Threat,34,"[""Elevated failed login attempts (7 attempts)"", ""Activity occurred outside standard operational hours (01:00)"", ""Minor escalation to Low Threat due to elevated failed logins with risk context on Normal ML baseline""]"
EVT00025,Normal,-0.034304291528026,Brute Force,Normal,20,"[""Activity aligns with standard operational baseline and security policies""]"
EVT00026,Suspicious,0.0170567268829573,Brute Force,Critical Threat,78,"[""Excessive failed login attempts (17 attempts exceeded threshold of 10)"", ""High asset vulnerability present (CVSS 7.8)"", ""Activity occurred outside standard operational hours (02:00)"", ""Isolation Forest flagged event as anomalous (score: 0.017057)""]"
EVT00027,Normal,-0.0005603479159701,Brute Force,Medium Threat,53,"[""Excessive failed login attempts (17 attempts exceeded threshold of 10)"", ""Activity occurred outside standard operational hours (02:00)"", ""Escalated to Medium Threat due to strong active attack indicator combined with risk context on Normal ML baseline""]"
EVT00028,Normal,-0.0319319973902885,Brute Force,Medium Threat,48,"[""Excessive failed login attempts (11 attempts exceeded threshold of 10)"", ""Activity occurred outside standard operational hours (02:00)"", ""Escalated to Medium Threat due to strong active attack indicator combined with risk context on Normal ML baseline""]"
EVT00029,Normal,-0.0504955683064695,Privilege Escalation,Normal,15,"[""Activity aligns with standard operational baseline and security policies""]"
EVT00030,Normal,-0.0057048804706923,Malware,Medium Threat,47,"[""Malware payload or malicious signature detected"", ""Activity occurred outside standard operational hours (02:00)"", ""Escalated to Medium Threat due to strong active attack indicator combined with risk context on Normal ML baseline""]"
EVT00031,Normal,-0.0231506360207248,Brute Force,Low Threat,39,"[""Elevated failed login attempts (4 attempts)"", ""Activity occurred outside standard operational hours (02:00)"", ""Minor escalation to Low Threat due to elevated failed logins with risk context on Normal ML baseline""]"
EVT00032,Normal,-0.0120528968824437,USB / Removable Media,Normal,21,"[""Activity aligns with standard operational baseline and security policies""]"
EVT00033,Normal,-0.0199390312988527,Phishing,Normal,20,"[""Activity aligns with standard operational baseline and security policies""]"
EVT00034,Suspicious,0.0615155126656739,Brute Force,Critical Threat,81,"[""Excessive failed login attempts (18 attempts exceeded threshold of 10)"", ""Activity occurred outside standard operational hours (02:00)"", ""Isolation Forest flagged event as anomalous (score: 0.061516)""]"
EVT00035,Normal,-0.0465548688111149,Privilege Escalation,Normal,21,"[""Activity aligns with standard operational baseline and security policies""]"
EVT00036,Suspicious,0.0425619287769424,Phishing,High Threat,55,"[""Activity occurred outside standard operational hours (02:00)"", ""Isolation Forest flagged event as anomalous (score: 0.042562)""]"
EVT00037,Normal,-0.0469814734203833,Unauthorized File Access,Normal,25,"[""Activity aligns with standard operational baseline and security policies""]"
EVT00038,Normal,-0.0287368832609438,Brute Force,Medium Threat,56,"[""Excessive failed login attempts (14 attempts exceeded threshold of 10)"", ""Critical asset vulnerability present (CVSS 9.4)"", ""Activity occurred outside standard operational hours (03:00)"", ""Escalated to Medium Threat due to strong active attack indicator combined with risk context on Normal ML baseline""]"
EVT00039,Normal,-0.0066395026916025,USB / Removable Media,Normal,36,"[""Activity aligns with standard operational baseline and security policies""]"
EVT00040,Normal,-0.0246434109919494,Brute Force,Medium Threat,53,"[""Excessive failed login attempts (11 attempts exceeded threshold of 10)"", ""High asset vulnerability present (CVSS 8.0)"", ""Activity occurred outside standard operational hours (03:00)"", ""Escalated to Medium Threat due to strong active attack indicator combined with risk context on Normal ML baseline""]"
EVT00041,Normal,-0.0359844614659688,Brute Force,Normal,20,"[""Activity aligns with standard operational baseline and security policies""]"
EVT00042,Normal,-0.0093311639997606,Brute Force,Low Threat,35,"[""Elevated failed login attempts (10 attempts)"", ""Activity occurred outside standard operational hours (03:00)"", ""Minor escalation to Low Threat due to elevated failed logins with risk context on Normal ML baseline""]"
EVT00043,Normal,-0.0087496196982834,USB / Removable Media,Normal,32,"[""Activity aligns with standard operational baseline and security policies""]"
EVT00044,Suspicious,0.0204298973436531,Malware,Critical Threat,69,"[""Malware payload or malicious signature detected"", ""Activity occurred outside standard operational hours (03:00)"", ""Isolation Forest flagged event as anomalous (score: 0.020430)""]"
EVT00045,Normal,-0.0114844566826766,Phishing,Normal,21,"[""Activity aligns with standard operational baseline and security policies""]"
EVT00046,Suspicious,0.0048163883133605,Brute Force,Critical Threat,65,"[""Elevated failed login attempts (6 attempts)"", ""Activity occurred outside standard operational hours (03:00)"", ""Isolation Forest flagged event as anomalous (score: 0.004816)""]"
EVT00047,Normal,-0.0413567850428091,SQL Injection,Normal,16,"[""Activity aligns with standard operational baseline and security policies""]"
EVT00048,Normal,-0.0089152246712174,Port Scan,Normal,32,"[""Activity aligns with standard operational baseline and security policies""]"
EVT00049,Normal,-0.0313329024574279,Phishing,Normal,18,"[""Activity aligns with standard operational baseline and security policies""]"
EVT00050,Normal,-0.0373336571753599,Privilege Escalation,Normal,23,"[""Activity aligns with standard operational baseline and security policies""]"
EVT00051,Normal,-0.0066475206866321,USB / Removable Media,Normal,28,"[""Activity aligns with standard operational baseline and security policies""]"
EVT00052,Normal,-0.0317958030733008,SQL Injection,Normal,18,"[""Activity aligns with standard operational baseline and security policies""]"
EVT00053,Suspicious,0.0156102537783495,Brute Force,Critical Threat,62,"[""Elevated failed login attempts (10 attempts)"", ""Activity occurred outside standard operational hours (04:00)"", ""Isolation Forest flagged event as anomalous (score: 0.015610)""]"
EVT00054,Normal,-0.0317550289845736,Brute Force,Normal,21,"[""Activity aligns with standard operational baseline and security policies""]"
EVT00055,Normal,-0.023666202499668,Brute Force,Low Threat,47,"[""Elevated failed login attempts (10 attempts)"", ""Critical asset vulnerability present (CVSS 9.6)"", ""Activity occurred outside standard operational hours (04:00)"", ""Minor escalation to Low Threat due to elevated failed logins with risk context on Normal ML baseline""]"
EVT00056,Normal,-0.0292109031013263,Brute Force,Normal,21,"[""Activity aligns with standard operational baseline and security policies""]"
EVT00057,Suspicious,0.0165686083398567,Brute Force,Critical Threat,68,"[""Excessive failed login attempts (16 attempts exceeded threshold of 10)"", ""Activity occurred outside standard operational hours (04:00)"", ""Isolation Forest flagged event as anomalous (score: 0.016569)""]"
EVT00058,Normal,-0.0194848055204847,Phishing,Normal,20,"[""Activity aligns with standard operational baseline and security policies""]"
EVT00059,Suspicious,0.0008696662092408,Malware,Critical Threat,64,"[""Malware payload or malicious signature detected"", ""Activity occurred outside standard operational hours (04:00)"", ""Isolation Forest flagged event as anomalous (score: 0.000870)""]"
EVT00060,Normal,-0.0246536371598762,Phishing,Normal,19,"[""Activity aligns with standard operational baseline and security policies""]"
EVT00061,Normal,-0.0409771897218548,Brute Force,Low Threat,36,"[""Elevated failed login attempts (7 attempts)"", ""Activity occurred outside standard operational hours (05:00)"", ""Minor escalation to Low Threat due to elevated failed logins with risk context on Normal ML baseline""]"
EVT00062,Normal,-0.0131855150277324,USB / Removable Media,Normal,21,"[""Activity aligns with standard operational baseline and security policies""]"
EVT00063,Normal,-0.0019728753961493,Brute Force,Medium Threat,61,"[""Excessive failed login attempts (16 attempts exceeded threshold of 10)"", ""Critical asset vulnerability present (CVSS 9.7)"", ""Activity occurred outside standard operational hours (05:00)"", ""Escalated to Medium Threat due to strong active attack indicator combined with risk context on Normal ML baseline""]"
EVT00064,Normal,-0.0272358006315661,Port Scan,Normal,25,"[""Activity aligns with standard operational baseline and security policies""]"
EVT00065,Normal,-0.0669689885187522,SQL Injection,Normal,18,"[""Activity aligns with standard operational baseline and security policies""]"
EVT00066,Normal,-0.0523258611856635,Unauthorized File Access,Normal,20,"[""Activity aligns with standard operational baseline and security policies""]"
EVT00067,Normal,-0.0320064250399051,Privilege Escalation,Normal,18,"[""Activity aligns with standard operational baseline and security policies""]"
EVT00068,Normal,-0.0324512706433749,Brute Force,Normal,24,"[""Activity aligns with standard operational baseline and security policies""]"
EVT00069,Normal,-0.024400655638516,Port Scan,Normal,25,"[""Activity aligns with standard operational baseline and security policies""]"
EVT00070,Normal,-0.0146202703063872,Brute Force,Medium Threat,45,"[""Excessive failed login attempts (19 attempts exceeded threshold of 10)"", ""Activity occurred outside standard operational hours (05:00)"", ""Escalated to Medium Threat due to strong active attack indicator combined with risk context on Normal ML baseline""]"
EVT00071,Normal,-0.0510153938838599,Brute Force,Low Threat,33,"[""Critical asset vulnerability present (CVSS 9.3)"", ""Activity occurred outside standard operational hours (05:00)"", ""Minor escalation to Low Threat due to critical asset vulnerability and after-hours context on Normal ML baseline""]"
EVT00072,Normal,-0.0167439993141157,Port Scan,Normal,21,"[""Activity aligns with standard operational baseline and security policies""]"
EVT00073,Normal,-0.0207477751091801,Port Scan,Normal,20,"[""Activity aligns with standard operational baseline and security policies""]"
EVT00074,Normal,-0.0369048779800612,Phishing,Normal,23,"[""Activity aligns with standard operational baseline and security policies""]"
EVT00075,Normal,-0.0204916632996471,Brute Force,Medium Threat,44,"[""Excessive failed login attempts (13 attempts exceeded threshold of 10)"", ""Activity occurred outside standard operational hours (06:00)"", ""Escalated to Medium Threat due to strong active attack indicator combined with risk context on Normal ML baseline""]"
EVT00076,Suspicious,0.0044542921973528,Phishing,High Threat,50,"[""Activity occurred outside standard operational hours (06:00)"", ""Isolation Forest flagged event as anomalous (score: 0.004454)""]"
EVT00077,Normal,-0.0062857969998434,Brute Force,Low Threat,36,"[""Elevated failed login attempts (8 attempts)"", ""Activity occurred outside standard operational hours (06:00)"", ""Minor escalation to Low Threat due to elevated failed logins with risk context on Normal ML baseline""]"
EVT00078,Normal,-0.0746552303780002,Unauthorized File Access,Normal,16,"[""Activity aligns with standard operational baseline and security policies""]"
EVT00079,Suspicious,0.0124424572799731,Brute Force,Critical Threat,67,"[""Excessive failed login attempts (19 attempts exceeded threshold of 10)"", ""Activity occurred outside standard operational hours (06:00)"", ""Isolation Forest flagged event as anomalous (score: 0.012442)""]"
EVT00080,Normal,-0.0241886310514281,Privilege Escalation,Normal,25,"[""Activity aligns with standard operational baseline and security policies""]"
EVT00081,Normal,-0.0295712617447196,Phishing,Normal,18,"[""Activity aligns with standard operational baseline and security policies""]"
EVT00082,Normal,-0.0242425786698151,Unauthorized File Access,Normal,19,"[""Activity aligns with standard operational baseline and security policies""]"
EVT00083,Normal,-0.0143951264837126,USB / Removable Media,Normal,31,"[""Activity aligns with standard operational baseline and security policies""]"
EVT00084,Normal,-0.0031695900755414,Brute Force,Medium Threat,47,"[""Excessive failed login attempts (19 attempts exceeded threshold of 10)"", ""Activity occurred outside standard operational hours (06:00)"", ""Escalated to Medium Threat due to strong active attack indicator combined with risk context on Normal ML baseline""]"
EVT00085,Normal,-0.0067562258142621,Brute Force,Medium Threat,46,"[""Excessive failed login attempts (12 attempts exceeded threshold of 10)"", ""Activity occurred outside standard operational hours (07:00)"", ""Escalated to Medium Threat due to strong active attack indicator combined with risk context on Normal ML baseline""]"
EVT00086,Suspicious,0.0068250982267584,Malware,Critical Threat,75,"[""Malware payload or malicious signature detected"", ""High asset vulnerability present (CVSS 7.6)"", ""Activity occurred outside standard operational hours (07:00)"", ""Isolation Forest flagged event as anomalous (score: 0.006825)""]"
EVT00087,Normal,-0.0203678793217456,USB / Removable Media,Normal,30,"[""Activity aligns with standard operational baseline and security policies""]"
EVT00088,Suspicious,0.0191742160193495,Malware,Critical Threat,79,"[""Malware payload or malicious signature detected"", ""High asset vulnerability present (CVSS 8.0)"", ""Activity occurred outside standard operational hours (07:00)"", ""Isolation Forest flagged event as anomalous (score: 0.019174)""]"
EVT00089,Normal,-0.0450631216442328,USB / Removable Media,Normal,22,"[""Activity aligns with standard operational baseline and security policies""]"
EVT00090,Normal,-0.0432002996832933,Port Scan,Normal,22,"[""Activity aligns with standard operational baseline and security policies""]"
EVT00091,Normal,-0.0612727499562715,Unauthorized File Access,Normal,13,"[""Activity aligns with standard operational baseline and security policies""]"
EVT00092,Normal,-0.0395711266540358,Brute Force,Medium Threat,47,"[""Excessive failed login attempts (13 attempts exceeded threshold of 10)"", ""Activity occurred outside standard operational hours (07:00)"", ""Escalated to Medium Threat due to strong active attack indicator combined with risk context on Normal ML baseline""]"
EVT00093,Normal,-0.0328389495749049,Port Scan,Normal,18,"[""Activity aligns with standard operational baseline and security policies""]"
EVT00094,Normal,-0.0117340932530016,Phishing,Normal,21,"[""Activity aligns with standard operational baseline and security policies""]"
EVT00095,Normal,-0.0089907778983052,Malware,Medium Threat,52,"[""Malware payload or malicious signature detected"", ""Activity occurred outside standard operational hours (07:00)"", ""Escalated to Medium Threat due to strong active attack indicator combined with risk context on Normal ML baseline""]"
EVT00096,Normal,-0.026738290983658,Brute Force,Low Threat,32,"[""Elevated failed login attempts (7 attempts)"", ""Activity occurred outside standard operational hours (07:00)"", ""Minor escalation to Low Threat due to elevated failed logins with risk context on Normal ML baseline""]"
EVT00097,Normal,-0.0524709343978104,SQL Injection,Normal,18,"[""Activity aligns with standard operational baseline and security policies""]"
EVT00098,Normal,-0.0028834855572777,Phishing,Normal,27,"[""Activity aligns with standard operational baseline and security policies""]"
EVT00099,Suspicious,0.0156632321907594,Malware,Critical Threat,72,"[""Malware payload or malicious signature detected"", ""High asset vulnerability present (CVSS 7.2)"", ""Isolation Forest flagged event as anomalous (score: 0.015663)""]"
EVT00100,Normal,-0.0255624319036429,USB / Removable Media,Normal,19,"[""Activity aligns with standard operational baseline and security policies""]"
EVT00101,Normal,-0.0145426612449907,Brute Force,Normal,28,"[""Activity aligns with standard operational baseline and security policies""]"
EVT00102,Normal,-0.0287895795862722,Brute Force,Normal,15,"[""Activity aligns with standard operational baseline and security policies""]"
EVT00103,Normal,-0.0011614400059536,Brute Force,Medium Threat,55,"[""Excessive failed login attempts (12 attempts exceeded threshold of 10)"", ""Critical asset vulnerability present (CVSS 9.1)"", ""Escalated to Medium Threat due to strong active attack indicator combined with risk context on Normal ML baseline""]"
EVT00104,Normal,-0.0225757464494088,Port Scan,Normal,24,"[""Activity aligns with standard operational baseline and security policies""]"
EVT00105,Normal,-0.0489408652822451,File Access,Normal,15,"[""Activity aligns with standard operational baseline and security policies""]"
EVT00106,Normal,-0.0437578158587397,Port Scan,Normal,10,"[""Activity aligns with standard operational baseline and security policies""]"
EVT00107,Normal,-0.0192052901004344,SQL Injection,Normal,14,"[""Activity aligns with standard operational baseline and security policies""]"
EVT00108,Normal,-0.0362907995605207,Unauthorized File Access,Normal,21,"[""Activity aligns with standard operational baseline and security policies""]"
EVT00109,Normal,-0.0169394206473425,SQL Injection,Normal,25,"[""Activity aligns with standard operational baseline and security policies""]"
EVT00110,Normal,-0.027766207476105,Brute Force,Low Threat,42,"[""Excessive failed login attempts (14 attempts exceeded threshold of 10)"", ""High asset vulnerability present (CVSS 7.8)"", ""Escalated to Low Threat due to isolated active attack indicator on Normal ML baseline""]"
EVT00111,Normal,-0.0115229000802474,SQL Injection,Normal,15,"[""Activity aligns with standard operational baseline and security policies""]"
EVT00112,Normal,-0.0301796490240612,Brute Force,Normal,21,"[""Activity aligns with standard operational baseline and security policies""]"
EVT00113,Normal,-0.0508920936332361,Phishing,Normal,9,"[""Activity aligns with standard operational baseline and security policies""]"
EVT00114,Normal,-0.0349042454514723,Port Scan,Normal,11,"[""Activity aligns with standard operational baseline and security policies""]"
EVT00115,Normal,-0.0085354166425102,USB / Removable Media,Normal,16,"[""Activity aligns with standard operational baseline and security policies""]"
EVT00116,Normal,-0.0203699727419149,Port Scan,Normal,14,"[""Activity aligns with standard operational baseline and security policies""]"
EVT00117,Normal,-0.0421725857730395,Privilege Escalation,Normal,10,"[""Activity aligns with standard operational baseline and security policies""]"
EVT00118,Normal,-0.0419632637017522,Brute Force,Low Threat,36,"[""Excessive failed login attempts (12 attempts exceeded threshold of 10)"", ""Escalated to Low Threat due to isolated active attack indicator on Normal ML baseline""]"
EVT00119,Normal,-0.002066552830772,Brute Force,Normal,32,"[""Activity aligns with standard operational baseline and security policies""]"
EVT00120,Normal,-0.0571094644411977,Unauthorized File Access,Normal,8,"[""Activity aligns with standard operational baseline and security policies""]"
EVT00121,Normal,-0.0051135446081352,Brute Force,Low Threat,36,"[""Excessive failed login attempts (13 attempts exceeded threshold of 10)"", ""Escalated to Low Threat due to isolated active attack indicator on Normal ML baseline""]"
EVT00122,Normal,-0.0456689516421467,Port Scan,Normal,10,"[""Activity aligns with standard operational baseline and security policies""]"
EVT00123,Normal,-0.000156675031213,Malware,Low Threat,37,"[""Malware payload or malicious signature detected"", ""Escalated to Low Threat due to isolated active attack indicator on Normal ML baseline""]"
EVT00124,Normal,-0.0260025730587878,Brute Force,Normal,22,"[""Activity aligns with standard operational baseline and security policies""]"
EVT00125,Normal,-0.0039690025403426,Brute Force,Low Threat,46,"[""Excessive failed login attempts (16 attempts exceeded threshold of 10)"", ""High asset vulnerability present (CVSS 8.7)"", ""Escalated to Low Threat due to isolated active attack indicator on Normal ML baseline""]"
EVT00126,Normal,-0.0280684683755251,Malware,Low Threat,38,"[""Malware payload or malicious signature detected"", ""Escalated to Low Threat due to isolated active attack indicator on Normal ML baseline""]"
EVT00127,Normal,-0.0355180525097535,Brute Force,Low Threat,37,"[""Excessive failed login attempts (11 attempts exceeded threshold of 10)"", ""Escalated to Low Threat due to isolated active attack indicator on Normal ML baseline""]"
EVT00128,Normal,-0.0513432692459715,SQL Injection,Normal,9,"[""Activity aligns with standard operational baseline and security policies""]"
EVT00129,Normal,-0.015975794388632,Malware,Medium Threat,53,"[""Malware payload or malicious signature detected"", ""Critical asset vulnerability present (CVSS 9.2)"", ""Escalated to Medium Threat due to strong active attack indicator combined with risk context on Normal ML baseline""]"
EVT00130,Normal,-0.0054148180458044,Brute Force,Low Threat,46,"[""Excessive failed login attempts (16 attempts exceeded threshold of 10)"", ""High asset vulnerability present (CVSS 8.6)"", ""Escalated to Low Threat due to isolated active attack indicator on Normal ML baseline""]"
EVT00131,Normal,-0.0547212283975078,SQL Injection,Normal,14,"[""Activity aligns with standard operational baseline and security policies""]"
EVT00132,Normal,-0.0180557465360037,Brute Force,Normal,23,"[""Activity aligns with standard operational baseline and security policies""]"
EVT00133,Normal,-0.0149365690020819,USB / Removable Media,Normal,15,"[""Activity aligns with standard operational baseline and security policies""]"
EVT00134,Suspicious,0.0140266311806113,Brute Force,Critical Threat,62,"[""Excessive failed login attempts (18 attempts exceeded threshold of 10)"", ""Isolation Forest flagged event as anomalous (score: 0.014027)""]"
EVT00135,Suspicious,0.0108638811994261,Brute Force,Critical Threat,67,"[""Excessive failed login attempts (18 attempts exceeded threshold of 10)"", ""Isolation Forest flagged event as anomalous (score: 0.010864)""]"
EVT00136,Normal,-0.0144615886187835,Privilege Escalation,Normal,29,"[""Activity aligns with standard operational baseline and security policies""]"
EVT00137,Normal,-0.050327207379034,Privilege Escalation,Normal,15,"[""Activity aligns with standard operational baseline and security policies""]"
EVT00138,Normal,-0.0105426419571823,Brute Force,Normal,19,"[""Activity aligns with standard operational baseline and security policies""]"
EVT00139,Normal,-0.0373415005360788,Phishing,Normal,17,"[""Activity aligns with standard operational baseline and security policies""]"
EVT00140,Suspicious,0.0012091820810515,SQL Injection,Critical Threat,50,"[""Critical asset vulnerability present (CVSS 9.5)"", ""Isolation Forest flagged event as anomalous (score: 0.001209)""]"
EVT00141,Suspicious,0.0164524664875975,Brute Force,Critical Threat,62,"[""Excessive failed login attempts (14 attempts exceeded threshold of 10)"", ""Isolation Forest flagged event as anomalous (score: 0.016452)""]"
EVT00142,Normal,-0.0447932568694979,SQL Injection,Normal,16,"[""Activity aligns with standard operational baseline and security policies""]"
EVT00143,Normal,-0.0234103542910183,Brute Force,Low Threat,33,"[""Excessive failed login attempts (14 attempts exceeded threshold of 10)"", ""Escalated to Low Threat due to isolated active attack indicator on Normal ML baseline""]"
EVT00144,Suspicious,0.0432791264770932,Brute Force,Critical Threat,76,"[""Excessive failed login attempts (16 attempts exceeded threshold of 10)"", ""Isolation Forest flagged event as anomalous (score: 0.043279)""]"
EVT00145,Normal,-0.0381943753650854,USB / Removable Media,Normal,17,"[""Activity aligns with standard operational baseline and security policies""]"
EVT00146,Normal,-0.0144734066388367,SQL Injection,Normal,21,"[""Activity aligns with standard operational baseline and security policies""]"
EVT00147,Suspicious,0.0016355558450992,Port Scan,High Threat,50,"[""High asset vulnerability present (CVSS 7.0)"", ""Isolation Forest flagged event as anomalous (score: 0.001636)""]"
EVT00148,Suspicious,0.0061157290534873,USB / Removable Media,Medium Threat,50,"[""Isolation Forest flagged event as anomalous (score: 0.006116)""]"
EVT00149,Normal,-0.0298678068255968,Brute Force,Low Threat,42,"[""Excessive failed login attempts (15 attempts exceeded threshold of 10)"", ""High asset vulnerability present (CVSS 7.2)"", ""Escalated to Low Threat due to isolated active attack indicator on Normal ML baseline""]"
EVT00150,Normal,-0.0560181560091779,SQL Injection,Normal,14,"[""Activity aligns with standard operational baseline and security policies""]"
EVT00151,Normal,-0.0497858216003955,SQL Injection,Normal,9,"[""Activity aligns with standard operational baseline and security policies""]"
EVT00152,Suspicious,0.0169091386317473,Malware,Critical Threat,62,"[""Malware payload or malicious signature detected"", ""Isolation Forest flagged event as anomalous (score: 0.016909)""]"
EVT00153,Normal,-0.0322648175519965,Brute Force,Low Threat,37,"[""Excessive failed login attempts (18 attempts exceeded threshold of 10)"", ""Escalated to Low Threat due to isolated active attack indicator on Normal ML baseline""]"
EVT00154,Normal,-0.0199075973778832,Phishing,Normal,20,"[""Activity aligns with standard operational baseline and security policies""]"
EVT00155,Suspicious,0.0101173831543436,Malware,Critical Threat,60,"[""Malware payload or malicious signature detected"", ""Isolation Forest flagged event as anomalous (score: 0.010117)""]"
EVT00156,Normal,-0.0066305609124691,Brute Force,Low Threat,42,"[""Excessive failed login attempts (18 attempts exceeded threshold of 10)"", ""Escalated to Low Threat due to isolated active attack indicator on Normal ML baseline""]"
EVT00157,Normal,-0.0433689192679485,SQL Injection,Normal,10,"[""Activity aligns with standard operational baseline and security policies""]"
EVT00158,Normal,-0.0397172473571088,USB / Removable Media,Normal,21,"[""Activity aligns with standard operational baseline and security policies""]"
EVT00159,Normal,-0.0015549830426266,SQL Injection,Normal,23,"[""Activity aligns with standard operational baseline and security policies""]"
EVT00160,Normal,-0.0506589749641523,SQL Injection,Normal,9,"[""Activity aligns with standard operational baseline and security policies""]"
EVT00161,Suspicious,0.0125691949305842,Malware,Critical Threat,61,"[""Malware payload or malicious signature detected"", ""Isolation Forest flagged event as anomalous (score: 0.012569)""]"
EVT00162,Normal,-0.028214659305058,Brute Force,Low Threat,38,"[""Excessive failed login attempts (18 attempts exceeded threshold of 10)"", ""Escalated to Low Threat due to isolated active attack indicator on Normal ML baseline""]"
EVT00163,Normal,-0.0233605033343938,Phishing,Normal,19,"[""Activity aligns with standard operational baseline and security policies""]"
EVT00164,Normal,-0.049336797507767,Privilege Escalation,Normal,9,"[""Activity aligns with standard operational baseline and security policies""]"
EVT00165,Normal,-0.036592249734167,USB / Removable Media,Normal,21,"[""Activity aligns with standard operational baseline and security policies""]"
EVT00166,Normal,-0.028786067990091,Phishing,Normal,12,"[""Activity aligns with standard operational baseline and security policies""]"
EVT00167,Normal,-0.0279822626909654,Phishing,Normal,19,"[""Activity aligns with standard operational baseline and security policies""]"
EVT00168,Normal,-0.0388946952220359,Brute Force,Normal,26,"[""Activity aligns with standard operational baseline and security policies""]"
EVT00169,Normal,-0.0446366730663472,Privilege Escalation,Normal,16,"[""Activity aligns with standard operational baseline and security policies""]"
EVT00170,Suspicious,0.0008237130696304,Malware,Critical Threat,60,"[""Malware payload or malicious signature detected"", ""Isolation Forest flagged event as anomalous (score: 0.000824)""]"
EVT00171,Normal,-0.0136977066601066,Malware,Medium Threat,53,"[""Malware payload or malicious signature detected"", ""Critical asset vulnerability present (CVSS 10.0)"", ""Escalated to Medium Threat due to strong active attack indicator combined with risk context on Normal ML baseline""]"
EVT00172,Normal,-0.0560402966679347,Unauthorized File Access,Normal,8,"[""Activity aligns with standard operational baseline and security policies""]"
EVT00173,Normal,-0.0237401777766319,Malware,Low Threat,39,"[""Malware payload or malicious signature detected"", ""Escalated to Low Threat due to isolated active attack indicator on Normal ML baseline""]"
EVT00174,Normal,-0.0395619915315492,Unauthorized File Access,Normal,17,"[""Activity aligns with standard operational baseline and security policies""]"
EVT00175,Normal,-0.0493733270260527,SQL Injection,Normal,9,"[""Activity aligns with standard operational baseline and security policies""]"
EVT00176,Normal,-0.064321209600501,File Access,Normal,12,"[""Activity aligns with standard operational baseline and security policies""]"
EVT00177,Normal,-0.0376103504672692,Privilege Escalation,Normal,21,"[""Activity aligns with standard operational baseline and security policies""]"
EVT00178,Normal,-0.0266799202680199,Port Scan,Normal,19,"[""Activity aligns with standard operational baseline and security policies""]"
EVT00179,Normal,-0.0293649076960311,Brute Force,Low Threat,40,"[""Elevated failed login attempts (10 attempts)"", ""Critical asset vulnerability present (CVSS 9.1)"", ""Minor escalation to Low Threat due to elevated failed logins with risk context on Normal ML baseline""]"
EVT00180,Normal,-0.0023833187966328,Brute Force,Normal,26,"[""Activity aligns with standard operational baseline and security policies""]"
EVT00181,Normal,-0.0450509573092858,Port Scan,Normal,10,"[""Activity aligns with standard operational baseline and security policies""]"
EVT00182,Normal,-0.0613574716301738,Privilege Escalation,Normal,13,"[""Activity aligns with standard operational baseline and security policies""]"
EVT00183,Suspicious,0.0032956352549128,Malware,Critical Threat,72,"[""Malware payload or malicious signature detected"", ""Critical asset vulnerability present (CVSS 9.8)"", ""Isolation Forest flagged event as anomalous (score: 0.003296)""]"
EVT00184,Normal,-0.0420277559479074,USB / Removable Media,Normal,16,"[""Activity aligns with standard operational baseline and security policies""]"
EVT00185,Normal,-0.0551251261064375,SQL Injection,Normal,8,"[""Activity aligns with standard operational baseline and security policies""]"
EVT00186,Normal,-0.0056589475276502,Port Scan,Normal,27,"[""Activity aligns with standard operational baseline and security policies""]"
EVT00187,Normal,-0.0286273494854051,Port Scan,Normal,26,"[""Activity aligns with standard operational baseline and security policies""]"
EVT00188,Normal,-0.0017911571572163,Port Scan,Normal,27,"[""Activity aligns with standard operational baseline and security policies""]"
EVT00189,Normal,-0.0421595435043125,USB / Removable Media,Normal,16,"[""Activity aligns with standard operational baseline and security policies""]"
EVT00190,Normal,-0.0518076631112261,File Access,Normal,14,"[""Activity aligns with standard operational baseline and security policies""]"
EVT00191,Normal,-0.0271494726144573,Brute Force,Normal,22,"[""Activity aligns with standard operational baseline and security policies""]"
EVT00192,Normal,-0.0400398855949541,Brute Force,Normal,13,"[""Activity aligns with standard operational baseline and security policies""]"
EVT00193,Normal,-0.0509228783300444,SQL Injection,Normal,15,"[""Activity aligns with standard operational baseline and security policies""]"
EVT00194,Normal,-0.0092341895017473,Phishing,Normal,16,"[""Activity aligns with standard operational baseline and security policies""]"
EVT00195,Suspicious,0.0047365470790812,Malware,Critical Threat,60,"[""Malware payload or malicious signature detected"", ""Isolation Forest flagged event as anomalous (score: 0.004737)""]"
EVT00196,Normal,-0.0235666194234639,USB / Removable Media,Normal,19,"[""Activity aligns with standard operational baseline and security policies""]"
EVT00197,Normal,-0.0053004194277687,USB / Removable Media,Normal,31,"[""Activity aligns with standard operational baseline and security policies""]"
EVT00198,Normal,-0.0437252072224175,SQL Injection,Normal,10,"[""Activity aligns with standard operational baseline and security policies""]"
EVT00199,Normal,-0.0251575374413287,File Access,Normal,13,"[""Activity aligns with standard operational baseline and security policies""]"
EVT00200,Normal,-0.0074176565850289,USB / Removable Media,Normal,16,"[""Activity aligns with standard operational baseline and security policies""]"
EVT00201,Normal,-0.0428998366270161,File Access,Normal,10,"[""Activity aligns with standard operational baseline and security policies""]"
EVT00202,Normal,-0.0485635815465428,SQL Injection,Normal,15,"[""Activity aligns with standard operational baseline and security policies""]"
EVT00203,Normal,-0.0504001748670662,Privilege Escalation,Normal,9,"[""Activity aligns with standard operational baseline and security policies""]"
EVT00204,Normal,-0.0398800253505007,USB / Removable Media,Normal,11,"[""Activity aligns with standard operational baseline and security policies""]"
EVT00205,Normal,-0.0387458785809621,Brute Force,Low Threat,30,"[""Excessive failed login attempts (12 attempts exceeded threshold of 10)"", ""Escalated to Low Threat due to isolated active attack indicator on Normal ML baseline""]"
EVT00206,Normal,-0.0311664576647487,Phishing,Normal,18,"[""Activity aligns with standard operational baseline and security policies""]"
EVT00207,Normal,-0.0512477895186478,File Access,Normal,9,"[""Activity aligns with standard operational baseline and security policies""]"
EVT00208,Normal,-0.018878776849356,Privilege Escalation,Normal,24,"[""Activity aligns with standard operational baseline and security policies""]"
EVT00209,Normal,-0.0502502258109868,Brute Force,Low Threat,38,"[""Excessive failed login attempts (12 attempts exceeded threshold of 10)"", ""High asset vulnerability present (CVSS 7.3)"", ""Escalated to Low Threat due to isolated active attack indicator on Normal ML baseline""]"
EVT00210,Normal,-0.05083666639872,Privilege Escalation,Normal,19,"[""Activity aligns with standard operational baseline and security policies""]"
EVT00211,Normal,-0.0371737670602219,Brute Force,Normal,24,"[""Activity aligns with standard operational baseline and security policies""]"
EVT00212,Normal,-0.0156058083466719,Brute Force,Medium Threat,53,"[""Excessive failed login attempts (16 attempts exceeded threshold of 10)"", ""Critical asset vulnerability present (CVSS 9.3)"", ""Escalated to Medium Threat due to strong active attack indicator combined with risk context on Normal ML baseline""]"
EVT00213,Normal,-0.0445770066410414,Phishing,Normal,10,"[""Activity aligns with standard operational baseline and security policies""]"
EVT00214,Normal,-0.0354697098462333,Brute Force,Normal,20,"[""Activity aligns with standard operational baseline and security policies""]"
EVT00215,Normal,-0.0250615322374221,Port Scan,Normal,27,"[""Activity aligns with standard operational baseline and security policies""]"
EVT00216,Suspicious,0.007937106242629,Privilege Escalation,High Threat,50,"[""Critical asset vulnerability present (CVSS 10.0)"", ""Isolation Forest flagged event as anomalous (score: 0.007937)""]"
EVT00217,Normal,-0.0799474859716751,Unauthorized File Access,Normal,10,"[""Activity aligns with standard operational baseline and security policies""]"
EVT00218,Normal,-0.0692806462720154,SQL Injection,Normal,25,"[""Activity aligns with standard operational baseline and security policies""]"
EVT00219,Normal,-0.0389888393365225,Privilege Escalation,Normal,23,"[""Activity aligns with standard operational baseline and security policies""]"
EVT00220,Normal,-0.052063279600821,Phishing,Normal,24,"[""Activity aligns with standard operational baseline and security policies""]"
EVT00221,Normal,-0.047155028803387,Brute Force,Medium Threat,45,"[""Excessive failed login attempts (15 attempts exceeded threshold of 10)"", ""Activity occurred outside standard operational hours (18:00)"", ""Escalated to Medium Threat due to strong active attack indicator combined with risk context on Normal ML baseline""]"
EVT00222,Normal,-0.0356443847867414,USB / Removable Media,Normal,17,"[""Activity aligns with standard operational baseline and security policies""]"
EVT00223,Normal,-0.0317681819612946,Malware,Medium Threat,52,"[""Malware payload or malicious signature detected"", ""High asset vulnerability present (CVSS 8.8)"", ""Activity occurred outside standard operational hours (18:00)"", ""Escalated to Medium Threat due to strong active attack indicator combined with risk context on Normal ML baseline""]"
EVT00224,Normal,-0.0524625316935341,Brute Force,Normal,27,"[""Activity aligns with standard operational baseline and security policies""]"
EVT00225,Normal,-0.0339886977664551,Brute Force,Low Threat,37,"[""Elevated failed login attempts (10 attempts)"", ""Activity occurred outside standard operational hours (18:00)"", ""Minor escalation to Low Threat due to elevated failed logins with risk context on Normal ML baseline""]"
EVT00226,Normal,-0.0574872002693686,Privilege Escalation,Normal,13,"[""Activity aligns with standard operational baseline and security policies""]"
EVT00227,Normal,-0.0689718824017583,SQL Injection,Normal,17,"[""Activity aligns with standard operational baseline and security policies""]"
EVT00228,Normal,-0.0861180142114939,Unauthorized File Access,Normal,8,"[""Activity aligns with standard operational baseline and security policies""]"
EVT00229,Normal,-0.0320073211392428,USB / Removable Media,Normal,28,"[""Activity aligns with standard operational baseline and security policies""]"
EVT00230,Normal,-0.0564675895063099,Privilege Escalation,Normal,28,"[""Activity aligns with standard operational baseline and security policies""]"
EVT00231,Normal,-0.0655432239734828,Port Scan,Normal,18,"[""Activity aligns with standard operational baseline and security policies""]"
EVT00232,Normal,-0.0299151172218954,Malware,Medium Threat,48,"[""Malware payload or malicious signature detected"", ""Activity occurred outside standard operational hours (19:00)"", ""Escalated to Medium Threat due to strong active attack indicator combined with risk context on Normal ML baseline""]"
EVT00233,Normal,-0.025538160303801,Malware,Medium Threat,43,"[""Malware payload or malicious signature detected"", ""Activity occurred outside standard operational hours (19:00)"", ""Escalated to Medium Threat due to strong active attack indicator combined with risk context on Normal ML baseline""]"
EVT00234,Normal,-0.0784916840006395,Privilege Escalation,Normal,10,"[""Activity aligns with standard operational baseline and security policies""]"
EVT00235,Normal,-0.0193884989497437,USB / Removable Media,Normal,30,"[""Activity aligns with standard operational baseline and security policies""]"
EVT00236,Normal,-0.0482098365996029,SQL Injection,Normal,25,"[""Activity aligns with standard operational baseline and security policies""]"
EVT00237,Normal,-0.0256649303004676,Brute Force,Medium Threat,43,"[""Excessive failed login attempts (13 attempts exceeded threshold of 10)"", ""Activity occurred outside standard operational hours (19:00)"", ""Escalated to Medium Threat due to strong active attack indicator combined with risk context on Normal ML baseline""]"
EVT00238,Normal,-0.0549592014566043,Unauthorized File Access,Normal,20,"[""Activity aligns with standard operational baseline and security policies""]"
EVT00239,Suspicious,0.010937580407256,Brute Force,Critical Threat,75,"[""Elevated failed login attempts (6 attempts)"", ""Critical asset vulnerability present (CVSS 9.3)"", ""Activity occurred outside standard operational hours (19:00)"", ""Isolation Forest flagged event as anomalous (score: 0.010938)""]"
EVT00240,Normal,-0.0247460230121635,Brute Force,Medium Threat,43,"[""Excessive failed login attempts (12 attempts exceeded threshold of 10)"", ""Activity occurred outside standard operational hours (19:00)"", ""Escalated to Medium Threat due to strong active attack indicator combined with risk context on Normal ML baseline""]"
EVT00241,Normal,-0.0180988196656215,Malware,Medium Threat,58,"[""Malware payload or malicious signature detected"", ""Critical asset vulnerability present (CVSS 9.9)"", ""Activity occurred outside standard operational hours (20:00)"", ""Escalated to Medium Threat due to strong active attack indicator combined with risk context on Normal ML baseline""]"
EVT00242,Normal,-0.0300996669094356,Brute Force,Medium Threat,48,"[""Excessive failed login attempts (11 attempts exceeded threshold of 10)"", ""Activity occurred outside standard operational hours (20:00)"", ""Escalated to Medium Threat due to strong active attack indicator combined with risk context on Normal ML baseline""]"
EVT00243,Normal,-0.0462700602712991,SQL Injection,Normal,15,"[""Activity aligns with standard operational baseline and security policies""]"
EVT00244,Normal,-0.0196989317142363,Port Scan,Normal,26,"[""Activity aligns with standard operational baseline and security policies""]"
EVT00245,Normal,-0.0330953183548441,Brute Force,Medium Threat,48,"[""Excessive failed login attempts (13 attempts exceeded threshold of 10)"", ""Activity occurred outside standard operational hours (20:00)"", ""Escalated to Medium Threat due to strong active attack indicator combined with risk context on Normal ML baseline""]"
EVT00246,Normal,-0.0501476441516269,Unauthorized File Access,Normal,29,"[""Activity aligns with standard operational baseline and security policies""]"
EVT00247,Normal,-0.0186263492420619,Port Scan,Normal,34,"[""Activity aligns with standard operational baseline and security policies""]"
EVT00248,Normal,-0.0299178413757971,Port Scan,Normal,18,"[""Activity aligns with standard operational baseline and security policies""]"
EVT00249,Suspicious,0.0105689183127005,Privilege Escalation,Critical Threat,52,"[""High asset vulnerability present (CVSS 7.9)"", ""Activity occurred outside standard operational hours (20:00)"", ""Isolation Forest flagged event as anomalous (score: 0.010569)""]"
EVT00250,Normal,-0.0584792705838139,Port Scan,Normal,19,"[""Activity aligns with standard operational baseline and security policies""]"
EVT00251,Normal,-0.0758774858524579,SQL Injection,Normal,10,"[""Activity aligns with standard operational baseline and security policies""]"
EVT00252,Normal,-0.0593749695945913,SQL Injection,Normal,27,"[""Activity aligns with standard operational baseline and security policies""]"
EVT00253,Normal,-0.0387985171781128,Brute Force,Low Threat,36,"[""Elevated failed login attempts (7 attempts)"", ""Activity occurred outside standard operational hours (21:00)"", ""Minor escalation to Low Threat due to elevated failed logins with risk context on Normal ML baseline""]"
EVT00254,Normal,-0.0385941380122598,Brute Force,Low Threat,30,"[""Elevated failed login attempts (4 attempts)"", ""Activity occurred outside standard operational hours (21:00)"", ""Minor escalation to Low Threat due to elevated failed logins with risk context on Normal ML baseline""]"
EVT00255,Normal,-0.04026774207925,Brute Force,Normal,26,"[""Activity aligns with standard operational baseline and security policies""]"
EVT00256,Normal,-0.0445463205186177,Privilege Escalation,Normal,16,"[""Activity aligns with standard operational baseline and security policies""]"
EVT00257,Normal,-0.0364623438913243,Brute Force,Low Threat,31,"[""Elevated failed login attempts (7 attempts)"", ""Activity occurred outside standard operational hours (21:00)"", ""Minor escalation to Low Threat due to elevated failed logins with risk context on Normal ML baseline""]"
EVT00258,Normal,-0.0644157479510609,Brute Force,Normal,21,"[""Activity aligns with standard operational baseline and security policies""]"
EVT00259,Normal,-0.0546363060014162,Phishing,Normal,14,"[""Activity aligns with standard operational baseline and security policies""]"
EVT00260,Normal,-0.0532387096059914,Unauthorized File Access,Normal,28,"[""Activity aligns with standard operational baseline and security policies""]"
EVT00261,Normal,-0.0323814016128378,Malware,Medium Threat,52,"[""Malware payload or malicious signature detected"", ""High asset vulnerability present (CVSS 7.1)"", ""Activity occurred outside standard operational hours (21:00)"", ""Escalated to Medium Threat due to strong active attack indicator combined with risk context on Normal ML baseline""]"
EVT00262,Normal,-0.0175266793758913,Phishing,Normal,26,"[""Activity aligns with standard operational baseline and security policies""]"
EVT00263,Normal,-0.0906456492145764,Unauthorized File Access,Normal,8,"[""Activity aligns with standard operational baseline and security policies""]"
EVT00264,Normal,-0.0173728481703179,Malware,Medium Threat,44,"[""Malware payload or malicious signature detected"", ""Activity occurred outside standard operational hours (21:00)"", ""Escalated to Medium Threat due to strong active attack indicator combined with risk context on Normal ML baseline""]"
EVT00265,Normal,-0.047687274316454,Privilege Escalation,Low Threat,34,"[""Critical asset vulnerability present (CVSS 9.3)"", ""Activity occurred outside standard operational hours (22:00)"", ""Minor escalation to Low Threat due to critical asset vulnerability and after-hours context on Normal ML baseline""]"
EVT00266,Normal,-0.0767595939843683,Unauthorized File Access,Normal,16,"[""Activity aligns with standard operational baseline and security policies""]"
EVT00267,Normal,-0.0660399541307701,SQL Injection,Normal,12,"[""Activity aligns with standard operational baseline and security policies""]"
EVT00268,Normal,-0.0430790890149761,Privilege Escalation,Normal,26,"[""Activity aligns with standard operational baseline and security policies""]"
EVT00269,Normal,-0.0241651464546919,Malware,Medium Threat,49,"[""Malware payload or malicious signature detected"", ""Activity occurred outside standard operational hours (22:00)"", ""Escalated to Medium Threat due to strong active attack indicator combined with risk context on Normal ML baseline""]"
EVT00270,Normal,-0.0301623125978666,Unauthorized File Access,Normal,24,"[""Activity aligns with standard operational baseline and security policies""]"
EVT00271,Normal,-0.0578776161703788,Privilege Escalation,Normal,23,"[""Activity aligns with standard operational baseline and security policies""]"
EVT00272,Normal,-0.053116545877952,USB / Removable Media,Normal,20,"[""Activity aligns with standard operational baseline and security policies""]"
EVT00273,Normal,-0.0043218084067075,Malware,Medium Threat,47,"[""Malware payload or malicious signature detected"", ""Activity occurred outside standard operational hours (22:00)"", ""Escalated to Medium Threat due to strong active attack indicator combined with risk context on Normal ML baseline""]"
EVT00274,Normal,-0.0373766530349745,Malware,Medium Threat,47,"[""Malware payload or malicious signature detected"", ""Activity occurred outside standard operational hours (22:00)"", ""Escalated to Medium Threat due to strong active attack indicator combined with risk context on Normal ML baseline""]"
EVT00275,Normal,-0.0257277061213709,Brute Force,Medium Threat,43,"[""Excessive failed login attempts (14 attempts exceeded threshold of 10)"", ""Activity occurred outside standard operational hours (22:00)"", ""Escalated to Medium Threat due to strong active attack indicator combined with risk context on Normal ML baseline""]"
EVT00276,Normal,-0.047957669812811,Privilege Escalation,Normal,15,"[""Activity aligns with standard operational baseline and security policies""]"
EVT00277,Normal,-0.061322497958926,Brute Force,Normal,13,"[""Activity aligns with standard operational baseline and security policies""]"
EVT00278,Normal,-0.040857779562772,Unauthorized File Access,Normal,16,"[""Activity aligns with standard operational baseline and security policies""]"
EVT00279,Normal,-0.0538120777293822,Unauthorized File Access,Normal,14,"[""Activity aligns with standard operational baseline and security policies""]"
EVT00280,Normal,-0.0164390264358492,Brute Force,Medium Threat,55,"[""Excessive failed login attempts (15 attempts exceeded threshold of 10)"", ""High asset vulnerability present (CVSS 8.1)"", ""Activity occurred outside standard operational hours (23:00)"", ""Escalated to Medium Threat due to strong active attack indicator combined with risk context on Normal ML baseline""]"
EVT00281,Normal,-0.0486797902650361,SQL Injection,Normal,15,"[""Activity aligns with standard operational baseline and security policies""]"
EVT00282,Normal,-0.0440465332991606,USB / Removable Media,Normal,16,"[""Activity aligns with standard operational baseline and security policies""]"
EVT00283,Normal,-0.0564382103864304,Unauthorized File Access,Normal,24,"[""Activity aligns with standard operational baseline and security policies""]"
EVT00284,Normal,-0.0269197073874262,Phishing,Normal,29,"[""Activity aligns with standard operational baseline and security policies""]"
EVT00285,Normal,-0.0327723004542741,Normal Activity,Normal,21,"[""Activity aligns with standard operational baseline and security policies""]"
EVT00286,Normal,-0.0334093665708801,Port Scan,Normal,32,"[""Activity aligns with standard operational baseline and security policies""]"
EVT00287,Normal,-0.0370015292545996,SQL Injection,Normal,17,"[""Activity aligns with standard operational baseline and security policies""]"
EVT00288,Normal,-0.059829969931289,Brute Force,Low Threat,27,"[""Elevated failed login attempts (5 attempts)"", ""Activity occurred outside standard operational hours (23:00)"", ""Minor escalation to Low Threat due to elevated failed logins with risk context on Normal ML baseline""]"
EVT00289,Normal,-0.0506424274656388,Brute Force,Medium Threat,45,"[""Excessive failed login attempts (12 attempts exceeded threshold of 10)"", ""Activity occurred outside standard operational hours (00:00)"", ""Escalated to Medium Threat due to strong active attack indicator combined with risk context on Normal ML baseline""]"
EVT00290,Normal,-0.0167152096989268,Privilege Escalation,Low Threat,39,"[""Critical asset vulnerability present (CVSS 9.6)"", ""Activity occurred outside standard operational hours (00:00)"", ""Minor escalation to Low Threat due to critical asset vulnerability and after-hours context on Normal ML baseline""]"
EVT00291,Normal,-0.0586431720696122,Brute Force,Low Threat,37,"[""Elevated failed login attempts (4 attempts)"", ""High asset vulnerability present (CVSS 7.0)"", ""Activity occurred outside standard operational hours (00:00)"", ""Minor escalation to Low Threat due to elevated failed logins with risk context on Normal ML baseline""]"
EVT00292,Normal,-0.0431665458317191,USB / Removable Media,Normal,22,"[""Activity aligns with standard operational baseline and security policies""]"
EVT00293,Normal,-0.0506306298489043,SQL Injection,Normal,15,"[""Activity aligns with standard operational baseline and security policies""]"
EVT00294,Normal,-0.0114627864881428,Malware,Medium Threat,45,"[""Malware payload or malicious signature detected"", ""Activity occurred outside standard operational hours (00:00)"", ""Escalated to Medium Threat due to strong active attack indicator combined with risk context on Normal ML baseline""]"
EVT00295,Normal,-0.0472880440494493,SQL Injection,Normal,15,"[""Activity aligns with standard operational baseline and security policies""]"
EVT00296,Normal,-0.0304205288668584,Brute Force,Low Threat,42,"[""Elevated failed login attempts (10 attempts)"", ""High asset vulnerability present (CVSS 8.8)"", ""Activity occurred outside standard operational hours (00:00)"", ""Minor escalation to Low Threat due to elevated failed logins with risk context on Normal ML baseline""]"
EVT00297,Normal,-0.0694630344568892,Unauthorized File Access,Normal,17,"[""Activity aligns with standard operational baseline and security policies""]"
EVT00298,Normal,-0.0304270848719646,Malware,Medium Threat,42,"[""Malware payload or malicious signature detected"", ""Activity occurred outside standard operational hours (00:00)"", ""Escalated to Medium Threat due to strong active attack indicator combined with risk context on Normal ML baseline""]"
EVT00299,Normal,-0.0279557512415882,USB / Removable Media,Normal,19,"[""Activity aligns with standard operational baseline and security policies""]"
EVT00300,Normal,-0.0372449469096118,USB / Removable Media,Normal,23,"[""Activity aligns with standard operational baseline and security policies""]"
EVT00301,Normal,-0.0266118087289574,Brute Force,Medium Threat,53,"[""Excessive failed login attempts (11 attempts exceeded threshold of 10)"", ""High asset vulnerability present (CVSS 7.8)"", ""Activity occurred outside standard operational hours (01:00)"", ""Escalated to Medium Threat due to strong active attack indicator combined with risk context on Normal ML baseline""]"
EVT00302,Normal,-0.0774086501839548,Privilege Escalation,Normal,16,"[""Activity aligns with standard operational baseline and security policies""]"
EVT00303,Normal,-0.0706275563256455,Unauthorized File Access,Normal,17,"[""Activity aligns with standard operational baseline and security policies""]"
EVT00304,Normal,-0.013746996227671,Brute Force,Medium Threat,45,"[""Excessive failed login attempts (16 attempts exceeded threshold of 10)"", ""Activity occurred outside standard operational hours (01:00)"", ""Escalated to Medium Threat due to strong active attack indicator combined with risk context on Normal ML baseline""]"
EVT00305,Normal,-0.0616847350112125,Brute Force,Low Threat,32,"[""Elevated failed login attempts (5 attempts)"", ""Activity occurred outside standard operational hours (01:00)"", ""Minor escalation to Low Threat due to elevated failed logins with risk context on Normal ML baseline""]"
EVT00306,Normal,-0.0095063805648912,Malware,Medium Threat,52,"[""Malware payload or malicious signature detected"", ""Activity occurred outside standard operational hours (01:00)"", ""Escalated to Medium Threat due to strong active attack indicator combined with risk context on Normal ML baseline""]"
EVT00307,Normal,-0.0545711154792002,Brute Force,Medium Threat,48,"[""Excessive failed login attempts (15 attempts exceeded threshold of 10)"", ""High asset vulnerability present (CVSS 8.5)"", ""Activity occurred outside standard operational hours (01:00)"", ""Escalated to Medium Threat due to strong active attack indicator combined with risk context on Normal ML baseline""]"
EVT00308,Normal,-0.0479400290961593,SQL Injection,Normal,15,"[""Activity aligns with standard operational baseline and security policies""]"
EVT00309,Normal,-0.0285362259129892,USB / Removable Media,Normal,19,"[""Activity aligns with standard operational baseline and security policies""]"
EVT00310,Normal,-0.0767405492434089,Unauthorized File Access,Normal,16,"[""Activity aligns with standard operational baseline and security policies""]"
EVT00311,Normal,-0.0697691783674049,Brute Force,Low Threat,31,"[""Elevated failed login attempts (8 attempts)"", ""Activity occurred outside standard operational hours (01:00)"", ""Minor escalation to Low Threat due to elevated failed logins with risk context on Normal ML baseline""]"
EVT00312,Normal,-0.0710407275785861,Unauthorized File Access,Normal,11,"[""Activity aligns with standard operational baseline and security policies""]"
EVT00313,Normal,-0.0635159025254559,Privilege Escalation,Normal,22,"[""Activity aligns with standard operational baseline and security policies""]"
EVT00314,Normal,-0.0406498002716312,Unauthorized File Access,Normal,22,"[""Activity aligns with standard operational baseline and security policies""]"
EVT00315,Normal,-0.080295187511243,Unauthorized File Access,Normal,15,"[""Activity aligns with standard operational baseline and security policies""]"
EVT00316,Normal,-0.0452421425533371,SQL Injection,Normal,26,"[""Activity aligns with standard operational baseline and security policies""]"
EVT00317,Normal,-0.0505359848591976,Brute Force,Low Threat,34,"[""Elevated failed login attempts (7 attempts)"", ""Activity occurred outside standard operational hours (02:00)"", ""Minor escalation to Low Threat due to elevated failed logins with risk context on Normal ML baseline""]"
EVT00318,Normal,-0.0505796464733999,Privilege Escalation,Normal,25,"[""Activity aligns with standard operational baseline and security policies""]"
EVT00319,Normal,-0.0488633273519457,Port Scan,Normal,15,"[""Activity aligns with standard operational baseline and security policies""]"
EVT00320,Normal,-0.0508096531530213,Phishing,Normal,15,"[""Activity aligns with standard operational baseline and security policies""]"
EVT00321,Normal,-0.0367816986143408,USB / Removable Media,Normal,17,"[""Activity aligns with standard operational baseline and security policies""]"
EVT00322,Normal,-0.0463250390900541,Privilege Escalation,Normal,25,"[""Activity aligns with standard operational baseline and security policies""]"
EVT00323,Normal,-0.044280771097813,USB / Removable Media,Normal,22,"[""Activity aligns with standard operational baseline and security policies""]"
EVT00324,Normal,-0.0622298280494331,SQL Injection,Normal,23,"[""Activity aligns with standard operational baseline and security policies""]"
EVT00325,Normal,-0.0386721697748413,Privilege Escalation,Normal,23,"[""Activity aligns with standard operational baseline and security policies""]"
EVT00326,Normal,-0.0252262590524102,Brute Force,Medium Threat,57,"[""Excessive failed login attempts (18 attempts exceeded threshold of 10)"", ""Critical asset vulnerability present (CVSS 9.7)"", ""Activity occurred outside standard operational hours (03:00)"", ""Escalated to Medium Threat due to strong active attack indicator combined with risk context on Normal ML baseline""]"
EVT00327,Normal,-0.0175799103513691,Malware,Medium Threat,44,"[""Malware payload or malicious signature detected"", ""Activity occurred outside standard operational hours (03:00)"", ""Escalated to Medium Threat due to strong active attack indicator combined with risk context on Normal ML baseline""]"
EVT00328,Normal,-0.0514098528866374,Port Scan,Normal,25,"[""Activity aligns with standard operational baseline and security policies""]"
EVT00329,Normal,-0.0637073152172428,SQL Injection,Normal,18,"[""Activity aligns with standard operational baseline and security policies""]"
EVT00330,Normal,-0.0365862206723378,Malware,Medium Threat,51,"[""Malware payload or malicious signature detected"", ""High asset vulnerability present (CVSS 7.7)"", ""Activity occurred outside standard operational hours (03:00)"", ""Escalated to Medium Threat due to strong active attack indicator combined with risk context on Normal ML baseline""]"
EVT00331,Normal,-0.0200115020638771,Brute Force,Medium Threat,58,"[""Excessive failed login attempts (18 attempts exceeded threshold of 10)"", ""Critical asset vulnerability present (CVSS 9.3)"", ""Activity occurred outside standard operational hours (03:00)"", ""Escalated to Medium Threat due to strong active attack indicator combined with risk context on Normal ML baseline""]"
EVT00332,Normal,-0.0714628726097337,Unauthorized File Access,Normal,11,"[""Activity aligns with standard operational baseline and security policies""]"
EVT00333,Normal,-0.0820797282652151,Unauthorized File Access,Normal,9,"[""Activity aligns with standard operational baseline and security policies""]"
EVT00334,Normal,-0.0741082679197459,Privilege Escalation,Normal,17,"[""Activity aligns with standard operational baseline and security policies""]"
EVT00335,Normal,-0.0517591888611106,Unauthorized File Access,Normal,24,"[""Activity aligns with standard operational baseline and security policies""]"
EVT00336,Normal,-0.051037360704828,USB / Removable Media,Normal,15,"[""Activity aligns with standard operational baseline and security policies""]"
EVT00337,Normal,-0.0833398448840475,Unauthorized File Access,Normal,15,"[""Activity aligns with standard operational baseline and security policies""]"
EVT00338,Normal,-0.0717446401191529,Privilege Escalation,Normal,11,"[""Activity aligns with standard operational baseline and security policies""]"
EVT00339,Normal,-0.0731881123996511,Unauthorized File Access,Normal,25,"[""Activity aligns with standard operational baseline and security policies""]"
EVT00340,Normal,-0.0526484340068735,SQL Injection,Normal,24,"[""Activity aligns with standard operational baseline and security policies""]"
EVT00341,Normal,-0.0433103628057894,Unauthorized File Access,Normal,16,"[""Activity aligns with standard operational baseline and security policies""]"
EVT00342,Normal,-0.0551312225637368,Phishing,Normal,20,"[""Activity aligns with standard operational baseline and security policies""]"
EVT00343,Normal,-0.066568717394636,Privilege Escalation,Normal,12,"[""Activity aligns with standard operational baseline and security policies""]"
EVT00344,Normal,-0.0161674187370814,Port Scan,Normal,21,"[""Activity aligns with standard operational baseline and security policies""]"
EVT00345,Normal,-0.0397943275219781,USB / Removable Media,Normal,23,"[""Activity aligns with standard operational baseline and security policies""]"
EVT00346,Normal,-0.075879602868094,Privilege Escalation,Normal,20,"[""Activity aligns with standard operational baseline and security policies""]"
EVT00347,Normal,-0.0436723673330387,Brute Force,Normal,16,"[""Activity aligns with standard operational baseline and security policies""]"
EVT00348,Normal,-0.0555627645334211,Brute Force,Low Threat,33,"[""Elevated failed login attempts (4 attempts)"", ""Activity occurred outside standard operational hours (04:00)"", ""Minor escalation to Low Threat due to elevated failed logins with risk context on Normal ML baseline""]"
EVT00349,Normal,-0.0532473002798316,Port Scan,Normal,20,"[""Activity aligns with standard operational baseline and security policies""]"
EVT00350,Normal,-0.0603898874333693,Phishing,Normal,19,"[""Activity aligns with standard operational baseline and security policies""]"
EVT00351,Normal,-0.063612591310726,Normal Activity,Normal,21,"[""Activity aligns with standard operational baseline and security policies""]"
EVT00352,Normal,-0.0441124024913909,SQL Injection,Normal,16,"[""Activity aligns with standard operational baseline and security policies""]"
EVT00353,Suspicious,0.0221442112082291,Malware,Critical Threat,70,"[""Malware payload or malicious signature detected"", ""Activity occurred outside standard operational hours (05:00)"", ""Isolation Forest flagged event as anomalous (score: 0.022144)""]"
EVT00354,Normal,-0.0407840142454526,Phishing,Normal,26,"[""Activity aligns with standard operational baseline and security policies""]"
EVT00355,Normal,-0.0581741743478541,SQL Injection,Normal,23,"[""Activity aligns with standard operational baseline and security policies""]"
EVT00356,Normal,-0.0417506209034119,USB / Removable Media,Normal,16,"[""Activity aligns with standard operational baseline and security policies""]"
EVT00357,Normal,-0.0876301892482926,Unauthorized File Access,Normal,14,"[""Activity aligns with standard operational baseline and security policies""]"
EVT00358,Normal,-0.0509035428891289,SQL Injection,Normal,15,"[""Activity aligns with standard operational baseline and security policies""]"
EVT00359,Normal,-0.0519575728888996,Privilege Escalation,Normal,14,"[""Activity aligns with standard operational baseline and security policies""]"
EVT00360,Normal,-0.0618683796251312,Brute Force,Medium Threat,37,"[""Excessive failed login attempts (12 attempts exceeded threshold of 10)"", ""Activity occurred outside standard operational hours (05:00)"", ""Escalated to Medium Threat due to strong active attack indicator combined with risk context on Normal ML baseline""]"
EVT00361,Normal,-0.067301403926379,Brute Force,Medium Threat,42,"[""Excessive failed login attempts (12 attempts exceeded threshold of 10)"", ""Activity occurred outside standard operational hours (06:00)"", ""Escalated to Medium Threat due to strong active attack indicator combined with risk context on Normal ML baseline""]"
EVT00362,Normal,-0.0351654852309271,USB / Removable Media,Normal,23,"[""Activity aligns with standard operational baseline and security policies""]"
EVT00363,Normal,-0.0776332486277616,SQL Injection,Normal,16,"[""Activity aligns with standard operational baseline and security policies""]"
EVT00364,Normal,-0.0372040503474071,Port Scan,Normal,17,"[""Activity aligns with standard operational baseline and security policies""]"
EVT00365,Normal,-0.0733309680108755,Brute Force,Low Threat,24,"[""Elevated failed login attempts (6 attempts)"", ""Activity occurred outside standard operational hours (06:00)"", ""Minor escalation to Low Threat due to elevated failed logins with risk context on Normal ML baseline""]"
EVT00366,Normal,-0.0293754885313017,Brute Force,Medium Threat,42,"[""Excessive failed login attempts (14 attempts exceeded threshold of 10)"", ""Activity occurred outside standard operational hours (06:00)"", ""Escalated to Medium Threat due to strong active attack indicator combined with risk context on Normal ML baseline""]"
EVT00367,Suspicious,0.0079359392894666,Port Scan,High Threat,50,"[""Activity occurred outside standard operational hours (06:00)"", ""Isolation Forest flagged event as anomalous (score: 0.007936)""]"
EVT00368,Normal,-0.0550128220933212,Brute Force,Low Threat,37,"[""Elevated failed login attempts (7 attempts)"", ""High asset vulnerability present (CVSS 8.8)"", ""Activity occurred outside standard operational hours (06:00)"", ""Minor escalation to Low Threat due to elevated failed logins with risk context on Normal ML baseline""]"
EVT00369,Normal,-0.0081702112568737,Privilege Escalation,Normal,22,"[""Activity aligns with standard operational baseline and security policies""]"
EVT00370,Normal,-0.0038012906007968,USB / Removable Media,Normal,37,"[""Activity aligns with standard operational baseline and security policies""]"
EVT00371,Normal,-0.0157273582626732,Privilege Escalation,Normal,21,"[""Activity aligns with standard operational baseline and security policies""]"
EVT00372,Normal,-0.0416482017340414,Brute Force,Medium Threat,46,"[""Excessive failed login attempts (11 attempts exceeded threshold of 10)"", ""Activity occurred outside standard operational hours (06:00)"", ""Escalated to Medium Threat due to strong active attack indicator combined with risk context on Normal ML baseline""]"
EVT00373,Normal,-0.0433507687194295,USB / Removable Media,Normal,30,"[""Activity aligns with standard operational baseline and security policies""]"
EVT00374,Normal,-0.0074297024785912,USB / Removable Media,Normal,36,"[""Activity aligns with standard operational baseline and security policies""]"
EVT00375,Normal,-0.0617764753020205,Phishing,Normal,19,"[""Activity aligns with standard operational baseline and security policies""]"
EVT00376,Normal,-0.0180835484171151,Phishing,Normal,26,"[""Activity aligns with standard operational baseline and security policies""]"
EVT00377,Normal,-0.0771551225680874,Privilege Escalation,Normal,16,"[""Activity aligns with standard operational baseline and security policies""]"
EVT00378,Suspicious,0.0121753030856721,Malware,Critical Threat,81,"[""Malware payload or malicious signature detected"", ""Critical asset vulnerability present (CVSS 9.0)"", ""Activity occurred outside standard operational hours (07:00)"", ""Isolation Forest flagged event as anomalous (score: 0.012175)""]"
EVT00379,Normal,-0.0526083097565387,SQL Injection,Normal,14,"[""Activity aligns with standard operational baseline and security policies""]"
EVT00380,Normal,-0.1001736593943262,Unauthorized File Access,Normal,12,"[""Activity aligns with standard operational baseline and security policies""]"
EVT00381,Normal,-0.0580325203940687,SQL Injection,Normal,13,"[""Activity aligns with standard operational baseline and security policies""]"
EVT00382,Normal,-0.0775011462206947,Brute Force,Low Threat,23,"[""Elevated failed login attempts (6 attempts)"", ""Activity occurred outside standard operational hours (07:00)"", ""Minor escalation to Low Threat due to elevated failed logins with risk context on Normal ML baseline""]"
EVT00383,Normal,-0.0264647112351409,USB / Removable Media,Normal,25,"[""Activity aligns with standard operational baseline and security policies""]"
EVT00384,Normal,-0.0680576733532359,Privilege Escalation,Normal,22,"[""Activity aligns with standard operational baseline and security policies""]"
EVT00385,Normal,-0.0054608258046967,Malware,Low Threat,46,"[""Malware payload or malicious signature detected"", ""High asset vulnerability present (CVSS 8.7)"", ""Escalated to Low Threat due to isolated active attack indicator on Normal ML baseline""]"
EVT00386,Normal,-0.0535546963690586,Brute Force,Normal,17,"[""Activity aligns with standard operational baseline and security policies""]"
EVT00387,Normal,-0.025058098416674,Brute Force,Normal,22,"[""Activity aligns with standard operational baseline and security policies""]"
EVT00388,Normal,-0.0263559535937262,Brute Force,Low Threat,38,"[""Excessive failed login attempts (14 attempts exceeded threshold of 10)"", ""Escalated to Low Threat due to isolated active attack indicator on Normal ML baseline""]"
EVT00389,Normal,-0.0667903278724677,SQL Injection,Normal,12,"[""Activity aligns with standard operational baseline and security policies""]"
EVT00390,Normal,-0.0307994106153925,Phishing,Normal,18,"[""Activity aligns with standard operational baseline and security policies""]"
EVT00391,Normal,-0.06093967215267,Port Scan,Normal,13,"[""Activity aligns with standard operational baseline and security policies""]"
EVT00392,Normal,-0.0042248307715623,Brute Force,Normal,32,"[""Activity aligns with standard operational baseline and security policies""]"
EVT00393,Normal,-0.0222268613037663,Brute Force,Medium Threat,52,"[""Excessive failed login attempts (16 attempts exceeded threshold of 10)"", ""Critical asset vulnerability present (CVSS 9.8)"", ""Escalated to Medium Threat due to strong active attack indicator combined with risk context on Normal ML baseline""]"
EVT00394,Normal,-0.0710032969013535,Unauthorized File Access,Normal,5,"[""Activity aligns with standard operational baseline and security policies""]"
EVT00395,Normal,-0.0055532957805268,USB / Removable Media,Normal,23,"[""Activity aligns with standard operational baseline and security policies""]"
EVT00396,Normal,-0.0406114244727338,Brute Force,Low Threat,36,"[""Excessive failed login attempts (18 attempts exceeded threshold of 10)"", ""Escalated to Low Threat due to isolated active attack indicator on Normal ML baseline""]"
EVT00397,Normal,-0.0583474843809955,Brute Force,Normal,16,"[""Activity aligns with standard operational baseline and security policies""]"
EVT00398,Normal,-0.0146186576460686,Brute Force,Normal,18,"[""Activity aligns with standard operational baseline and security policies""]"
EVT00399,Normal,-0.0441715218007414,Port Scan,Normal,16,"[""Activity aligns with standard operational baseline and security policies""]"
EVT00400,Normal,-0.0090484351997649,Brute Force,Low Threat,45,"[""Excessive failed login attempts (13 attempts exceeded threshold of 10)"", ""High asset vulnerability present (CVSS 8.0)"", ""Escalated to Low Threat due to isolated active attack indicator on Normal ML baseline""]"
EVT00401,Normal,-0.049962482915971,USB / Removable Media,Normal,15,"[""Activity aligns with standard operational baseline and security policies""]"
EVT00402,Normal,-0.0123443038493993,Brute Force,Medium Threat,53,"[""Excessive failed login attempts (20 attempts exceeded threshold of 10)"", ""Critical asset vulnerability present (CVSS 9.3)"", ""Escalated to Medium Threat due to strong active attack indicator combined with risk context on Normal ML baseline""]"
EVT00403,Normal,-0.0059513993430949,USB / Removable Media,Normal,26,"[""Activity aligns with standard operational baseline and security policies""]"
EVT00404,Normal,-0.0372988876247938,Privilege Escalation,Normal,17,"[""Activity aligns with standard operational baseline and security policies""]"
EVT00405,Normal,-0.0141973126314549,Port Scan,Normal,21,"[""Activity aligns with standard operational baseline and security policies""]"
EVT00406,Normal,-0.0699181377821607,SQL Injection,Normal,15,"[""Activity aligns with standard operational baseline and security policies""]"
EVT00407,Normal,-0.033545371249824,Brute Force,Low Threat,41,"[""Excessive failed login attempts (17 attempts exceeded threshold of 10)"", ""High asset vulnerability present (CVSS 8.1)"", ""Escalated to Low Threat due to isolated active attack indicator on Normal ML baseline""]"
EVT00408,Normal,-0.052183076817247,Privilege Escalation,Normal,8,"[""Activity aligns with standard operational baseline and security policies""]"
EVT00409,Normal,-0.0500059304227706,Normal Activity,Normal,12,"[""Activity aligns with standard operational baseline and security policies""]"
EVT00410,Normal,-0.0582954014805687,File Access,Normal,7,"[""Activity aligns with standard operational baseline and security policies""]"
EVT00411,Normal,-0.0146118941752552,Brute Force,Low Threat,40,"[""Excessive failed login attempts (20 attempts exceeded threshold of 10)"", ""Escalated to Low Threat due to isolated active attack indicator on Normal ML baseline""]"
EVT00412,Normal,-0.0674320841529967,Privilege Escalation,Normal,6,"[""Activity aligns with standard operational baseline and security policies""]"
EVT00413,Normal,-0.0128451988448561,USB / Removable Media,Normal,21,"[""Activity aligns with standard operational baseline and security policies""]"
EVT00414,Normal,-0.0154274220683655,Brute Force,Low Threat,44,"[""Excessive failed login attempts (11 attempts exceeded threshold of 10)"", ""High asset vulnerability present (CVSS 8.6)"", ""Escalated to Low Threat due to isolated active attack indicator on Normal ML baseline""]"
EVT00415,Normal,-0.0690588757087494,Unauthorized File Access,Normal,15,"[""Activity aligns with standard operational baseline and security policies""]"
EVT00416,Normal,-0.0423152508038323,Port Scan,Normal,16,"[""Activity aligns with standard operational baseline and security policies""]"
EVT00417,Normal,-0.01268936737535,USB / Removable Media,Normal,25,"[""Activity aligns with standard operational baseline and security policies""]"
EVT00418,Normal,-0.0512591653763454,Privilege Escalation,Normal,9,"[""Activity aligns with standard operational baseline and security policies""]"
EVT00419,Normal,-0.0568329179893797,Port Scan,Normal,18,"[""Activity aligns with standard operational baseline and security policies""]"
EVT00420,Normal,-0.0424264669704328,Port Scan,Normal,10,"[""Activity aligns with standard operational baseline and security policies""]"
EVT00421,Normal,-0.076544540449394,File Access,Normal,10,"[""Activity aligns with standard operational baseline and security policies""]"
EVT00422,Normal,-0.0111280252358431,Brute Force,Normal,31,"[""Activity aligns with standard operational baseline and security policies""]"
EVT00423,Normal,-0.0375631300159573,Phishing,Normal,11,"[""Activity aligns with standard operational baseline and security policies""]"
EVT00424,Normal,-0.0307696341079167,Malware,Low Threat,38,"[""Malware payload or malicious signature detected"", ""Escalated to Low Threat due to isolated active attack indicator on Normal ML baseline""]"
EVT00425,Normal,-0.0720296071205916,SQL Injection,Normal,5,"[""Activity aligns with standard operational baseline and security policies""]"
EVT00426,Normal,-0.057073315200503,Privilege Escalation,Normal,8,"[""Activity aligns with standard operational baseline and security policies""]"
EVT00427,Normal,-0.0439887450614771,Brute Force,Normal,23,"[""Activity aligns with standard operational baseline and security policies""]"
EVT00428,Normal,-0.0563316709534852,Brute Force,Normal,17,"[""Activity aligns with standard operational baseline and security policies""]"
EVT00429,Normal,-0.0616584373631619,Privilege Escalation,Normal,13,"[""Activity aligns with standard operational baseline and security policies""]"
EVT00430,Normal,-0.0458708853373953,Brute Force,Normal,24,"[""Activity aligns with standard operational baseline and security policies""]"
EVT00431,Normal,-0.0201491476526409,Port Scan,Normal,20,"[""Activity aligns with standard operational baseline and security policies""]"
EVT00432,Normal,-0.032816401417489,SQL Injection,Normal,18,"[""Activity aligns with standard operational baseline and security policies""]"
EVT00433,Normal,-0.0064205687771435,Malware,Low Threat,36,"[""Malware payload or malicious signature detected"", ""Escalated to Low Threat due to isolated active attack indicator on Normal ML baseline""]"
EVT00434,Normal,-0.0329400467342782,Brute Force,Normal,25,"[""Activity aligns with standard operational baseline and security policies""]"
EVT00435,Normal,-0.018126971186665,USB / Removable Media,Normal,20,"[""Activity aligns with standard operational baseline and security policies""]"
EVT00436,Normal,-0.0569173292903226,SQL Injection,Normal,14,"[""Activity aligns with standard operational baseline and security policies""]"
EVT00437,Normal,-0.0298116477301948,Brute Force,Low Threat,40,"[""Elevated failed login attempts (4 attempts)"", ""Critical asset vulnerability present (CVSS 9.1)"", ""Minor escalation to Low Threat due to elevated failed logins with risk context on Normal ML baseline""]"
EVT00438,Normal,-0.0166605683136797,Brute Force,Normal,34,"[""Activity aligns with standard operational baseline and security policies""]"
EVT00439,Normal,-0.044272989388842,Privilege Escalation,Normal,20,"[""Activity aligns with standard operational baseline and security policies""]"
EVT00440,Normal,-0.0533786433125272,SQL Injection,Normal,8,"[""Activity aligns with standard operational baseline and security policies""]"
EVT00441,Normal,-0.0187928846502579,Brute Force,Normal,23,"[""Activity aligns with standard operational baseline and security policies""]"
EVT00442,Normal,-0.0608771805181208,File Access,Normal,7,"[""Activity aligns with standard operational baseline and security policies""]"
EVT00443,Normal,-0.0676127548220105,Normal Activity,Normal,12,"[""Activity aligns with standard operational baseline and security policies""]"
EVT00444,Normal,-0.0585493457479575,Brute Force,Normal,13,"[""Activity aligns with standard operational baseline and security policies""]"
EVT00445,Normal,-0.0323514095092182,Brute Force,Normal,27,"[""Activity aligns with standard operational baseline and security policies""]"
EVT00446,Normal,-0.0366852422083257,Brute Force,Low Threat,31,"[""Excessive failed login attempts (12 attempts exceeded threshold of 10)"", ""Escalated to Low Threat due to isolated active attack indicator on Normal ML baseline""]"
EVT00447,Normal,-0.032134593115462,Privilege Escalation,Normal,18,"[""Activity aligns with standard operational baseline and security policies""]"
EVT00448,Normal,-0.035887641378386,SQL Injection,Normal,25,"[""Activity aligns with standard operational baseline and security policies""]"
EVT00449,Suspicious,0.0019056989138144,Malware,Critical Threat,64,"[""Malware payload or malicious signature detected"", ""Isolation Forest flagged event as anomalous (score: 0.001906)""]"
EVT00450,Normal,-0.0558344021268078,Phishing,Normal,18,"[""Activity aligns with standard operational baseline and security policies""]"
EVT00451,Normal,-0.0477575692186488,USB / Removable Media,Normal,9,"[""Activity aligns with standard operational baseline and security policies""]"
EVT00452,Normal,-0.0511001626444514,Privilege Escalation,Normal,15,"[""Activity aligns with standard operational baseline and security policies""]"
EVT00453,Normal,-0.0570396180748192,SQL Injection,Normal,8,"[""Activity aligns with standard operational baseline and security policies""]"
EVT00454,Normal,-0.0242625578853342,Brute Force,Low Threat,43,"[""Excessive failed login attempts (15 attempts exceeded threshold of 10)"", ""High asset vulnerability present (CVSS 7.6)"", ""Escalated to Low Threat due to isolated active attack indicator on Normal ML baseline""]"
EVT00455,Normal,-0.0305472466994623,Port Scan,Normal,22,"[""Activity aligns with standard operational baseline and security policies""]"
EVT00456,Normal,-0.0329444155184032,Brute Force,Low Threat,37,"[""Excessive failed login attempts (17 attempts exceeded threshold of 10)"", ""Escalated to Low Threat due to isolated active attack indicator on Normal ML baseline""]"
EVT00457,Normal,-0.0691253346844309,File Access,Normal,5,"[""Activity aligns with standard operational baseline and security policies""]"
EVT00458,Normal,-0.0418206744092309,File Access,Normal,10,"[""Activity aligns with standard operational baseline and security policies""]"
EVT00459,Normal,-0.0337495162399639,Unauthorized File Access,Normal,18,"[""Activity aligns with standard operational baseline and security policies""]"
EVT00460,Normal,-0.0369187843726124,Phishing,Normal,11,"[""Activity aligns with standard operational baseline and security policies""]"
EVT00461,Normal,-0.0336560630674932,Malware,Low Threat,31,"[""Malware payload or malicious signature detected"", ""Escalated to Low Threat due to isolated active attack indicator on Normal ML baseline""]"
EVT00462,Normal,-0.0400161152188962,Port Scan,Normal,24,"[""Activity aligns with standard operational baseline and security policies""]"
EVT00463,Normal,-0.0167124460035031,Malware,Low Threat,44,"[""Malware payload or malicious signature detected"", ""High asset vulnerability present (CVSS 8.1)"", ""Escalated to Low Threat due to isolated active attack indicator on Normal ML baseline""]"
EVT00464,Normal,-0.0492645913087997,Privilege Escalation,Normal,15,"[""Activity aligns with standard operational baseline and security policies""]"
EVT00465,Normal,-0.0719998052995455,File Access,Normal,19,"[""Activity aligns with standard operational baseline and security policies""]"
EVT00466,Normal,-0.0489301466846146,Brute Force,Low Threat,34,"[""Excessive failed login attempts (17 attempts exceeded threshold of 10)"", ""Escalated to Low Threat due to isolated active attack indicator on Normal ML baseline""]"
EVT00467,Normal,-0.0429193254791092,Brute Force,Normal,29,"[""Activity aligns with standard operational baseline and security policies""]"
EVT00468,Normal,-0.0460871927833281,USB / Removable Media,Normal,15,"[""Activity aligns with standard operational baseline and security policies""]"
EVT00469,Normal,-0.0325776232599535,Unauthorized File Access,Normal,12,"[""Activity aligns with standard operational baseline and security policies""]"
EVT00470,Normal,-0.0708497806496517,Unauthorized File Access,Normal,15,"[""Activity aligns with standard operational baseline and security policies""]"
EVT00471,Normal,-0.0617446967341962,Normal Activity,Normal,10,"[""Activity aligns with standard operational baseline and security policies""]"
EVT00472,Normal,-0.0681378008250037,Privilege Escalation,Normal,12,"[""Activity aligns with standard operational baseline and security policies""]"
EVT00473,Normal,-0.0383296407315259,Brute Force,Normal,20,"[""Activity aligns with standard operational baseline and security policies""]"
EVT00474,Normal,-0.051827866285399,Phishing,Normal,14,"[""Activity aligns with standard operational baseline and security policies""]"
EVT00475,Normal,-0.0078291988815695,Malware,Low Threat,36,"[""Malware payload or malicious signature detected"", ""Escalated to Low Threat due to isolated active attack indicator on Normal ML baseline""]"
EVT00476,Normal,-0.0095240591615258,Brute Force,Low Threat,35,"[""Excessive failed login attempts (16 attempts exceeded threshold of 10)"", ""Escalated to Low Threat due to isolated active attack indicator on Normal ML baseline""]"
EVT00477,Normal,-0.0727758280246103,Privilege Escalation,Normal,5,"[""Activity aligns with standard operational baseline and security policies""]"
EVT00478,Normal,-0.0451919834132197,Port Scan,Normal,10,"[""Activity aligns with standard operational baseline and security policies""]"
EVT00479,Normal,-0.0178310570961436,Brute Force,Low Threat,40,"[""Excessive failed login attempts (16 attempts exceeded threshold of 10)"", ""Escalated to Low Threat due to isolated active attack indicator on Normal ML baseline""]"
EVT00480,Normal,-0.0536104324388247,SQL Injection,Normal,14,"[""Activity aligns with standard operational baseline and security policies""]"
EVT00481,Normal,-0.0621203518881797,SQL Injection,Normal,7,"[""Activity aligns with standard operational baseline and security policies""]"
EVT00482,Normal,-0.0438109070588949,Brute Force,Normal,19,"[""Activity aligns with standard operational baseline and security policies""]"
EVT00483,Normal,-0.0175076396498483,Brute Force,Normal,33,"[""Activity aligns with standard operational baseline and security policies""]"
EVT00484,Normal,-0.0270654350249749,Normal Activity,Normal,13,"[""Activity aligns with standard operational baseline and security policies""]"
EVT00485,Normal,-0.0143515061842095,Malware,Low Threat,40,"[""Malware payload or malicious signature detected"", ""Escalated to Low Threat due to isolated active attack indicator on Normal ML baseline""]"
EVT00486,Normal,-0.0733259025412238,SQL Injection,Normal,11,"[""Activity aligns with standard operational baseline and security policies""]"
EVT00487,Normal,-0.0640860907518037,Brute Force,Normal,15,"[""Activity aligns with standard operational baseline and security policies""]"
EVT00488,Normal,-0.0017910663168976,Brute Force,Medium Threat,55,"[""Excessive failed login attempts (18 attempts exceeded threshold of 10)"", ""Critical asset vulnerability present (CVSS 9.5)"", ""Escalated to Medium Threat due to strong active attack indicator combined with risk context on Normal ML baseline""]"
EVT00489,Normal,-0.0305505083792011,Port Scan,Normal,22,"[""Activity aligns with standard operational baseline and security policies""]"
EVT00490,Suspicious,0.0125553296140057,Brute Force,Critical Threat,60,"[""Elevated failed login attempts (5 attempts)"", ""Isolation Forest flagged event as anomalous (score: 0.012555)""]"
EVT00491,Normal,-0.0153364444751653,Brute Force,Low Threat,34,"[""Excessive failed login attempts (16 attempts exceeded threshold of 10)"", ""Escalated to Low Threat due to isolated active attack indicator on Normal ML baseline""]"
EVT00492,Suspicious,0.001400644217967,Brute Force,Critical Threat,60,"[""Elevated failed login attempts (10 attempts)"", ""Isolation Forest flagged event as anomalous (score: 0.001401)""]"
EVT00493,Normal,-0.0270045741663511,Port Scan,Normal,13,"[""Activity aligns with standard operational baseline and security policies""]"
EVT00494,Normal,-0.004094027180504,Brute Force,Low Threat,46,"[""Excessive failed login attempts (14 attempts exceeded threshold of 10)"", ""High asset vulnerability present (CVSS 7.1)"", ""Escalated to Low Threat due to isolated active attack indicator on Normal ML baseline""]"
EVT00495,Normal,-0.0694824096317762,File Access,Normal,15,"[""Activity aligns with standard operational baseline and security policies""]"
EVT00496,Normal,-0.0219039425567144,Privilege Escalation,Normal,28,"[""Activity aligns with standard operational baseline and security policies""]"
EVT00497,Normal,-0.0225366528445163,Privilege Escalation,Normal,20,"[""Activity aligns with standard operational baseline and security policies""]"
EVT00498,Normal,-0.0387850562405283,Malware,Low Threat,36,"[""Malware payload or malicious signature detected"", ""Escalated to Low Threat due to isolated active attack indicator on Normal ML baseline""]"
EVT00499,Normal,-0.0428227782060259,SQL Injection,Normal,10,"[""Activity aligns with standard operational baseline and security policies""]"
EVT00500,Normal,-0.0486450700622262,USB / Removable Media,Normal,9,"[""Activity aligns with standard operational baseline and security policies""]"
EVT00501,Normal,-0.0128315344699884,Brute Force,Low Threat,45,"[""Excessive failed login attempts (15 attempts exceeded threshold of 10)"", ""High asset vulnerability present (CVSS 8.4)"", ""Escalated to Low Threat due to isolated active attack indicator on Normal ML baseline""]"
EVT00502,Normal,-0.0600568720719419,Unauthorized File Access,Normal,7,"[""Activity aligns with standard operational baseline and security policies""]"
EVT00503,Normal,-0.0491714266166421,Brute Force,Normal,28,"[""Activity aligns with standard operational baseline and security policies""]"
EVT00504,Normal,-0.0331290825735778,USB / Removable Media,Normal,12,"[""Activity aligns with standard operational baseline and security policies""]"
EVT00505,Normal,-0.0645759192573781,Brute Force,Low Threat,26,"[""Elevated failed login attempts (7 attempts)"", ""Activity occurred outside standard operational hours (18:00)"", ""Minor escalation to Low Threat due to elevated failed logins with risk context on Normal ML baseline""]"
EVT00506,Normal,-0.0247824120344605,USB / Removable Media,Normal,25,"[""Activity aligns with standard operational baseline and security policies""]"
EVT00507,Normal,-0.0546182837445627,SQL Injection,Normal,24,"[""Activity aligns with standard operational baseline and security policies""]"
EVT00508,Normal,-0.0542443969094669,Port Scan,Normal,24,"[""Activity aligns with standard operational baseline and security policies""]"
EVT00509,Normal,-0.0503853623658219,Phishing,Normal,25,"[""Activity aligns with standard operational baseline and security policies""]"
EVT00510,Normal,-0.0796769705369161,SQL Injection,Normal,16,"[""Activity aligns with standard operational baseline and security policies""]"
EVT00511,Normal,-0.0063568172715795,Brute Force,Low Threat,42,"[""Elevated failed login attempts (10 attempts)"", ""Activity occurred outside standard operational hours (18:00)"", ""Minor escalation to Low Threat due to elevated failed logins with risk context on Normal ML baseline""]"
EVT00512,Normal,-0.0258568133250938,Malware,Medium Threat,43,"[""Malware payload or malicious signature detected"", ""Activity occurred outside standard operational hours (18:00)"", ""Escalated to Medium Threat due to strong active attack indicator combined with risk context on Normal ML baseline""]"
EVT00513,Normal,-0.0423199515920882,Phishing,Normal,30,"[""Activity aligns with standard operational baseline and security policies""]"
EVT00514,Normal,-0.0275475669322606,Privilege Escalation,Normal,19,"[""Activity aligns with standard operational baseline and security policies""]"
EVT00515,Normal,-0.0226480987140565,Malware,Medium Threat,50,"[""Malware payload or malicious signature detected"", ""Activity occurred outside standard operational hours (18:00)"", ""Escalated to Medium Threat due to strong active attack indicator combined with risk context on Normal ML baseline""]"
EVT00516,Normal,-0.0600584245632274,SQL Injection,Normal,23,"[""Activity aligns with standard operational baseline and security policies""]"
EVT00517,Normal,-0.0431988287724968,Brute Force,Low Threat,29,"[""Elevated failed login attempts (9 attempts)"", ""Activity occurred outside standard operational hours (19:00)"", ""Minor escalation to Low Threat due to elevated failed logins with risk context on Normal ML baseline""]"
EVT00518,Normal,-0.0704112499161451,Unauthorized File Access,Normal,11,"[""Activity aligns with standard operational baseline and security policies""]"
EVT00519,Normal,-0.0564289370004157,Phishing,Normal,20,"[""Activity aligns with standard operational baseline and security policies""]"
EVT00520,Normal,-0.055749382997018,Brute Force,Medium Threat,44,"[""Excessive failed login attempts (12 attempts exceeded threshold of 10)"", ""Activity occurred outside standard operational hours (19:00)"", ""Escalated to Medium Threat due to strong active attack indicator combined with risk context on Normal ML baseline""]"
EVT00521,Normal,-0.0766433270628781,Unauthorized File Access,Normal,10,"[""Activity aligns with standard operational baseline and security policies""]"
EVT00522,Normal,-0.0239834042763364,Brute Force,Medium Threat,49,"[""Excessive failed login attempts (19 attempts exceeded threshold of 10)"", ""Activity occurred outside standard operational hours (19:00)"", ""Escalated to Medium Threat due to strong active attack indicator combined with risk context on Normal ML baseline""]"
EVT00523,Normal,-0.026096287974048,Brute Force,Medium Threat,43,"[""Excessive failed login attempts (16 attempts exceeded threshold of 10)"", ""Activity occurred outside standard operational hours (19:00)"", ""Escalated to Medium Threat due to strong active attack indicator combined with risk context on Normal ML baseline""]"
EVT00524,Normal,-0.0350977952076926,Malware,Medium Threat,47,"[""Malware payload or malicious signature detected"", ""Activity occurred outside standard operational hours (19:00)"", ""Escalated to Medium Threat due to strong active attack indicator combined with risk context on Normal ML baseline""]"
EVT00525,Normal,-0.0295346434786042,Brute Force,Medium Threat,48,"[""Excessive failed login attempts (15 attempts exceeded threshold of 10)"", ""Activity occurred outside standard operational hours (19:00)"", ""Escalated to Medium Threat due to strong active attack indicator combined with risk context on Normal ML baseline""]"
EVT00526,Normal,-0.0042553019213941,Brute Force,Medium Threat,53,"[""Excessive failed login attempts (20 attempts exceeded threshold of 10)"", ""Activity occurred outside standard operational hours (19:00)"", ""Escalated to Medium Threat due to strong active attack indicator combined with risk context on Normal ML baseline""]"
EVT00527,Normal,-0.0257987749959214,Unauthorized File Access,Normal,19,"[""Activity aligns with standard operational baseline and security policies""]"
EVT00528,Normal,-0.0194524034977454,Malware,Medium Threat,54,"[""Malware payload or malicious signature detected"", ""High asset vulnerability present (CVSS 8.3)"", ""Activity occurred outside standard operational hours (19:00)"", ""Escalated to Medium Threat due to strong active attack indicator combined with risk context on Normal ML baseline""]"
EVT00529,Normal,-0.0508089339145116,Brute Force,Low Threat,28,"[""Elevated failed login attempts (9 attempts)"", ""Activity occurred outside standard operational hours (20:00)"", ""Minor escalation to Low Threat due to elevated failed logins with risk context on Normal ML baseline""]"
EVT00530,Normal,-0.0378127906142602,Brute Force,Low Threat,30,"[""Elevated failed login attempts (5 attempts)"", ""Activity occurred outside standard operational hours (20:00)"", ""Minor escalation to Low Threat due to elevated failed logins with risk context on Normal ML baseline""]"
EVT00531,Normal,-0.0264184766079554,Privilege Escalation,Normal,25,"[""Activity aligns with standard operational baseline and security policies""]"
EVT00532,Normal,-0.0773813797823124,Unauthorized File Access,Normal,16,"[""Activity aligns with standard operational baseline and security policies""]"
EVT00533,Normal,-0.046078310546696,Port Scan,Normal,25,"[""Activity aligns with standard operational baseline and security policies""]"
EVT00534,Normal,-0.0103384740379051,Malware,Medium Threat,46,"[""Malware payload or malicious signature detected"", ""Activity occurred outside standard operational hours (20:00)"", ""Escalated to Medium Threat due to strong active attack indicator combined with risk context on Normal ML baseline""]"
EVT00535,Normal,-0.032806527759531,Malware,Medium Threat,52,"[""Malware payload or malicious signature detected"", ""High asset vulnerability present (CVSS 8.1)"", ""Activity occurred outside standard operational hours (20:00)"", ""Escalated to Medium Threat due to strong active attack indicator combined with risk context on Normal ML baseline""]"
EVT00536,Normal,-0.0669845171740295,SQL Injection,Normal,22,"[""Activity aligns with standard operational baseline and security policies""]"
EVT00537,Normal,-0.0224050274556482,Malware,Medium Threat,54,"[""Malware payload or malicious signature detected"", ""High asset vulnerability present (CVSS 7.5)"", ""Activity occurred outside standard operational hours (20:00)"", ""Escalated to Medium Threat due to strong active attack indicator combined with risk context on Normal ML baseline""]"
EVT00538,Normal,-0.0520786051328446,Unauthorized File Access,Normal,24,"[""Activity aligns with standard operational baseline and security policies""]"
EVT00539,Normal,-0.0102948083925437,Malware,Medium Threat,56,"[""Malware payload or malicious signature detected"", ""High asset vulnerability present (CVSS 7.8)"", ""Activity occurred outside standard operational hours (20:00)"", ""Escalated to Medium Threat due to strong active attack indicator combined with risk context on Normal ML baseline""]"
EVT00540,Normal,-0.0453321768539988,Brute Force,Medium Threat,40,"[""Excessive failed login attempts (12 attempts exceeded threshold of 10)"", ""Activity occurred outside standard operational hours (20:00)"", ""Escalated to Medium Threat due to strong active attack indicator combined with risk context on Normal ML baseline""]"
EVT00541,Normal,-0.0322999027409491,Malware,Medium Threat,48,"[""Malware payload or malicious signature detected"", ""Activity occurred outside standard operational hours (21:00)"", ""Escalated to Medium Threat due to strong active attack indicator combined with risk context on Normal ML baseline""]"
EVT00542,Normal,-0.0511043317997697,Malware,Medium Threat,39,"[""Malware payload or malicious signature detected"", ""Activity occurred outside standard operational hours (21:00)"", ""Escalated to Medium Threat due to strong active attack indicator combined with risk context on Normal ML baseline""]"
EVT00543,Normal,-0.0634304793302459,SQL Injection,Normal,12,"[""Activity aligns with standard operational baseline and security policies""]"
EVT00544,Normal,-0.033643764098638,Brute Force,Medium Threat,52,"[""Excessive failed login attempts (20 attempts exceeded threshold of 10)"", ""High asset vulnerability present (CVSS 8.2)"", ""Activity occurred outside standard operational hours (21:00)"", ""Escalated to Medium Threat due to strong active attack indicator combined with risk context on Normal ML baseline""]"
EVT00545,Normal,-0.0784994107165784,Unauthorized File Access,Normal,16,"[""Activity aligns with standard operational baseline and security policies""]"
EVT00546,Normal,-0.0804911108610857,Unauthorized File Access,Normal,9,"[""Activity aligns with standard operational baseline and security policies""]"
EVT00547,Normal,-0.0410921078958736,Brute Force,Low Threat,44,"[""Elevated failed login attempts (4 attempts)"", ""Critical asset vulnerability present (CVSS 9.4)"", ""Activity occurred outside standard operational hours (21:00)"", ""Minor escalation to Low Threat due to elevated failed logins with risk context on Normal ML baseline""]"
EVT00548,Normal,-0.0276813980568114,Port Scan,Normal,33,"[""Activity aligns with standard operational baseline and security policies""]"
EVT00549,Normal,-0.0294461607984466,USB / Removable Media,Normal,24,"[""Activity aligns with standard operational baseline and security policies""]"
EVT00550,Normal,-0.0040514176747427,Malware,Medium Threat,47,"[""Malware payload or malicious signature detected"", ""Activity occurred outside standard operational hours (21:00)"", ""Escalated to Medium Threat due to strong active attack indicator combined with risk context on Normal ML baseline""]"
EVT00551,Normal,-0.055744785347123,Phishing,Normal,20,"[""Activity aligns with standard operational baseline and security policies""]"
EVT00552,Normal,-0.0488654564767908,Brute Force,Low Threat,28,"[""Elevated failed login attempts (8 attempts)"", ""Activity occurred outside standard operational hours (21:00)"", ""Minor escalation to Low Threat due to elevated failed logins with risk context on Normal ML baseline""]"
EVT00553,Normal,-0.0618512248002012,SQL Injection,Low Threat,31,"[""Critical asset vulnerability present (CVSS 9.1)"", ""Activity occurred outside standard operational hours (22:00)"", ""Minor escalation to Low Threat due to critical asset vulnerability and after-hours context on Normal ML baseline""]"
EVT00554,Normal,-0.0571923792494016,Privilege Escalation,Normal,19,"[""Activity aligns with standard operational baseline and security policies""]"
EVT00555,Normal,-0.061624912022722,Privilege Escalation,Normal,13,"[""Activity aligns with standard operational baseline and security policies""]"
EVT00556,Normal,-0.0468225168077423,SQL Injection,Normal,15,"[""Activity aligns with standard operational baseline and security policies""]"
EVT00557,Normal,-0.0340004726209645,Port Scan,Normal,28,"[""Activity aligns with standard operational baseline and security policies""]"
EVT00558,Normal,-0.0416155638047791,Brute Force,Low Threat,30,"[""Elevated failed login attempts (4 attempts)"", ""Activity occurred outside standard operational hours (22:00)"", ""Minor escalation to Low Threat due to elevated failed logins with risk context on Normal ML baseline""]"
EVT00559,Normal,-0.0364927970465626,Port Scan,Normal,27,"[""Activity aligns with standard operational baseline and security policies""]"
EVT00560,Normal,-0.0465627670257788,SQL Injection,Normal,21,"[""Activity aligns with standard operational baseline and security policies""]"
EVT00561,Normal,-0.0662183803678932,SQL Injection,Normal,12,"[""Activity aligns with standard operational baseline and security policies""]"
EVT00562,Normal,-0.0128943001071495,Brute Force,Medium Threat,45,"[""Excessive failed login attempts (12 attempts exceeded threshold of 10)"", ""Activity occurred outside standard operational hours (22:00)"", ""Escalated to Medium Threat due to strong active attack indicator combined with risk context on Normal ML baseline""]"
EVT00563,Normal,-0.0040814287752592,Brute Force,Medium Threat,47,"[""Excessive failed login attempts (18 attempts exceeded threshold of 10)"", ""Activity occurred outside standard operational hours (22:00)"", ""Escalated to Medium Threat due to strong active attack indicator combined with risk context on Normal ML baseline""]"
EVT00564,Normal,-0.0507184091738256,Port Scan,Normal,21,"[""Activity aligns with standard operational baseline and security policies""]"
EVT00565,Normal,-0.0458290095108759,Port Scan,Normal,15,"[""Activity aligns with standard operational baseline and security policies""]"
EVT00566,Normal,-0.0412300638376365,Phishing,Normal,30,"[""Activity aligns with standard operational baseline and security policies""]"
EVT00567,Normal,-0.0484018770647037,USB / Removable Media,Normal,21,"[""Activity aligns with standard operational baseline and security policies""]"
EVT00568,Normal,-0.028750484727933,Malware,Medium Threat,52,"[""Malware payload or malicious signature detected"", ""High asset vulnerability present (CVSS 7.8)"", ""Activity occurred outside standard operational hours (23:00)"", ""Escalated to Medium Threat due to strong active attack indicator combined with risk context on Normal ML baseline""]"
EVT00569,Normal,-0.0483757808100245,Port Scan,Normal,15,"[""Activity aligns with standard operational baseline and security policies""]"
EVT00570,Normal,-0.0228551029208967,Phishing,Normal,34,"[""Activity aligns with standard operational baseline and security policies""]"
EVT00571,Normal,-0.0687559945653645,SQL Injection,Normal,17,"[""Activity aligns with standard operational baseline and security policies""]"
EVT00572,Suspicious,0.0043126082885566,Malware,Critical Threat,79,"[""Malware payload or malicious signature detected"", ""Critical asset vulnerability present (CVSS 9.0)"", ""Activity occurred outside standard operational hours (23:00)"", ""Isolation Forest flagged event as anomalous (score: 0.004313)""]"
EVT00573,Normal,-0.0523390304329534,Brute Force,Medium Threat,38,"[""Excessive failed login attempts (13 attempts exceeded threshold of 10)"", ""Activity occurred outside standard operational hours (23:00)"", ""Escalated to Medium Threat due to strong active attack indicator combined with risk context on Normal ML baseline""]"
EVT00574,Normal,-0.0586742866171911,USB / Removable Media,Normal,13,"[""Activity aligns with standard operational baseline and security policies""]"
EVT00575,Normal,-0.0620499901375538,Privilege Escalation,Normal,19,"[""Activity aligns with standard operational baseline and security policies""]"
EVT00576,Normal,-0.0179369899837515,Brute Force,Medium Threat,44,"[""Excessive failed login attempts (11 attempts exceeded threshold of 10)"", ""Activity occurred outside standard operational hours (23:00)"", ""Escalated to Medium Threat due to strong active attack indicator combined with risk context on Normal ML baseline""]"
EVT00577,Normal,-0.0073003598481893,Malware,Medium Threat,46,"[""Malware payload or malicious signature detected"", ""Activity occurred outside standard operational hours (00:00)"", ""Escalated to Medium Threat due to strong active attack indicator combined with risk context on Normal ML baseline""]"
EVT00578,Normal,-0.0489872102577198,Brute Force,Medium Threat,45,"[""Excessive failed login attempts (17 attempts exceeded threshold of 10)"", ""Activity occurred outside standard operational hours (00:00)"", ""Escalated to Medium Threat due to strong active attack indicator combined with risk context on Normal ML baseline""]"
EVT00579,Normal,-0.0582086406288845,Privilege Escalation,Normal,23,"[""Activity aligns with standard operational baseline and security policies""]"
EVT00580,Normal,-0.0230965541359244,Malware,Medium Threat,53,"[""Malware payload or malicious signature detected"", ""High asset vulnerability present (CVSS 8.4)"", ""Activity occurred outside standard operational hours (00:00)"", ""Escalated to Medium Threat due to strong active attack indicator combined with risk context on Normal ML baseline""]"
EVT00581,Normal,-0.0488331843539154,Port Scan,Normal,15,"[""Activity aligns with standard operational baseline and security policies""]"
EVT00582,Normal,-0.032882156519934,Brute Force,Medium Threat,48,"[""Excessive failed login attempts (15 attempts exceeded threshold of 10)"", ""Activity occurred outside standard operational hours (00:00)"", ""Escalated to Medium Threat due to strong active attack indicator combined with risk context on Normal ML baseline""]"
EVT00583,Normal,-0.0523602005820061,Unauthorized File Access,Normal,14,"[""Activity aligns with standard operational baseline and security policies""]"
EVT00584,Normal,-0.0513777175096172,Brute Force,Low Threat,38,"[""Elevated failed login attempts (7 attempts)"", ""High asset vulnerability present (CVSS 7.2)"", ""Activity occurred outside standard operational hours (00:00)"", ""Minor escalation to Low Threat due to elevated failed logins with risk context on Normal ML baseline""]"
EVT00585,Normal,-0.0580656318347457,Phishing,Normal,13,"[""Activity aligns with standard operational baseline and security policies""]"
EVT00586,Normal,-0.0323801792760513,Malware,Medium Threat,48,"[""Malware payload or malicious signature detected"", ""Activity occurred outside standard operational hours (00:00)"", ""Escalated to Medium Threat due to strong active attack indicator combined with risk context on Normal ML baseline""]"
EVT00587,Normal,-0.0723050361110433,Privilege Escalation,Normal,11,"[""Activity aligns with standard operational baseline and security policies""]"
EVT00588,Normal,-0.0435848313632319,Unauthorized File Access,Normal,22,"[""Activity aligns with standard operational baseline and security policies""]"
EVT00589,Normal,-0.0295641865492202,Phishing,Normal,18,"[""Activity aligns with standard operational baseline and security policies""]"
EVT00590,Normal,-0.0421874369665716,Brute Force,Low Threat,30,"[""Elevated failed login attempts (8 attempts)"", ""Activity occurred outside standard operational hours (01:00)"", ""Minor escalation to Low Threat due to elevated failed logins with risk context on Normal ML baseline""]"
EVT00591,Normal,-0.0569228218943212,SQL Injection,Normal,20,"[""Activity aligns with standard operational baseline and security policies""]"
EVT00592,Normal,-0.046028392584544,Port Scan,Normal,15,"[""Activity aligns with standard operational baseline and security policies""]"
EVT00593,Normal,-0.0220933148783213,Malware,Medium Threat,58,"[""Malware payload or malicious signature detected"", ""Critical asset vulnerability present (CVSS 9.7)"", ""Activity occurred outside standard operational hours (01:00)"", ""Escalated to Medium Threat due to strong active attack indicator combined with risk context on Normal ML baseline""]"
EVT00594,Normal,-0.0304663238516622,Malware,Medium Threat,48,"[""Malware payload or malicious signature detected"", ""Activity occurred outside standard operational hours (01:00)"", ""Escalated to Medium Threat due to strong active attack indicator combined with risk context on Normal ML baseline""]"
EVT00595,Normal,-0.0461284468011024,Brute Force,Low Threat,37,"[""Single failed login attempt recorded (1 attempt)"", ""Critical asset vulnerability present (CVSS 9.2)"", ""Activity occurred outside standard operational hours (01:00)"", ""Minor escalation to Low Threat due to critical asset vulnerability and after-hours context on Normal ML baseline""]"
EVT00596,Normal,-0.0447334627709906,Brute Force,Normal,19,"[""Activity aligns with standard operational baseline and security policies""]"
EVT00597,Normal,-0.0301267330070493,Normal Activity,Normal,21,"[""Activity aligns with standard operational baseline and security policies""]"
EVT00598,Normal,-0.060671735292968,Privilege Escalation,Normal,19,"[""Activity aligns with standard operational baseline and security policies""]"
EVT00599,Normal,-0.0664166697751971,Brute Force,Low Threat,31,"[""Elevated failed login attempts (4 attempts)"", ""Activity occurred outside standard operational hours (01:00)"", ""Minor escalation to Low Threat due to elevated failed logins with risk context on Normal ML baseline""]"
EVT00600,Normal,-0.056693920858136,SQL Injection,Normal,20,"[""Activity aligns with standard operational baseline and security policies""]"
EVT00601,Normal,-0.0581080362819628,Privilege Escalation,Low Threat,32,"[""Critical asset vulnerability present (CVSS 9.3)"", ""Activity occurred outside standard operational hours (02:00)"", ""Minor escalation to Low Threat due to critical asset vulnerability and after-hours context on Normal ML baseline""]"
EVT00602,Normal,-0.0241163567562974,Normal Activity,Normal,32,"[""Activity aligns with standard operational baseline and security policies""]"
EVT00603,Normal,-0.0572136452933196,SQL Injection,Normal,23,"[""Activity aligns with standard operational baseline and security policies""]"
EVT00604,Normal,-0.0239708192860628,Brute Force,Medium Threat,43,"[""Excessive failed login attempts (14 attempts exceeded threshold of 10)"", ""Activity occurred outside standard operational hours (02:00)"", ""Escalated to Medium Threat due to strong active attack indicator combined with risk context on Normal ML baseline""]"
EVT00605,Normal,-0.0532736949457392,Unauthorized File Access,Normal,24,"[""Activity aligns with standard operational baseline and security policies""]"
EVT00606,Normal,-0.0406271415584837,Brute Force,Low Threat,30,"[""Elevated failed login attempts (7 attempts)"", ""Activity occurred outside standard operational hours (02:00)"", ""Minor escalation to Low Threat due to elevated failed logins with risk context on Normal ML baseline""]"
EVT00607,Normal,-0.0513496182897798,Brute Force,Normal,28,"[""Activity aligns with standard operational baseline and security policies""]"
EVT00608,Normal,-0.0395748077184794,Brute Force,Medium Threat,41,"[""Excessive failed login attempts (13 attempts exceeded threshold of 10)"", ""Activity occurred outside standard operational hours (02:00)"", ""Escalated to Medium Threat due to strong active attack indicator combined with risk context on Normal ML baseline""]"
EVT00609,Suspicious,0.0031159307947151,Brute Force,Critical Threat,74,"[""Excessive failed login attempts (13 attempts exceeded threshold of 10)"", ""High asset vulnerability present (CVSS 7.9)"", ""Activity occurred outside standard operational hours (02:00)"", ""Isolation Forest flagged event as anomalous (score: 0.003116)""]"
EVT00610,Normal,-0.0651769139586636,Privilege Escalation,Normal,12,"[""Activity aligns with standard operational baseline and security policies""]"
EVT00611,Normal,-0.0255005103785399,Malware,Medium Threat,49,"[""Malware payload or malicious signature detected"", ""Activity occurred outside standard operational hours (02:00)"", ""Escalated to Medium Threat due to strong active attack indicator combined with risk context on Normal ML baseline""]"
EVT00612,Normal,-0.0522631487844194,Brute Force,Normal,27,"[""Activity aligns with standard operational baseline and security policies""]"
EVT00613,Normal,-0.0646943079083747,SQL Injection,Normal,12,"[""Activity aligns with standard operational baseline and security policies""]"
EVT00614,Normal,-0.0373085623744819,Brute Force,Low Threat,40,"[""Elevated failed login attempts (9 attempts)"", ""High asset vulnerability present (CVSS 7.6)"", ""Activity occurred outside standard operational hours (03:00)"", ""Minor escalation to Low Threat due to elevated failed logins with risk context on Normal ML baseline""]"
EVT00615,Normal,-0.0673159964868793,SQL Injection,Normal,12,"[""Activity aligns with standard operational baseline and security policies""]"
EVT00616,Normal,-0.0341734288533484,USB / Removable Media,Normal,24,"[""Activity aligns with standard operational baseline and security policies""]"
EVT00617,Normal,-0.096176228893848,Unauthorized File Access,Normal,17,"[""Activity aligns with standard operational baseline and security policies""]"
EVT00618,Normal,-0.0331755950016848,Normal Activity,Normal,21,"[""Activity aligns with standard operational baseline and security policies""]"
EVT00619,Normal,-0.0405519289585959,Malware,Medium Threat,40,"[""Malware payload or malicious signature detected"", ""Activity occurred outside standard operational hours (03:00)"", ""Escalated to Medium Threat due to strong active attack indicator combined with risk context on Normal ML baseline""]"
EVT00620,Normal,-0.0622274127316996,SQL Injection,Normal,23,"[""Activity aligns with standard operational baseline and security policies""]"
EVT00621,Normal,-0.0274989424403769,Brute Force,Medium Threat,49,"[""Excessive failed login attempts (19 attempts exceeded threshold of 10)"", ""Activity occurred outside standard operational hours (03:00)"", ""Escalated to Medium Threat due to strong active attack indicator combined with risk context on Normal ML baseline""]"
EVT00622,Normal,-0.0217958133977018,USB / Removable Media,Normal,26,"[""Activity aligns with standard operational baseline and security policies""]"
EVT00623,Normal,-0.0734897710792206,SQL Injection,Normal,11,"[""Activity aligns with standard operational baseline and security policies""]"
EVT00624,Normal,-0.0261771478419701,Normal Activity,Normal,22,"[""Activity aligns with standard operational baseline and security policies""]"
EVT00625,Normal,-0.0808649291278638,Brute Force,Low Threat,29,"[""Elevated failed login attempts (6 attempts)"", ""Activity occurred outside standard operational hours (04:00)"", ""Minor escalation to Low Threat due to elevated failed logins with risk context on Normal ML baseline""]"
EVT00626,Normal,-0.0616606692084402,Normal Activity,Normal,22,"[""Activity aligns with standard operational baseline and security policies""]"
EVT00627,Normal,-0.0563243191950648,Phishing,Normal,14,"[""Activity aligns with standard operational baseline and security policies""]"
EVT00628,Normal,-0.0335865622132484,Privilege Escalation,Normal,18,"[""Activity aligns with standard operational baseline and security policies""]"
EVT00629,Normal,-0.0398520738857577,Port Scan,Normal,27,"[""Activity aligns with standard operational baseline and security policies""]"
EVT00630,Normal,-0.0714730127104347,Phishing,Normal,17,"[""Activity aligns with standard operational baseline and security policies""]"
EVT00631,Normal,-0.0303968487392293,Brute Force,Medium Threat,48,"[""Excessive failed login attempts (18 attempts exceeded threshold of 10)"", ""Activity occurred outside standard operational hours (04:00)"", ""Escalated to Medium Threat due to strong active attack indicator combined with risk context on Normal ML baseline""]"
EVT00632,Normal,-0.065537440868564,Unauthorized File Access,Normal,22,"[""Activity aligns with standard operational baseline and security policies""]"
EVT00633,Normal,-0.0482130650766671,Port Scan,Normal,25,"[""Activity aligns with standard operational baseline and security policies""]"
EVT00634,Normal,-0.0458282745270019,Unauthorized File Access,Normal,15,"[""Activity aligns with standard operational baseline and security policies""]"
EVT00635,Normal,-0.0099440819841781,Brute Force,Medium Threat,56,"[""Excessive failed login attempts (12 attempts exceeded threshold of 10)"", ""High asset vulnerability present (CVSS 8.0)"", ""Activity occurred outside standard operational hours (04:00)"", ""Escalated to Medium Threat due to strong active attack indicator combined with risk context on Normal ML baseline""]"
EVT00636,Normal,-0.0523408509528785,SQL Injection,Normal,20,"[""Activity aligns with standard operational baseline and security policies""]"
EVT00637,Normal,-0.0031219135355001,Brute Force,Medium Threat,57,"[""Excessive failed login attempts (18 attempts exceeded threshold of 10)"", ""High asset vulnerability present (CVSS 7.6)"", ""Activity occurred outside standard operational hours (05:00)"", ""Escalated to Medium Threat due to strong active attack indicator combined with risk context on Normal ML baseline""]"
EVT00638,Normal,-0.0495655395505961,Phishing,Normal,25,"[""Activity aligns with standard operational baseline and security policies""]"
EVT00639,Normal,-0.0759956184743337,Brute Force,Normal,13,"[""Activity aligns with standard operational baseline and security policies""]"
EVT00640,Normal,-0.0519405014610951,Phishing,Normal,20,"[""Activity aligns with standard operational baseline and security policies""]"
EVT00641,Normal,-0.0334557092843824,USB / Removable Media,Normal,32,"[""Activity aligns with standard operational baseline and security policies""]"
EVT00642,Normal,-0.0359162674638735,Malware,Medium Threat,47,"[""Malware payload or malicious signature detected"", ""Activity occurred outside standard operational hours (05:00)"", ""Escalated to Medium Threat due to strong active attack indicator combined with risk context on Normal ML baseline""]"
EVT00643,Normal,-0.0363221577117582,Malware,Medium Threat,41,"[""Malware payload or malicious signature detected"", ""Activity occurred outside standard operational hours (05:00)"", ""Escalated to Medium Threat due to strong active attack indicator combined with risk context on Normal ML baseline""]"
EVT00644,Normal,-0.0626679493164397,Phishing,Normal,13,"[""Activity aligns with standard operational baseline and security policies""]"
EVT00645,Normal,-0.0534648447068747,USB / Removable Media,Normal,14,"[""Activity aligns with standard operational baseline and security policies""]"
EVT00646,Normal,-0.050715596643071,Brute Force,Medium Threat,45,"[""Excessive failed login attempts (12 attempts exceeded threshold of 10)"", ""Activity occurred outside standard operational hours (05:00)"", ""Escalated to Medium Threat due to strong active attack indicator combined with risk context on Normal ML baseline""]"
EVT00647,Normal,-0.0613785538071892,SQL Injection,Normal,23,"[""Activity aligns with standard operational baseline and security policies""]"
EVT00648,Normal,-0.0270699932972849,Brute Force,Low Threat,38,"[""Elevated failed login attempts (7 attempts)"", ""Activity occurred outside standard operational hours (05:00)"", ""Minor escalation to Low Threat due to elevated failed logins with risk context on Normal ML baseline""]"
EVT00649,Normal,-0.0430966095496959,USB / Removable Media,Normal,30,"[""Activity aligns with standard operational baseline and security policies""]"
EVT00650,Normal,-0.0293723787498981,Phishing,Normal,32,"[""Activity aligns with standard operational baseline and security policies""]"
EVT00651,Normal,-0.0535922940140068,Port Scan,Normal,20,"[""Activity aligns with standard operational baseline and security policies""]"
EVT00652,Normal,-0.0668902172696644,Brute Force,Normal,25,"[""Activity aligns with standard operational baseline and security policies""]"
EVT00653,Normal,-0.0465858204919267,Phishing,Normal,15,"[""Activity aligns with standard operational baseline and security policies""]"
EVT00654,Normal,-0.0148925841796098,USB / Removable Media,Normal,27,"[""Activity aligns with standard operational baseline and security policies""]"
EVT00655,Normal,-0.0471990359245839,SQL Injection,Normal,21,"[""Activity aligns with standard operational baseline and security policies""]"
EVT00656,Normal,-0.0295303821209643,Port Scan,Normal,18,"[""Activity aligns with standard operational baseline and security policies""]"
EVT00657,Normal,-0.0584205754055102,USB / Removable Media,Normal,13,"[""Activity aligns with standard operational baseline and security policies""]"
EVT00658,Normal,-0.0359256492844242,Brute Force,Medium Threat,55,"[""Excessive failed login attempts (13 attempts exceeded threshold of 10)"", ""Critical asset vulnerability present (CVSS 9.8)"", ""Activity occurred outside standard operational hours (06:00)"", ""Escalated to Medium Threat due to strong active attack indicator combined with risk context on Normal ML baseline""]"
EVT00659,Normal,-0.0359550674033403,Brute Force,Low Threat,41,"[""Elevated failed login attempts (6 attempts)"", ""High asset vulnerability present (CVSS 7.3)"", ""Activity occurred outside standard operational hours (06:00)"", ""Minor escalation to Low Threat due to elevated failed logins with risk context on Normal ML baseline""]"
EVT00660,Normal,-0.0311015614514229,Brute Force,Low Threat,32,"[""Elevated failed login attempts (4 attempts)"", ""Activity occurred outside standard operational hours (06:00)"", ""Minor escalation to Low Threat due to elevated failed logins with risk context on Normal ML baseline""]"
EVT00661,Normal,-0.0564182317229496,Unauthorized File Access,Normal,14,"[""Activity aligns with standard operational baseline and security policies""]"
EVT00662,Normal,-0.043303617015068,USB / Removable Media,Normal,16,"[""Activity aligns with standard operational baseline and security policies""]"
EVT00663,Normal,-0.0611591247336374,Port Scan,Normal,13,"[""Activity aligns with standard operational baseline and security policies""]"
EVT00664,Normal,-0.0601541110385067,Unauthorized File Access,Normal,19,"[""Activity aligns with standard operational baseline and security policies""]"
EVT00665,Suspicious,0.0120168250830362,Port Scan,Critical Threat,56,"[""Critical asset vulnerability present (CVSS 9.8)"", ""Activity occurred outside standard operational hours (07:00)"", ""Isolation Forest flagged event as anomalous (score: 0.012017)""]"
EVT00666,Normal,-0.0334594557648216,Port Scan,Normal,18,"[""Activity aligns with standard operational baseline and security policies""]"
EVT00667,Normal,-0.0536492572914457,Brute Force,Normal,14,"[""Activity aligns with standard operational baseline and security policies""]"
EVT00668,Normal,-0.0891738915205493,Unauthorized File Access,Normal,14,"[""Activity aligns with standard operational baseline and security policies""]"
EVT00669,Normal,-0.0183479961011419,Port Scan,Normal,34,"[""Activity aligns with standard operational baseline and security policies""]"
EVT00670,Normal,-0.0370044951963015,Privilege Escalation,Normal,17,"[""Activity aligns with standard operational baseline and security policies""]"
EVT00671,Normal,-0.0230479671116107,Privilege Escalation,Normal,33,"[""Activity aligns with standard operational baseline and security policies""]"
EVT00672,Normal,-0.0476139827378115,Phishing,Normal,15,"[""Activity aligns with standard operational baseline and security policies""]"
EVT00673,Normal,-0.0501971727724813,Port Scan,Normal,15,"[""Activity aligns with standard operational baseline and security policies""]"
EVT00674,Normal,-0.0205199118673226,Brute Force,Low Threat,33,"[""Excessive failed login attempts (18 attempts exceeded threshold of 10)"", ""Escalated to Low Threat due to isolated active attack indicator on Normal ML baseline""]"
EVT00675,Normal,-0.0767345250199456,SQL Injection,Normal,14,"[""Activity aligns with standard operational baseline and security policies""]"
EVT00676,Normal,-0.0250465868868418,USB / Removable Media,Normal,13,"[""Activity aligns with standard operational baseline and security policies""]"
EVT00677,Normal,-0.0149079152048621,Brute Force,Low Threat,34,"[""Excessive failed login attempts (19 attempts exceeded threshold of 10)"", ""Escalated to Low Threat due to isolated active attack indicator on Normal ML baseline""]"
EVT00678,Normal,-0.0453314078059999,Brute Force,Normal,13,"[""Activity aligns with standard operational baseline and security policies""]"
EVT00679,Normal,-0.0305189184180959,Brute Force,Low Threat,32,"[""Excessive failed login attempts (18 attempts exceeded threshold of 10)"", ""Escalated to Low Threat due to isolated active attack indicator on Normal ML baseline""]"
EVT00680,Normal,-0.045488920978006,USB / Removable Media,Normal,20,"[""Activity aligns with standard operational baseline and security policies""]"
EVT00681,Normal,-0.0720528202579499,SQL Injection,Normal,5,"[""Activity aligns with standard operational baseline and security policies""]"
EVT00682,Normal,-0.0630529526505572,SQL Injection,Normal,6,"[""Activity aligns with standard operational baseline and security policies""]"
EVT00683,Normal,-0.0336303972356774,USB / Removable Media,Normal,22,"[""Activity aligns with standard operational baseline and security policies""]"
EVT00684,Normal,-0.0343314581986005,SQL Injection,Normal,21,"[""Activity aligns with standard operational baseline and security policies""]"
EVT00685,Normal,-0.0531122350066629,Privilege Escalation,Normal,8,"[""Activity aligns with standard operational baseline and security policies""]"
EVT00686,Normal,-0.0543919432413801,Brute Force,Normal,17,"[""Activity aligns with standard operational baseline and security policies""]"
EVT00687,Normal,-0.0445227920656815,Port Scan,Normal,16,"[""Activity aligns with standard operational baseline and security policies""]"
EVT00688,Normal,-0.0509002859430028,Brute Force,Low Threat,38,"[""Excessive failed login attempts (12 attempts exceeded threshold of 10)"", ""High asset vulnerability present (CVSS 8.6)"", ""Escalated to Low Threat due to isolated active attack indicator on Normal ML baseline""]"
EVT00689,Normal,-0.0351390777287058,Brute Force,Low Threat,31,"[""Excessive failed login attempts (16 attempts exceeded threshold of 10)"", ""Escalated to Low Threat due to isolated active attack indicator on Normal ML baseline""]"
EVT00690,Normal,-0.0443958532010613,Port Scan,Normal,10,"[""Activity aligns with standard operational baseline and security policies""]"
EVT00691,Normal,-0.0728166353841712,SQL Injection,Normal,11,"[""Activity aligns with standard operational baseline and security policies""]"
EVT00692,Normal,-0.0469962999848603,Brute Force,Normal,18,"[""Activity aligns with standard operational baseline and security policies""]"
EVT00693,Normal,-0.0593933299690428,Brute Force,Normal,16,"[""Activity aligns with standard operational baseline and security policies""]"
EVT00694,Normal,-0.0488460403001362,Port Scan,Normal,23,"[""Activity aligns with standard operational baseline and security policies""]"
EVT00695,Normal,-0.0710413417190302,Unauthorized File Access,Normal,11,"[""Activity aligns with standard operational baseline and security policies""]"
EVT00696,Normal,-0.0215224147797085,Brute Force,Low Threat,33,"[""Excessive failed login attempts (14 attempts exceeded threshold of 10)"", ""Escalated to Low Threat due to isolated active attack indicator on Normal ML baseline""]"
EVT00697,Normal,-0.0542499594239792,Normal Activity,Normal,17,"[""Activity aligns with standard operational baseline and security policies""]"
EVT00698,Normal,-0.0272599592025037,Port Scan,Normal,13,"[""Activity aligns with standard operational baseline and security policies""]"
EVT00699,Normal,-0.0173653601445873,Malware,Low Threat,44,"[""Malware payload or malicious signature detected"", ""High asset vulnerability present (CVSS 7.8)"", ""Escalated to Low Threat due to isolated active attack indicator on Normal ML baseline""]"
EVT00700,Normal,-0.0634921997657908,File Access,Normal,6,"[""Activity aligns with standard operational baseline and security policies""]"
EVT00701,Normal,-0.0568885139177077,SQL Injection,Normal,8,"[""Activity aligns with standard operational baseline and security policies""]"
EVT00702,Normal,-0.0564323342173197,Brute Force,Normal,8,"[""Activity aligns with standard operational baseline and security policies""]"
EVT00703,Normal,-0.0426685205642459,Brute Force,Low Threat,30,"[""Excessive failed login attempts (17 attempts exceeded threshold of 10)"", ""Escalated to Low Threat due to isolated active attack indicator on Normal ML baseline""]"
EVT00704,Normal,-0.0370275958248954,Brute Force,Low Threat,39,"[""Elevated failed login attempts (4 attempts)"", ""Critical asset vulnerability present (CVSS 9.4)"", ""Minor escalation to Low Threat due to elevated failed logins with risk context on Normal ML baseline""]"
EVT00705,Normal,-0.0326668170986569,Port Scan,Normal,22,"[""Activity aligns with standard operational baseline and security policies""]"
EVT00706,Normal,-0.0493067048048918,Brute Force,Normal,28,"[""Activity aligns with standard operational baseline and security policies""]"
EVT00707,Normal,-0.0562219232666914,Privilege Escalation,Normal,14,"[""Activity aligns with standard operational baseline and security policies""]"
EVT00708,Normal,-0.0176099778355758,Brute Force,Normal,29,"[""Activity aligns with standard operational baseline and security policies""]"
EVT00709,Normal,-0.0073367472621388,Brute Force,Medium Threat,54,"[""Excessive failed login attempts (20 attempts exceeded threshold of 10)"", ""Critical asset vulnerability present (CVSS 9.7)"", ""Escalated to Medium Threat due to strong active attack indicator combined with risk context on Normal ML baseline""]"
EVT00710,Normal,-0.061179379743275,Unauthorized File Access,Normal,13,"[""Activity aligns with standard operational baseline and security policies""]"
EVT00711,Normal,-0.0404159455869879,Brute Force,Low Threat,30,"[""Excessive failed login attempts (15 attempts exceeded threshold of 10)"", ""Escalated to Low Threat due to isolated active attack indicator on Normal ML baseline""]"
EVT00712,Normal,-0.0242610581474962,USB / Removable Media,Normal,13,"[""Activity aligns with standard operational baseline and security policies""]"
EVT00713,Normal,-0.0703453965563993,SQL Injection,Normal,11,"[""Activity aligns with standard operational baseline and security policies""]"
EVT00714,Normal,-0.0474905517145383,Brute Force,Low Threat,35,"[""Excessive failed login attempts (11 attempts exceeded threshold of 10)"", ""Escalated to Low Threat due to isolated active attack indicator on Normal ML baseline""]"
EVT00715,Normal,-0.0286673296855421,USB / Removable Media,Normal,12,"[""Activity aligns with standard operational baseline and security policies""]"
EVT00716,Normal,-0.0704838084403729,Unauthorized File Access,Normal,5,"[""Activity aligns with standard operational baseline and security policies""]"
EVT00717,Normal,-0.0550686918920551,File Access,Normal,8,"[""Activity aligns with standard operational baseline and security policies""]"
EVT00718,Normal,-0.0178644862140165,USB / Removable Media,Normal,24,"[""Activity aligns with standard operational baseline and security policies""]"
EVT00719,Normal,-0.060336514704897,Brute Force,Normal,16,"[""Activity aligns with standard operational baseline and security policies""]"
EVT00720,Normal,-0.0349889881901187,Brute Force,Normal,20,"[""Activity aligns with standard operational baseline and security policies""]"
EVT00721,Suspicious,0.0033721671609832,Malware,Critical Threat,64,"[""Malware payload or malicious signature detected"", ""Isolation Forest flagged event as anomalous (score: 0.003372)""]"
EVT00722,Normal,-0.0147491809809992,Brute Force,Normal,24,"[""Activity aligns with standard operational baseline and security policies""]"
EVT00723,Suspicious,0.0060001435582361,Brute Force,Critical Threat,60,"[""Excessive failed login attempts (14 attempts exceeded threshold of 10)"", ""Isolation Forest flagged event as anomalous (score: 0.006000)""]"
EVT00724,Normal,-0.0008442619896236,Brute Force,Normal,32,"[""Activity aligns with standard operational baseline and security policies""]"
EVT00725,Normal,-0.0560607918295622,Port Scan,Normal,14,"[""Activity aligns with standard operational baseline and security policies""]"
EVT00726,Normal,-0.0310485661415061,Port Scan,Normal,22,"[""Activity aligns with standard operational baseline and security policies""]"
EVT00727,Normal,-0.0514708842041716,Brute Force,Normal,17,"[""Activity aligns with standard operational baseline and security policies""]"
EVT00728,Normal,-0.0349077326263292,Brute Force,Low Threat,41,"[""Excessive failed login attempts (18 attempts exceeded threshold of 10)"", ""High asset vulnerability present (CVSS 7.3)"", ""Escalated to Low Threat due to isolated active attack indicator on Normal ML baseline""]"
EVT00729,Normal,-0.061127626064666,Privilege Escalation,Normal,7,"[""Activity aligns with standard operational baseline and security policies""]"
EVT00730,Normal,-0.0456094940789551,USB / Removable Media,Normal,10,"[""Activity aligns with standard operational baseline and security policies""]"
EVT00731,Normal,-0.0056963460203408,Malware,Low Threat,36,"[""Malware payload or malicious signature detected"", ""Escalated to Low Threat due to isolated active attack indicator on Normal ML baseline""]"
EVT00732,Normal,-0.0681111784606013,Unauthorized File Access,Normal,6,"[""Activity aligns with standard operational baseline and security policies""]"
EVT00733,Normal,-0.0375020086473933,Brute Force,Low Threat,36,"[""Excessive failed login attempts (17 attempts exceeded threshold of 10)"", ""Escalated to Low Threat due to isolated active attack indicator on Normal ML baseline""]"
EVT00734,Normal,-0.0623364612270964,SQL Injection,Normal,7,"[""Activity aligns with standard operational baseline and security policies""]"
EVT00735,Normal,-0.0403004235310671,Brute Force,Normal,19,"[""Activity aligns with standard operational baseline and security policies""]"
EVT00736,Normal,-0.0278957450001466,Brute Force,Low Threat,32,"[""Excessive failed login attempts (11 attempts exceeded threshold of 10)"", ""Escalated to Low Threat due to isolated active attack indicator on Normal ML baseline""]"
EVT00737,Normal,-0.0333219193855683,Brute Force,Medium Threat,50,"[""Excessive failed login attempts (16 attempts exceeded threshold of 10)"", ""Critical asset vulnerability present (CVSS 9.8)"", ""Escalated to Medium Threat due to strong active attack indicator combined with risk context on Normal ML baseline""]"
EVT00738,Normal,-0.0510187367756971,Port Scan,Normal,19,"[""Activity aligns with standard operational baseline and security policies""]"
EVT00739,Normal,-0.0538068029131978,Brute Force,Normal,23,"[""Activity aligns with standard operational baseline and security policies""]"
EVT00740,Normal,-0.0035148855346667,Malware,Medium Threat,55,"[""Malware payload or malicious signature detected"", ""Critical asset vulnerability present (CVSS 9.7)"", ""Escalated to Medium Threat due to strong active attack indicator combined with risk context on Normal ML baseline""]"
EVT00741,Normal,-0.0515993997226922,Unauthorized File Access,Normal,14,"[""Activity aligns with standard operational baseline and security policies""]"
EVT00742,Normal,-0.0763967160461056,File Access,Normal,10,"[""Activity aligns with standard operational baseline and security policies""]"
EVT00743,Normal,-0.0544095846409488,Port Scan,Normal,18,"[""Activity aligns with standard operational baseline and security policies""]"
EVT00744,Normal,-0.0782000149471962,SQL Injection,Normal,10,"[""Activity aligns with standard operational baseline and security policies""]"
EVT00745,Normal,-0.053484803811635,File Access,Normal,8,"[""Activity aligns with standard operational baseline and security policies""]"
EVT00746,Normal,-0.0587273270167112,Privilege Escalation,Normal,13,"[""Activity aligns with standard operational baseline and security policies""]"
EVT00747,Normal,-0.06411808025301,SQL Injection,Normal,12,"[""Activity aligns with standard operational baseline and security policies""]"
EVT00748,Normal,-0.0507703843128945,Phishing,Normal,19,"[""Activity aligns with standard operational baseline and security policies""]"
EVT00749,Normal,-0.0268123070200104,Malware,Low Threat,32,"[""Malware payload or malicious signature detected"", ""Escalated to Low Threat due to isolated active attack indicator on Normal ML baseline""]"
EVT00750,Normal,-0.0508992176418633,SQL Injection,Normal,9,"[""Activity aligns with standard operational baseline and security policies""]"
EVT00751,Normal,-0.0490122004064975,Brute Force,Normal,24,"[""Activity aligns with standard operational baseline and security policies""]"
EVT00752,Normal,-0.0525537114806694,USB / Removable Media,Normal,14,"[""Activity aligns with standard operational baseline and security policies""]"
EVT00753,Normal,-0.05912323368008,SQL Injection,Normal,7,"[""Activity aligns with standard operational baseline and security policies""]"
EVT00754,Normal,-0.040461371838676,USB / Removable Media,Normal,20,"[""Activity aligns with standard operational baseline and security policies""]"
EVT00755,Normal,-0.0461284750887862,Brute Force,Low Threat,35,"[""Excessive failed login attempts (13 attempts exceeded threshold of 10)"", ""Escalated to Low Threat due to isolated active attack indicator on Normal ML baseline""]"
EVT00756,Normal,-0.0246567587478125,Malware,Low Threat,39,"[""Malware payload or malicious signature detected"", ""Escalated to Low Threat due to isolated active attack indicator on Normal ML baseline""]"
EVT00757,Normal,-0.0207205896703638,USB / Removable Media,Normal,20,"[""Activity aligns with standard operational baseline and security policies""]"
EVT00758,Normal,-0.0234041463226849,Port Scan,Normal,23,"[""Activity aligns with standard operational baseline and security policies""]"
EVT00759,Normal,-0.0494789646247627,Port Scan,Normal,23,"[""Activity aligns with standard operational baseline and security policies""]"
EVT00760,Normal,-0.0591266421658944,Brute Force,Low Threat,27,"[""Excessive failed login attempts (12 attempts exceeded threshold of 10)"", ""Escalated to Low Threat due to isolated active attack indicator on Normal ML baseline""]"
EVT00761,Normal,-0.0542005837380974,USB / Removable Media,Normal,18,"[""Activity aligns with standard operational baseline and security policies""]"
EVT00762,Normal,-0.0555853678928212,SQL Injection,Normal,8,"[""Activity aligns with standard operational baseline and security policies""]"
EVT00763,Normal,-0.0419658836310947,USB / Removable Media,Normal,24,"[""Activity aligns with standard operational baseline and security policies""]"
EVT00764,Normal,-0.0264915924707004,Malware,Low Threat,42,"[""Malware payload or malicious signature detected"", ""High asset vulnerability present (CVSS 8.8)"", ""Escalated to Low Threat due to isolated active attack indicator on Normal ML baseline""]"
EVT00765,Normal,-0.0538262941668649,Phishing,Normal,22,"[""Activity aligns with standard operational baseline and security policies""]"
EVT00766,Normal,-0.0481656971357892,Phishing,Normal,15,"[""Activity aligns with standard operational baseline and security policies""]"
EVT00767,Normal,-0.0705895404394319,File Access,Normal,5,"[""Activity aligns with standard operational baseline and security policies""]"
EVT00768,Normal,-0.0601716315935036,Port Scan,Normal,13,"[""Activity aligns with standard operational baseline and security policies""]"
EVT00769,Normal,-0.057781479502043,SQL Injection,Normal,13,"[""Activity aligns with standard operational baseline and security policies""]"
EVT00770,Normal,-0.0561072280482816,Unauthorized File Access,Normal,14,"[""Activity aligns with standard operational baseline and security policies""]"
EVT00771,Normal,-0.0170604180634676,Brute Force,Low Threat,44,"[""Excessive failed login attempts (15 attempts exceeded threshold of 10)"", ""High asset vulnerability present (CVSS 7.6)"", ""Escalated to Low Threat due to isolated active attack indicator on Normal ML baseline""]"
EVT00772,Suspicious,0.015048389330566,Malware,Critical Threat,68,"[""Malware payload or malicious signature detected"", ""Isolation Forest flagged event as anomalous (score: 0.015048)""]"
EVT00773,Normal,-0.0317476239171817,SQL Injection,Normal,18,"[""Activity aligns with standard operational baseline and security policies""]"
EVT00774,Normal,-0.0540744250502017,Phishing,Normal,8,"[""Activity aligns with standard operational baseline and security policies""]"
EVT00775,Normal,-0.0659674936533545,SQL Injection,Normal,12,"[""Activity aligns with standard operational baseline and security policies""]"
EVT00776,Normal,-0.0661615935041659,SQL Injection,Normal,12,"[""Activity aligns with standard operational baseline and security policies""]"
EVT00777,Normal,-0.0287865298545094,Phishing,Normal,22,"[""Activity aligns with standard operational baseline and security policies""]"
EVT00778,Normal,-0.0215472097171005,Privilege Escalation,Normal,20,"[""Activity aligns with standard operational baseline and security policies""]"
EVT00779,Normal,-0.0656893744854495,Normal Activity,Normal,9,"[""Activity aligns with standard operational baseline and security policies""]"
EVT00780,Normal,-0.0356229786188251,Brute Force,Low Threat,31,"[""Excessive failed login attempts (14 attempts exceeded threshold of 10)"", ""Escalated to Low Threat due to isolated active attack indicator on Normal ML baseline""]"
EVT00781,Normal,-0.0158531869236977,Brute Force,Normal,24,"[""Activity aligns with standard operational baseline and security policies""]"
EVT00782,Normal,-0.064809631474161,SQL Injection,Normal,16,"[""Activity aligns with standard operational baseline and security policies""]"
EVT00783,Normal,-0.0498279029432354,Privilege Escalation,Normal,19,"[""Activity aligns with standard operational baseline and security policies""]"
EVT00784,Suspicious,0.0107981850313715,Malware,Critical Threat,71,"[""Malware payload or malicious signature detected"", ""High asset vulnerability present (CVSS 7.8)"", ""Isolation Forest flagged event as anomalous (score: 0.010798)""]"
EVT00785,Normal,-0.0463495978540502,USB / Removable Media,Normal,9,"[""Activity aligns with standard operational baseline and security policies""]"
EVT00786,Normal,-0.0434437407249,Brute Force,Low Threat,29,"[""Excessive failed login attempts (17 attempts exceeded threshold of 10)"", ""Escalated to Low Threat due to isolated active attack indicator on Normal ML baseline""]"
EVT00787,Normal,-0.0266277987913711,Brute Force,Low Threat,38,"[""Excessive failed login attempts (17 attempts exceeded threshold of 10)"", ""Escalated to Low Threat due to isolated active attack indicator on Normal ML baseline""]"
EVT00788,Normal,-0.0668386419370186,Port Scan,Normal,6,"[""Activity aligns with standard operational baseline and security policies""]"
EVT00789,Normal,-0.025135026499824,Brute Force,Low Threat,39,"[""Excessive failed login attempts (12 attempts exceeded threshold of 10)"", ""Escalated to Low Threat due to isolated active attack indicator on Normal ML baseline""]"
EVT00790,Normal,-0.0630801227216038,Privilege Escalation,Normal,6,"[""Activity aligns with standard operational baseline and security policies""]"
EVT00791,Normal,-0.0386049220481274,Phishing,Normal,25,"[""Activity aligns with standard operational baseline and security policies""]"
EVT00792,Normal,-0.0143540980626103,Brute Force,Low Threat,34,"[""Excessive failed login attempts (14 attempts exceeded threshold of 10)"", ""Escalated to Low Threat due to isolated active attack indicator on Normal ML baseline""]"
EVT00793,Normal,-0.0613624784472483,Brute Force,Low Threat,36,"[""Elevated failed login attempts (6 attempts)"", ""High asset vulnerability present (CVSS 7.8)"", ""Activity occurred outside standard operational hours (18:00)"", ""Minor escalation to Low Threat due to elevated failed logins with risk context on Normal ML baseline""]"
EVT00794,Normal,-0.0426551739750334,SQL Injection,Normal,16,"[""Activity aligns with standard operational baseline and security policies""]"
EVT00795,Normal,-0.0456380140813795,Brute Force,Low Threat,35,"[""Elevated failed login attempts (7 attempts)"", ""Activity occurred outside standard operational hours (18:00)"", ""Minor escalation to Low Threat due to elevated failed logins with risk context on Normal ML baseline""]"
EVT00796,Normal,-0.0240351642396601,Malware,Medium Threat,49,"[""Malware payload or malicious signature detected"", ""Activity occurred outside standard operational hours (18:00)"", ""Escalated to Medium Threat due to strong active attack indicator combined with risk context on Normal ML baseline""]"
EVT00797,Normal,-0.0749089909374193,Unauthorized File Access,Normal,10,"[""Activity aligns with standard operational baseline and security policies""]"
EVT00798,Normal,-0.0226364790980546,Brute Force,Low Threat,47,"[""Elevated failed login attempts (6 attempts)"", ""Critical asset vulnerability present (CVSS 9.9)"", ""Activity occurred outside standard operational hours (18:00)"", ""Minor escalation to Low Threat due to elevated failed logins with risk context on Normal ML baseline""]"
EVT00799,Suspicious,0.0194494349076296,Malware,Critical Threat,83,"[""Malware payload or malicious signature detected"", ""Critical asset vulnerability present (CVSS 9.9)"", ""Activity occurred outside standard operational hours (18:00)"", ""Isolation Forest flagged event as anomalous (score: 0.019449)""]"
EVT00800,Normal,-0.0647115710594664,Brute Force,Normal,25,"[""Activity aligns with standard operational baseline and security policies""]"
EVT00801,Normal,-0.0337808515564838,USB / Removable Media,Normal,18,"[""Activity aligns with standard operational baseline and security policies""]"
EVT00802,Normal,-0.0636263461691965,Brute Force,Low Threat,32,"[""Elevated failed login attempts (8 attempts)"", ""Activity occurred outside standard operational hours (18:00)"", ""Minor escalation to Low Threat due to elevated failed logins with risk context on Normal ML baseline""]"
EVT00803,Suspicious,0.0037696076422202,Brute Force,Critical Threat,71,"[""Excessive failed login attempts (18 attempts exceeded threshold of 10)"", ""Activity occurred outside standard operational hours (18:00)"", ""Isolation Forest flagged event as anomalous (score: 0.003770)""]"
EVT00804,Normal,-0.0352600103658474,Brute Force,Low Threat,31,"[""Elevated failed login attempts (6 attempts)"", ""Activity occurred outside standard operational hours (18:00)"", ""Minor escalation to Low Threat due to elevated failed logins with risk context on Normal ML baseline""]"
EVT00805,Normal,-0.0434115020216758,Port Scan,Normal,22,"[""Activity aligns with standard operational baseline and security policies""]"
EVT00806,Normal,-0.0263712182887415,USB / Removable Media,Normal,25,"[""Activity aligns with standard operational baseline and security policies""]"
EVT00807,Normal,-0.023407807714464,Privilege Escalation,Normal,19,"[""Activity aligns with standard operational baseline and security policies""]"
EVT00808,Normal,-0.025677261818253,Malware,Medium Threat,43,"[""Malware payload or malicious signature detected"", ""Activity occurred outside standard operational hours (19:00)"", ""Escalated to Medium Threat due to strong active attack indicator combined with risk context on Normal ML baseline""]"
EVT00809,Normal,-0.0402324525028485,Privilege Escalation,Normal,16,"[""Activity aligns with standard operational baseline and security policies""]"
EVT00810,Normal,-0.0096987080231266,USB / Removable Media,Normal,28,"[""Activity aligns with standard operational baseline and security policies""]"
EVT00811,Normal,-0.0548173299801272,Port Scan,Normal,20,"[""Activity aligns with standard operational baseline and security policies""]"
EVT00812,Normal,-0.0689817813430254,SQL Injection,Normal,17,"[""Activity aligns with standard operational baseline and security policies""]"
EVT00813,Normal,-0.0417408584513839,Phishing,Normal,30,"[""Activity aligns with standard operational baseline and security policies""]"
EVT00814,Normal,-0.0346411885985424,Port Scan,Normal,23,"[""Activity aligns with standard operational baseline and security policies""]"
EVT00815,Normal,-0.0416971690145121,Port Scan,Normal,16,"[""Activity aligns with standard operational baseline and security policies""]"
EVT00816,Normal,-0.0513468980930219,Phishing,Normal,21,"[""Activity aligns with standard operational baseline and security policies""]"
EVT00817,Normal,-0.0671897275681707,Unauthorized File Access,Normal,12,"[""Activity aligns with standard operational baseline and security policies""]"
EVT00818,Normal,-0.0476960304774582,Brute Force,Medium Threat,39,"[""Excessive failed login attempts (11 attempts exceeded threshold of 10)"", ""Activity occurred outside standard operational hours (20:00)"", ""Escalated to Medium Threat due to strong active attack indicator combined with risk context on Normal ML baseline""]"
EVT00819,Normal,-0.0589924930868008,Brute Force,Low Threat,27,"[""Elevated failed login attempts (4 attempts)"", ""Activity occurred outside standard operational hours (20:00)"", ""Minor escalation to Low Threat due to elevated failed logins with risk context on Normal ML baseline""]"
EVT00820,Normal,-0.0487934114328924,Port Scan,Normal,21,"[""Activity aligns with standard operational baseline and security policies""]"
EVT00821,Normal,-0.0667153407501539,Privilege Escalation,Normal,12,"[""Activity aligns with standard operational baseline and security policies""]"
EVT00822,Normal,-0.0583945696301008,Port Scan,Normal,19,"[""Activity aligns with standard operational baseline and security policies""]"
EVT00823,Normal,-0.05710411220009,Port Scan,Normal,14,"[""Activity aligns with standard operational baseline and security policies""]"
EVT00824,Normal,-0.0431884126246064,Privilege Escalation,Normal,26,"[""Activity aligns with standard operational baseline and security policies""]"
EVT00825,Normal,-0.078309155891764,SQL Injection,Normal,16,"[""Activity aligns with standard operational baseline and security policies""]"
EVT00826,Normal,-0.0468004750125753,Port Scan,Normal,15,"[""Activity aligns with standard operational baseline and security policies""]"
EVT00827,Normal,-0.0299578019679438,Brute Force,Low Threat,32,"[""Elevated failed login attempts (7 attempts)"", ""Activity occurred outside standard operational hours (20:00)"", ""Minor escalation to Low Threat due to elevated failed logins with risk context on Normal ML baseline""]"
EVT00828,Suspicious,0.0063923676169854,Brute Force,Critical Threat,65,"[""Excessive failed login attempts (18 attempts exceeded threshold of 10)"", ""Activity occurred outside standard operational hours (20:00)"", ""Isolation Forest flagged event as anomalous (score: 0.006392)""]"
EVT00829,Normal,-0.0434403547059402,Port Scan,Normal,16,"[""Activity aligns with standard operational baseline and security policies""]"
EVT00830,Normal,-0.0571791815476809,Privilege Escalation,Normal,13,"[""Activity aligns with standard operational baseline and security policies""]"
EVT00831,Normal,-0.0706546827929444,Unauthorized File Access,Normal,17,"[""Activity aligns with standard operational baseline and security policies""]"
EVT00832,Normal,-0.0309024051991493,Brute Force,Low Threat,46,"[""Elevated failed login attempts (7 attempts)"", ""Critical asset vulnerability present (CVSS 9.4)"", ""Activity occurred outside standard operational hours (21:00)"", ""Minor escalation to Low Threat due to elevated failed logins with risk context on Normal ML baseline""]"
EVT00833,Normal,-0.0483433799228159,Phishing,Normal,25,"[""Activity aligns with standard operational baseline and security policies""]"
EVT00834,Normal,-0.052599023955312,SQL Injection,Normal,24,"[""Activity aligns with standard operational baseline and security policies""]"
EVT00835,Normal,-0.0485396562999804,Brute Force,Medium Threat,39,"[""Excessive failed login attempts (13 attempts exceeded threshold of 10)"", ""Activity occurred outside standard operational hours (21:00)"", ""Escalated to Medium Threat due to strong active attack indicator combined with risk context on Normal ML baseline""]"
EVT00836,Normal,-0.062617038055917,SQL Injection,Normal,13,"[""Activity aligns with standard operational baseline and security policies""]"
EVT00837,Normal,-0.0278799466611772,Port Scan,Normal,19,"[""Activity aligns with standard operational baseline and security policies""]"
EVT00838,Normal,-0.0095281849857646,Malware,Medium Threat,46,"[""Malware payload or malicious signature detected"", ""Activity occurred outside standard operational hours (21:00)"", ""Escalated to Medium Threat due to strong active attack indicator combined with risk context on Normal ML baseline""]"
EVT00839,Normal,-0.0343892037368077,Normal Activity,Normal,34,"[""Activity aligns with standard operational baseline and security policies""]"
EVT00840,Normal,-0.0417751538625564,Brute Force,Low Threat,30,"[""Elevated failed login attempts (5 attempts)"", ""Activity occurred outside standard operational hours (21:00)"", ""Minor escalation to Low Threat due to elevated failed logins with risk context on Normal ML baseline""]"
EVT00841,Normal,-0.0579818181416759,Brute Force,Normal,16,"[""Activity aligns with standard operational baseline and security policies""]"
EVT00842,Normal,-0.0553780792547596,Phishing,Normal,20,"[""Activity aligns with standard operational baseline and security policies""]"
EVT00843,Normal,-0.030337692136317,Privilege Escalation,Normal,24,"[""Activity aligns with standard operational baseline and security policies""]"
EVT00844,Normal,-0.0333793710522079,USB / Removable Media,Normal,24,"[""Activity aligns with standard operational baseline and security policies""]"
EVT00845,Normal,-0.0688995175379024,Unauthorized File Access,Normal,17,"[""Activity aligns with standard operational baseline and security policies""]"
EVT00846,Normal,-0.0645867449053479,SQL Injection,Normal,26,"[""Activity aligns with standard operational baseline and security policies""]"
EVT00847,Normal,-0.0424009210324901,Brute Force,Low Threat,30,"[""Elevated failed login attempts (10 attempts)"", ""Activity occurred outside standard operational hours (22:00)"", ""Minor escalation to Low Threat due to elevated failed logins with risk context on Normal ML baseline""]"
EVT00848,Normal,-0.0177467518868758,Brute Force,Medium Threat,54,"[""Excessive failed login attempts (19 attempts exceeded threshold of 10)"", ""High asset vulnerability present (CVSS 7.3)"", ""Activity occurred outside standard operational hours (22:00)"", ""Escalated to Medium Threat due to strong active attack indicator combined with risk context on Normal ML baseline""]"
EVT00849,Normal,-0.0309034933894862,Port Scan,Normal,18,"[""Activity aligns with standard operational baseline and security policies""]"
EVT00850,Normal,-0.0629421743789722,SQL Injection,Low Threat,31,"[""Critical asset vulnerability present (CVSS 9.9)"", ""Activity occurred outside standard operational hours (22:00)"", ""Minor escalation to Low Threat due to critical asset vulnerability and after-hours context on Normal ML baseline""]"
EVT00851,Normal,-0.02871098297,Phishing,Normal,18,"[""Activity aligns with standard operational baseline and security policies""]"
EVT00852,Normal,-0.039515497017067,Unauthorized File Access,Normal,17,"[""Activity aligns with standard operational baseline and security policies""]"
EVT00853,Normal,-0.0327470438633801,USB / Removable Media,Normal,18,"[""Activity aligns with standard operational baseline and security policies""]"
EVT00854,Normal,-0.05369482609868,Privilege Escalation,Normal,14,"[""Activity aligns with standard operational baseline and security policies""]"
EVT00855,Normal,-0.0064466574464442,USB / Removable Media,Normal,28,"[""Activity aligns with standard operational baseline and security policies""]"
EVT00856,Normal,-0.0254829516678427,USB / Removable Media,Normal,19,"[""Activity aligns with standard operational baseline and security policies""]"
EVT00857,Normal,-0.0415842788541017,SQL Injection,Normal,16,"[""Activity aligns with standard operational baseline and security policies""]"
EVT00858,Normal,-0.0457808796965648,Port Scan,Normal,25,"[""Activity aligns with standard operational baseline and security policies""]"
EVT00859,Normal,-0.0394648512637452,USB / Removable Media,Normal,31,"[""Activity aligns with standard operational baseline and security policies""]"
EVT00860,Normal,-0.0558746002819033,Brute Force,Low Threat,37,"[""Elevated failed login attempts (5 attempts)"", ""High asset vulnerability present (CVSS 7.2)"", ""Activity occurred outside standard operational hours (23:00)"", ""Minor escalation to Low Threat due to elevated failed logins with risk context on Normal ML baseline""]"
EVT00861,Normal,-0.0071258856614814,Brute Force,Medium Threat,52,"[""Excessive failed login attempts (20 attempts exceeded threshold of 10)"", ""Activity occurred outside standard operational hours (23:00)"", ""Escalated to Medium Threat due to strong active attack indicator combined with risk context on Normal ML baseline""]"
EVT00862,Normal,-0.042515427508945,Port Scan,Normal,26,"[""Activity aligns with standard operational baseline and security policies""]"
EVT00863,Normal,-0.0385111125208208,SQL Injection,Normal,17,"[""Activity aligns with standard operational baseline and security policies""]"
EVT00864,Normal,-0.0341766554949938,Brute Force,Low Threat,37,"[""Elevated failed login attempts (5 attempts)"", ""Activity occurred outside standard operational hours (23:00)"", ""Minor escalation to Low Threat due to elevated failed logins with risk context on Normal ML baseline""]"
EVT00865,Normal,-0.0605875733121816,Brute Force,Normal,16,"[""Activity aligns with standard operational baseline and security policies""]"
EVT00866,Normal,-0.0147469453904478,Malware,Medium Threat,51,"[""Malware payload or malicious signature detected"", ""Activity occurred outside standard operational hours (00:00)"", ""Escalated to Medium Threat due to strong active attack indicator combined with risk context on Normal ML baseline""]"
EVT00867,Normal,-0.0475243114558751,Unauthorized File Access,Normal,21,"[""Activity aligns with standard operational baseline and security policies""]"
EVT00868,Normal,-0.0272298131587847,Privilege Escalation,Normal,25,"[""Activity aligns with standard operational baseline and security policies""]"
EVT00869,Normal,-0.0502959713589228,Brute Force,Medium Threat,49,"[""Excessive failed login attempts (17 attempts exceeded threshold of 10)"", ""High asset vulnerability present (CVSS 8.7)"", ""Activity occurred outside standard operational hours (00:00)"", ""Escalated to Medium Threat due to strong active attack indicator combined with risk context on Normal ML baseline""]"
EVT00870,Normal,-0.0261345257346193,Unauthorized File Access,Normal,19,"[""Activity aligns with standard operational baseline and security policies""]"
EVT00871,Normal,-0.0575755713672645,Privilege Escalation,Normal,19,"[""Activity aligns with standard operational baseline and security policies""]"
EVT00872,Normal,-0.0190005250445643,Brute Force,Medium Threat,50,"[""Excessive failed login attempts (11 attempts exceeded threshold of 10)"", ""Activity occurred outside standard operational hours (00:00)"", ""Escalated to Medium Threat due to strong active attack indicator combined with risk context on Normal ML baseline""]"
EVT00873,Normal,-0.0735845910603608,SQL Injection,Normal,11,"[""Activity aligns with standard operational baseline and security policies""]"
EVT00874,Normal,-0.0258903232272347,USB / Removable Media,Normal,29,"[""Activity aligns with standard operational baseline and security policies""]"
EVT00875,Normal,-0.0523522687243908,Privilege Escalation,Normal,24,"[""Activity aligns with standard operational baseline and security policies""]"
EVT00876,Normal,-0.0727879780574571,Privilege Escalation,Normal,21,"[""Activity aligns with standard operational baseline and security policies""]"
EVT00877,Normal,-0.0442010783790273,Unauthorized File Access,Normal,22,"[""Activity aligns with standard operational baseline and security policies""]"
EVT00878,Normal,-0.0339387551746219,USB / Removable Media,Normal,18,"[""Activity aligns with standard operational baseline and security policies""]"
EVT00879,Normal,-0.0336110548578408,Phishing,Normal,18,"[""Activity aligns with standard operational baseline and security policies""]"
EVT00880,Normal,-0.0222340714095565,SQL Injection,Low Threat,38,"[""Critical asset vulnerability present (CVSS 9.2)"", ""Activity occurred outside standard operational hours (01:00)"", ""Minor escalation to Low Threat due to critical asset vulnerability and after-hours context on Normal ML baseline""]"
EVT00881,Normal,-0.0142902840428829,Normal Activity,Normal,21,"[""Activity aligns with standard operational baseline and security policies""]"
EVT00882,Suspicious,0.0094410045036816,Malware,Critical Threat,72,"[""Malware payload or malicious signature detected"", ""Activity occurred outside standard operational hours (01:00)"", ""Isolation Forest flagged event as anomalous (score: 0.009441)""]"
EVT00883,Normal,-0.0486098708673527,Unauthorized File Access,Normal,15,"[""Activity aligns with standard operational baseline and security policies""]"
EVT00884,Normal,-0.0150358205063246,USB / Removable Media,Normal,21,"[""Activity aligns with standard operational baseline and security policies""]"
EVT00885,Normal,-0.05132172166903,Unauthorized File Access,Normal,21,"[""Activity aligns with standard operational baseline and security policies""]"
EVT00886,Normal,-0.0091074855170826,Malware,Medium Threat,46,"[""Malware payload or malicious signature detected"", ""Activity occurred outside standard operational hours (01:00)"", ""Escalated to Medium Threat due to strong active attack indicator combined with risk context on Normal ML baseline""]"
EVT00887,Normal,-0.0468515421429313,USB / Removable Media,Normal,15,"[""Activity aligns with standard operational baseline and security policies""]"
EVT00888,Normal,-0.0533338278300122,Unauthorized File Access,Normal,14,"[""Activity aligns with standard operational baseline and security policies""]"
EVT00889,Normal,-0.0247099788913659,Phishing,Normal,19,"[""Activity aligns with standard operational baseline and security policies""]"
EVT00890,Normal,-0.0332960962464738,Brute Force,Medium Threat,52,"[""Excessive failed login attempts (12 attempts exceeded threshold of 10)"", ""High asset vulnerability present (CVSS 7.0)"", ""Activity occurred outside standard operational hours (02:00)"", ""Escalated to Medium Threat due to strong active attack indicator combined with risk context on Normal ML baseline""]"
EVT00891,Normal,-0.0747925351755589,SQL Injection,Normal,20,"[""Activity aligns with standard operational baseline and security policies""]"
EVT00892,Normal,-0.0101859087919516,Malware,Medium Threat,46,"[""Malware payload or malicious signature detected"", ""Activity occurred outside standard operational hours (02:00)"", ""Escalated to Medium Threat due to strong active attack indicator combined with risk context on Normal ML baseline""]"
EVT00893,Normal,-0.043659043533216,Brute Force,Low Threat,29,"[""Elevated failed login attempts (6 attempts)"", ""Activity occurred outside standard operational hours (02:00)"", ""Minor escalation to Low Threat due to elevated failed logins with risk context on Normal ML baseline""]"
EVT00894,Normal,-0.0335152090475292,Brute Force,Medium Threat,48,"[""Excessive failed login attempts (13 attempts exceeded threshold of 10)"", ""Activity occurred outside standard operational hours (02:00)"", ""Escalated to Medium Threat due to strong active attack indicator combined with risk context on Normal ML baseline""]"
EVT00895,Normal,-0.0497243341054704,Brute Force,Low Threat,34,"[""Elevated failed login attempts (6 attempts)"", ""Activity occurred outside standard operational hours (02:00)"", ""Minor escalation to Low Threat due to elevated failed logins with risk context on Normal ML baseline""]"
EVT00896,Normal,-0.0461771280241933,Brute Force,Medium Threat,49,"[""Excessive failed login attempts (16 attempts exceeded threshold of 10)"", ""High asset vulnerability present (CVSS 7.1)"", ""Activity occurred outside standard operational hours (02:00)"", ""Escalated to Medium Threat due to strong active attack indicator combined with risk context on Normal ML baseline""]"
EVT00897,Normal,-0.0258121033014663,USB / Removable Media,Normal,25,"[""Activity aligns with standard operational baseline and security policies""]"
EVT00898,Normal,-0.0226487709496484,Brute Force,Medium Threat,44,"[""Excessive failed login attempts (20 attempts exceeded threshold of 10)"", ""Activity occurred outside standard operational hours (02:00)"", ""Escalated to Medium Threat due to strong active attack indicator combined with risk context on Normal ML baseline""]"
EVT00899,Normal,-0.0563687519474021,Brute Force,Low Threat,33,"[""Elevated failed login attempts (10 attempts)"", ""Activity occurred outside standard operational hours (02:00)"", ""Minor escalation to Low Threat due to elevated failed logins with risk context on Normal ML baseline""]"
EVT00900,Normal,-0.020054748720212,Brute Force,Low Threat,43,"[""Elevated failed login attempts (6 attempts)"", ""High asset vulnerability present (CVSS 8.2)"", ""Activity occurred outside standard operational hours (02:00)"", ""Minor escalation to Low Threat due to elevated failed logins with risk context on Normal ML baseline""]"
EVT00901,Normal,-0.0493182877745852,Port Scan,Normal,15,"[""Activity aligns with standard operational baseline and security policies""]"
EVT00902,Normal,-0.0199872846690476,Malware,Medium Threat,44,"[""Malware payload or malicious signature detected"", ""Activity occurred outside standard operational hours (03:00)"", ""Escalated to Medium Threat due to strong active attack indicator combined with risk context on Normal ML baseline""]"
EVT00903,Normal,-0.0098699494086388,Brute Force,Medium Threat,52,"[""Excessive failed login attempts (16 attempts exceeded threshold of 10)"", ""Activity occurred outside standard operational hours (03:00)"", ""Escalated to Medium Threat due to strong active attack indicator combined with risk context on Normal ML baseline""]"
EVT00904,Normal,-0.0460015365088456,Unauthorized File Access,Normal,21,"[""Activity aligns with standard operational baseline and security policies""]"
EVT00905,Normal,-0.0300145927132275,Brute Force,Medium Threat,52,"[""Excessive failed login attempts (13 attempts exceeded threshold of 10)"", ""High asset vulnerability present (CVSS 8.8)"", ""Activity occurred outside standard operational hours (03:00)"", ""Escalated to Medium Threat due to strong active attack indicator combined with risk context on Normal ML baseline""]"
EVT00906,Normal,-0.0598770238492508,SQL Injection,Normal,27,"[""Activity aligns with standard operational baseline and security policies""]"
EVT00907,Normal,-0.0237419716335893,Brute Force,Normal,28,"[""Activity aligns with standard operational baseline and security policies""]"
EVT00908,Normal,-0.058148681244544,Phishing,Normal,13,"[""Activity aligns with standard operational baseline and security policies""]"
EVT00909,Normal,-0.0688430441621021,Privilege Escalation,Normal,17,"[""Activity aligns with standard operational baseline and security policies""]"
EVT00910,Normal,-0.0470964590336489,Phishing,Normal,15,"[""Activity aligns with standard operational baseline and security policies""]"
EVT00911,Normal,-0.0471358385384111,Port Scan,Normal,21,"[""Activity aligns with standard operational baseline and security policies""]"
EVT00912,Normal,-0.0875684716680997,Unauthorized File Access,Normal,14,"[""Activity aligns with standard operational baseline and security policies""]"
EVT00913,Normal,-0.0332920811160458,Brute Force,Low Threat,31,"[""Elevated failed login attempts (10 attempts)"", ""Activity occurred outside standard operational hours (04:00)"", ""Minor escalation to Low Threat due to elevated failed logins with risk context on Normal ML baseline""]"
EVT00914,Normal,-0.0597531845971379,Unauthorized File Access,Normal,19,"[""Activity aligns with standard operational baseline and security policies""]"
EVT00915,Normal,-0.0532560443715917,Brute Force,Medium Threat,44,"[""Excessive failed login attempts (13 attempts exceeded threshold of 10)"", ""Activity occurred outside standard operational hours (04:00)"", ""Escalated to Medium Threat due to strong active attack indicator combined with risk context on Normal ML baseline""]"
EVT00916,Normal,-0.0391520003355677,Malware,Medium Threat,47,"[""Malware payload or malicious signature detected"", ""Activity occurred outside standard operational hours (04:00)"", ""Escalated to Medium Threat due to strong active attack indicator combined with risk context on Normal ML baseline""]"
EVT00917,Normal,-0.0684983834627243,Privilege Escalation,Normal,18,"[""Activity aligns with standard operational baseline and security policies""]"
EVT00918,Normal,-0.0516937360611741,Phishing,Normal,20,"[""Activity aligns with standard operational baseline and security policies""]"
EVT00919,Normal,-0.0543866024475791,Phishing,Normal,20,"[""Activity aligns with standard operational baseline and security policies""]"
EVT00920,Normal,-0.0338538604824318,Phishing,Normal,24,"[""Activity aligns with standard operational baseline and security policies""]"
EVT00921,Normal,-0.0350824870320276,SQL Injection,Normal,17,"[""Activity aligns with standard operational baseline and security policies""]"
EVT00922,Normal,-0.0623427138564239,Brute Force,Low Threat,26,"[""Elevated failed login attempts (4 attempts)"", ""Activity occurred outside standard operational hours (04:00)"", ""Minor escalation to Low Threat due to elevated failed logins with risk context on Normal ML baseline""]"
EVT00923,Normal,-0.0084411832634552,USB / Removable Media,Normal,28,"[""Activity aligns with standard operational baseline and security policies""]"
EVT00924,Normal,-0.0482129918511532,Phishing,Normal,25,"[""Activity aligns with standard operational baseline and security policies""]"
EVT00925,Normal,-0.0631302988427157,Privilege Escalation,Normal,18,"[""Activity aligns with standard operational baseline and security policies""]"
EVT00926,Normal,-0.0548973677588345,Unauthorized File Access,Normal,14,"[""Activity aligns with standard operational baseline and security policies""]"
EVT00927,Normal,-0.0930223857462244,Unauthorized File Access,Normal,13,"[""Activity aligns with standard operational baseline and security policies""]"
EVT00928,Normal,-0.0629943852890096,Privilege Escalation,Normal,18,"[""Activity aligns with standard operational baseline and security policies""]"
EVT00929,Normal,-0.0281323535377011,Brute Force,Medium Threat,57,"[""Excessive failed login attempts (14 attempts exceeded threshold of 10)"", ""Critical asset vulnerability present (CVSS 10.0)"", ""Activity occurred outside standard operational hours (05:00)"", ""Escalated to Medium Threat due to strong active attack indicator combined with risk context on Normal ML baseline""]"
EVT00930,Normal,-0.0472544499785617,Phishing,Normal,29,"[""Activity aligns with standard operational baseline and security policies""]"
EVT00931,Normal,-0.0441204379125391,USB / Removable Media,Normal,16,"[""Activity aligns with standard operational baseline and security policies""]"
EVT00932,Normal,-0.065621496027189,Unauthorized File Access,Normal,22,"[""Activity aligns with standard operational baseline and security policies""]"
EVT00933,Normal,-0.0210318527097926,Brute Force,Medium Threat,50,"[""Excessive failed login attempts (19 attempts exceeded threshold of 10)"", ""Activity occurred outside standard operational hours (05:00)"", ""Escalated to Medium Threat due to strong active attack indicator combined with risk context on Normal ML baseline""]"
EVT00934,Normal,-0.06618310118278,Privilege Escalation,Normal,22,"[""Activity aligns with standard operational baseline and security policies""]"
EVT00935,Suspicious,0.0097828746063064,Brute Force,Critical Threat,72,"[""Excessive failed login attempts (19 attempts exceeded threshold of 10)"", ""Activity occurred outside standard operational hours (05:00)"", ""Isolation Forest flagged event as anomalous (score: 0.009783)""]"
EVT00936,Normal,-0.0581868622173009,SQL Injection,Normal,19,"[""Activity aligns with standard operational baseline and security policies""]"
EVT00937,Normal,-0.0612237412885077,Brute Force,Low Threat,32,"[""Elevated failed login attempts (4 attempts)"", ""Activity occurred outside standard operational hours (06:00)"", ""Minor escalation to Low Threat due to elevated failed logins with risk context on Normal ML baseline""]"
EVT00938,Normal,-0.0243284448427374,Port Scan,Normal,25,"[""Activity aligns with standard operational baseline and security policies""]"
EVT00939,Normal,-0.0209691210717569,Malware,Medium Threat,54,"[""Malware payload or malicious signature detected"", ""High asset vulnerability present (CVSS 7.6)"", ""Activity occurred outside standard operational hours (06:00)"", ""Escalated to Medium Threat due to strong active attack indicator combined with risk context on Normal ML baseline""]"
EVT00940,Normal,-0.0330807000769747,Brute Force,Medium Threat,52,"[""Excessive failed login attempts (15 attempts exceeded threshold of 10)"", ""High asset vulnerability present (CVSS 7.5)"", ""Activity occurred outside standard operational hours (06:00)"", ""Escalated to Medium Threat due to strong active attack indicator combined with risk context on Normal ML baseline""]"
EVT00941,Normal,-0.058166159558267,Brute Force,Medium Threat,37,"[""Excessive failed login attempts (17 attempts exceeded threshold of 10)"", ""Activity occurred outside standard operational hours (06:00)"", ""Escalated to Medium Threat due to strong active attack indicator combined with risk context on Normal ML baseline""]"
EVT00942,Normal,-0.0652822532532806,SQL Injection,Normal,26,"[""Activity aligns with standard operational baseline and security policies""]"
EVT00943,Normal,-0.0553163340630575,SQL Injection,Normal,14,"[""Activity aligns with standard operational baseline and security policies""]"
EVT00944,Normal,-0.042565607923571,Brute Force,Low Threat,40,"[""Elevated failed login attempts (6 attempts)"", ""High asset vulnerability present (CVSS 8.2)"", ""Activity occurred outside standard operational hours (06:00)"", ""Minor escalation to Low Threat due to elevated failed logins with risk context on Normal ML baseline""]"
EVT00945,Normal,-0.0454865851703798,Brute Force,Low Threat,35,"[""Elevated failed login attempts (5 attempts)"", ""Activity occurred outside standard operational hours (06:00)"", ""Minor escalation to Low Threat due to elevated failed logins with risk context on Normal ML baseline""]"
EVT00946,Normal,-0.0367811045362408,Malware,Medium Threat,47,"[""Malware payload or malicious signature detected"", ""Activity occurred outside standard operational hours (06:00)"", ""Escalated to Medium Threat due to strong active attack indicator combined with risk context on Normal ML baseline""]"
EVT00947,Normal,-0.0583861356699431,Normal Activity,Normal,22,"[""Activity aligns with standard operational baseline and security policies""]"
EVT00948,Normal,-0.0667513254309985,Brute Force,Normal,15,"[""Activity aligns with standard operational baseline and security policies""]"
EVT00949,Normal,-0.0481179935530619,Brute Force,Normal,18,"[""Activity aligns with standard operational baseline and security policies""]"
EVT00950,Normal,-0.0927716866456407,Unauthorized File Access,Normal,13,"[""Activity aligns with standard operational baseline and security policies""]"
EVT00951,Normal,-0.0467251326865872,Brute Force,Low Threat,35,"[""Elevated failed login attempts (5 attempts)"", ""Activity occurred outside standard operational hours (07:00)"", ""Minor escalation to Low Threat due to elevated failed logins with risk context on Normal ML baseline""]"
EVT00952,Normal,-0.0663014471739481,Privilege Escalation,Normal,22,"[""Activity aligns with standard operational baseline and security policies""]"
EVT00953,Normal,-0.0264521071759742,USB / Removable Media,Normal,19,"[""Activity aligns with standard operational baseline and security policies""]"
EVT00954,Normal,-0.0505452918741757,Brute Force,Medium Threat,53,"[""Excessive failed login attempts (13 attempts exceeded threshold of 10)"", ""Critical asset vulnerability present (CVSS 9.1)"", ""Activity occurred outside standard operational hours (07:00)"", ""Escalated to Medium Threat due to strong active attack indicator combined with risk context on Normal ML baseline""]"
EVT00955,Normal,-0.0653508888512983,Privilege Escalation,Normal,26,"[""Activity aligns with standard operational baseline and security policies""]"
EVT00956,Normal,-0.0312615059859019,SQL Injection,Normal,18,"[""Activity aligns with standard operational baseline and security policies""]"
EVT00957,Normal,-9.936449689718074e-07,Brute Force,Medium Threat,53,"[""Excessive failed login attempts (17 attempts exceeded threshold of 10)"", ""Activity occurred outside standard operational hours (07:00)"", ""Escalated to Medium Threat due to strong active attack indicator combined with risk context on Normal ML baseline""]"
EVT00958,Normal,-0.019897079520787,Port Scan,Normal,26,"[""Activity aligns with standard operational baseline and security policies""]"
EVT00959,Normal,-0.044735058868805,Brute Force,Medium Threat,40,"[""Excessive failed login attempts (20 attempts exceeded threshold of 10)"", ""Activity occurred outside standard operational hours (07:00)"", ""Escalated to Medium Threat due to strong active attack indicator combined with risk context on Normal ML baseline""]"
EVT00960,Normal,-0.0167773859441536,Brute Force,Low Threat,34,"[""Elevated failed login attempts (4 attempts)"", ""Activity occurred outside standard operational hours (07:00)"", ""Minor escalation to Low Threat due to elevated failed logins with risk context on Normal ML baseline""]"
EVT00961,Normal,-0.0429545593273282,USB / Removable Media,Normal,16,"[""Activity aligns with standard operational baseline and security policies""]"
EVT00962,Normal,-0.0401339121309066,Brute Force,Normal,19,"[""Activity aligns with standard operational baseline and security policies""]"
EVT00963,Normal,-0.0231174943992301,Privilege Escalation,Normal,19,"[""Activity aligns with standard operational baseline and security policies""]"
EVT00964,Normal,-0.0518049502881279,Privilege Escalation,Normal,14,"[""Activity aligns with standard operational baseline and security policies""]"
EVT00965,Normal,-0.0230821147643113,Brute Force,Low Threat,43,"[""Excessive failed login attempts (19 attempts exceeded threshold of 10)"", ""High asset vulnerability present (CVSS 8.7)"", ""Escalated to Low Threat due to isolated active attack indicator on Normal ML baseline""]"
EVT00966,Normal,-0.0293368947941385,Port Scan,Normal,18,"[""Activity aligns with standard operational baseline and security policies""]"
EVT00967,Normal,-0.0127923641036515,Malware,Low Threat,45,"[""Malware payload or malicious signature detected"", ""High asset vulnerability present (CVSS 8.0)"", ""Escalated to Low Threat due to isolated active attack indicator on Normal ML baseline""]"
EVT00968,Normal,-0.0223457251690134,Brute Force,Low Threat,33,"[""Excessive failed login attempts (15 attempts exceeded threshold of 10)"", ""Escalated to Low Threat due to isolated active attack indicator on Normal ML baseline""]"
EVT00969,Normal,-0.0813800731953496,Unauthorized File Access,Normal,3,"[""Activity aligns with standard operational baseline and security policies""]"
EVT00970,Normal,-0.0656236995711581,File Access,Normal,6,"[""Activity aligns with standard operational baseline and security policies""]"
EVT00971,Normal,-0.0303803059430135,Phishing,Normal,22,"[""Activity aligns with standard operational baseline and security policies""]"
EVT00972,Normal,-0.0241537757211989,Malware,Low Threat,39,"[""Malware payload or malicious signature detected"", ""Escalated to Low Threat due to isolated active attack indicator on Normal ML baseline""]"
EVT00973,Normal,-0.007877728550339,Malware,Low Threat,36,"[""Malware payload or malicious signature detected"", ""Escalated to Low Threat due to isolated active attack indicator on Normal ML baseline""]"
EVT00974,Normal,-0.0607870647713114,Port Scan,Normal,13,"[""Activity aligns with standard operational baseline and security policies""]"
EVT00975,Normal,-0.0345283320019762,USB / Removable Media,Normal,11,"[""Activity aligns with standard operational baseline and security policies""]"
EVT00976,Normal,-0.0084999493825199,Phishing,Normal,26,"[""Activity aligns with standard operational baseline and security policies""]"
EVT00977,Normal,-0.0245841725964434,Brute Force,Low Threat,41,"[""Elevated failed login attempts (4 attempts)"", ""Critical asset vulnerability present (CVSS 9.8)"", ""Minor escalation to Low Threat due to elevated failed logins with risk context on Normal ML baseline""]"
EVT00978,Normal,-0.0423110255807218,Port Scan,Normal,16,"[""Activity aligns with standard operational baseline and security policies""]"
EVT00979,Normal,-0.0130846554304698,Privilege Escalation,Normal,15,"[""Activity aligns with standard operational baseline and security policies""]"
EVT00980,Normal,-0.0655948852927386,Phishing,Normal,16,"[""Activity aligns with standard operational baseline and security policies""]"
EVT00981,Normal,-0.0672613830348186,Brute Force,Normal,15,"[""Activity aligns with standard operational baseline and security policies""]"
EVT00982,Normal,-0.0575840796575977,SQL Injection,Normal,7,"[""Activity aligns with standard operational baseline and security policies""]"
EVT00983,Normal,-0.0837073976985586,SQL Injection,Normal,9,"[""Activity aligns with standard operational baseline and security policies""]"
EVT00984,Normal,-0.0118767352863833,Malware,Low Threat,35,"[""Malware payload or malicious signature detected"", ""Escalated to Low Threat due to isolated active attack indicator on Normal ML baseline""]"
EVT00985,Normal,-0.040931471014531,Brute Force,Low Threat,36,"[""Excessive failed login attempts (11 attempts exceeded threshold of 10)"", ""Escalated to Low Threat due to isolated active attack indicator on Normal ML baseline""]"
EVT00986,Normal,-0.0220254193770897,Brute Force,Medium Threat,52,"[""Excessive failed login attempts (19 attempts exceeded threshold of 10)"", ""Critical asset vulnerability present (CVSS 9.8)"", ""Escalated to Medium Threat due to strong active attack indicator combined with risk context on Normal ML baseline""]"
EVT00987,Normal,-0.0144495485232547,Malware,Low Threat,40,"[""Malware payload or malicious signature detected"", ""Escalated to Low Threat due to isolated active attack indicator on Normal ML baseline""]"
EVT00988,Normal,-0.0445471526022442,Port Scan,Normal,16,"[""Activity aligns with standard operational baseline and security policies""]"
EVT00989,Normal,-0.0305274979519872,SQL Injection,Normal,12,"[""Activity aligns with standard operational baseline and security policies""]"
EVT00990,Normal,-0.0413529195116459,Brute Force,Normal,19,"[""Activity aligns with standard operational baseline and security policies""]"
EVT00991,Normal,-0.0394776282891458,Brute Force,Low Threat,38,"[""Elevated failed login attempts (8 attempts)"", ""Critical asset vulnerability present (CVSS 9.3)"", ""Minor escalation to Low Threat due to elevated failed logins with risk context on Normal ML baseline""]"
EVT00992,Normal,-0.0307767436129731,Brute Force,Normal,21,"[""Activity aligns with standard operational baseline and security policies""]"
EVT00993,Normal,-0.0491461991792516,File Access,Normal,9,"[""Activity aligns with standard operational baseline and security policies""]"
EVT00994,Normal,-0.0241713210826181,Malware,Low Threat,39,"[""Malware payload or malicious signature detected"", ""Escalated to Low Threat due to isolated active attack indicator on Normal ML baseline""]"
EVT00995,Normal,-0.0581385120179822,File Access,Normal,17,"[""Activity aligns with standard operational baseline and security policies""]"
EVT00996,Normal,-0.0182684748866117,Phishing,Normal,20,"[""Activity aligns with standard operational baseline and security policies""]"
EVT00997,Normal,-0.0405619876594359,Phishing,Normal,16,"[""Activity aligns with standard operational baseline and security policies""]"
EVT00998,Normal,-0.0063209220887078,Port Scan,Normal,22,"[""Activity aligns with standard operational baseline and security policies""]"
EVT00999,Normal,-0.0319223759986442,USB / Removable Media,Normal,12,"[""Activity aligns with standard operational baseline and security policies""]"
EVT01000,Normal,-0.0483862495497783,Privilege Escalation,Normal,19,"[""Activity aligns with standard operational baseline and security policies""]"
EVT01001,Normal,-0.0576971491629881,Phishing,Normal,7,"[""Activity aligns with standard operational baseline and security policies""]"
EVT01002,Normal,-0.0349164537341177,Brute Force,Low Threat,37,"[""Excessive failed login attempts (18 attempts exceeded threshold of 10)"", ""Escalated to Low Threat due to isolated active attack indicator on Normal ML baseline""]"
EVT01003,Normal,-0.0416685883892947,Brute Force,Low Threat,40,"[""Excessive failed login attempts (12 attempts exceeded threshold of 10)"", ""High asset vulnerability present (CVSS 8.7)"", ""Escalated to Low Threat due to isolated active attack indicator on Normal ML baseline""]"
EVT01004,Normal,-0.0768602779441521,File Access,Normal,10,"[""Activity aligns with standard operational baseline and security policies""]"
EVT01005,Normal,-0.0354975360278779,Malware,Low Threat,31,"[""Malware payload or malicious signature detected"", ""Escalated to Low Threat due to isolated active attack indicator on Normal ML baseline""]"
EVT01006,Normal,-0.0447828753001559,Port Scan,Normal,24,"[""Activity aligns with standard operational baseline and security policies""]"
EVT01007,Normal,-0.0458788035857793,USB / Removable Media,Normal,19,"[""Activity aligns with standard operational baseline and security policies""]"
EVT01008,Normal,-0.0445295875834136,Brute Force,Normal,25,"[""Activity aligns with standard operational baseline and security policies""]"
EVT01009,Normal,-0.0040396492110942,Malware,Low Threat,42,"[""Malware payload or malicious signature detected"", ""Escalated to Low Threat due to isolated active attack indicator on Normal ML baseline""]"
EVT01010,Normal,-0.0234954831424526,Malware,Low Threat,33,"[""Malware payload or malicious signature detected"", ""Escalated to Low Threat due to isolated active attack indicator on Normal ML baseline""]"
EVT01011,Normal,-0.0431977972507472,Phishing,Normal,10,"[""Activity aligns with standard operational baseline and security policies""]"
EVT01012,Normal,-0.0394009728278548,Brute Force,Low Threat,30,"[""Excessive failed login attempts (15 attempts exceeded threshold of 10)"", ""Escalated to Low Threat due to isolated active attack indicator on Normal ML baseline""]"
EVT01013,Normal,-0.0624836700115732,Unauthorized File Access,Normal,21,"[""Activity aligns with standard operational baseline and security policies""]"
EVT01014,Normal,-0.0816142932381424,Unauthorized File Access,Normal,9,"[""Activity aligns with standard operational baseline and security policies""]"
EVT01015,Normal,-0.0449504803224088,Port Scan,Normal,20,"[""Activity aligns with standard operational baseline and security policies""]"
EVT01016,Normal,-0.0728639554253109,Brute Force,Normal,20,"[""Activity aligns with standard operational baseline and security policies""]"
EVT01017,Normal,-0.0552934988526795,Port Scan,Normal,14,"[""Activity aligns with standard operational baseline and security policies""]"
EVT01018,Normal,-0.0750644479694778,SQL Injection,Normal,10,"[""Activity aligns with standard operational baseline and security policies""]"
EVT01019,Normal,-0.0812284418041699,Unauthorized File Access,Normal,3,"[""Activity aligns with standard operational baseline and security policies""]"
EVT01020,Normal,-0.0649775188949093,Port Scan,Normal,6,"[""Activity aligns with standard operational baseline and security policies""]"
EVT01021,Normal,-0.0339724400975858,Brute Force,Normal,21,"[""Activity aligns with standard operational baseline and security policies""]"
EVT01022,Normal,-0.0668894927003703,Unauthorized File Access,Normal,20,"[""Activity aligns with standard operational baseline and security policies""]"
EVT01023,Normal,-0.0668960429417881,Port Scan,Normal,12,"[""Activity aligns with standard operational baseline and security policies""]"
EVT01024,Normal,-0.0587662352916346,Privilege Escalation,Normal,7,"[""Activity aligns with standard operational baseline and security policies""]"
EVT01025,Normal,-0.0024356674815391,Brute Force,Low Threat,37,"[""Excessive failed login attempts (16 attempts exceeded threshold of 10)"", ""Escalated to Low Threat due to isolated active attack indicator on Normal ML baseline""]"
EVT01026,Normal,-0.0548696336305692,Privilege Escalation,Normal,14,"[""Activity aligns with standard operational baseline and security policies""]"
EVT01027,Normal,-0.0714079484240049,File Access,Normal,11,"[""Activity aligns with standard operational baseline and security policies""]"
EVT01028,Normal,-0.0622687294823184,Privilege Escalation,Normal,7,"[""Activity aligns with standard operational baseline and security policies""]"
EVT01029,Normal,-0.0502803975700099,Brute Force,Normal,18,"[""Activity aligns with standard operational baseline and security policies""]"
EVT01030,Normal,-0.0383382443855088,Port Scan,Normal,17,"[""Activity aligns with standard operational baseline and security policies""]"
EVT01031,Suspicious,0.0190947657604785,Brute Force,Critical Threat,77,"[""Excessive failed login attempts (20 attempts exceeded threshold of 10)"", ""Critical asset vulnerability present (CVSS 9.2)"", ""Isolation Forest flagged event as anomalous (score: 0.019095)""]"
EVT01032,Normal,-0.0281715058756731,Privilege Escalation,Normal,13,"[""Activity aligns with standard operational baseline and security policies""]"
EVT01033,Normal,-0.0613444738786353,Unauthorized File Access,Normal,7,"[""Activity aligns with standard operational baseline and security policies""]"
EVT01034,Normal,-0.0600799374637419,Port Scan,Normal,13,"[""Activity aligns with standard operational baseline and security policies""]"
EVT01035,Normal,-0.0661851380025297,Privilege Escalation,Normal,16,"[""Activity aligns with standard operational baseline and security policies""]"
EVT01036,Normal,-0.0471576547536566,Port Scan,Normal,23,"[""Activity aligns with standard operational baseline and security policies""]"
EVT01037,Normal,-0.0509076721199561,SQL Injection,Normal,9,"[""Activity aligns with standard operational baseline and security policies""]"
EVT01038,Normal,-0.0359059031289103,Privilege Escalation,Normal,11,"[""Activity aligns with standard operational baseline and security policies""]"
EVT01039,Normal,-0.0163641877038689,Malware,Low Threat,44,"[""Malware payload or malicious signature detected"", ""High asset vulnerability present (CVSS 7.6)"", ""Escalated to Low Threat due to isolated active attack indicator on Normal ML baseline""]"
EVT01040,Normal,-0.0323525393667316,Brute Force,Low Threat,31,"[""Excessive failed login attempts (17 attempts exceeded threshold of 10)"", ""Escalated to Low Threat due to isolated active attack indicator on Normal ML baseline""]"
EVT01041,Normal,-0.0576239440407913,Brute Force,Normal,26,"[""Activity aligns with standard operational baseline and security policies""]"
EVT01042,Normal,-0.0481209094653714,Unauthorized File Access,Normal,19,"[""Activity aligns with standard operational baseline and security policies""]"
EVT01043,Suspicious,0.0185948707311823,Brute Force,Critical Threat,69,"[""Excessive failed login attempts (19 attempts exceeded threshold of 10)"", ""Isolation Forest flagged event as anomalous (score: 0.018595)""]"
EVT01044,Normal,-0.0440759114641343,USB / Removable Media,Normal,20,"[""Activity aligns with standard operational baseline and security policies""]"
EVT01045,Normal,-0.023284020336471,Brute Force,Low Threat,39,"[""Excessive failed login attempts (19 attempts exceeded threshold of 10)"", ""Escalated to Low Threat due to isolated active attack indicator on Normal ML baseline""]"
EVT01046,Normal,-0.0502003232147232,USB / Removable Media,Normal,9,"[""Activity aligns with standard operational baseline and security policies""]"
EVT01047,Normal,-0.0257945095266229,Brute Force,Low Threat,32,"[""Excessive failed login attempts (15 attempts exceeded threshold of 10)"", ""Escalated to Low Threat due to isolated active attack indicator on Normal ML baseline""]"
EVT01048,Normal,-0.0171404456815084,Phishing,Normal,21,"[""Activity aligns with standard operational baseline and security policies""]"
EVT01049,Suspicious,0.0077619775229639,Brute Force,Critical Threat,60,"[""Elevated failed login attempts (6 attempts)"", ""Isolation Forest flagged event as anomalous (score: 0.007762)""]"
EVT01050,Normal,-0.0442295826303433,Port Scan,Normal,10,"[""Activity aligns with standard operational baseline and security policies""]"
EVT01051,Normal,-0.03725794416254,Brute Force,Normal,26,"[""Activity aligns with standard operational baseline and security policies""]"
EVT01052,Normal,-0.0637135338824024,File Access,Normal,6,"[""Activity aligns with standard operational baseline and security policies""]"
EVT01053,Normal,-0.0782829051278822,SQL Injection,Normal,10,"[""Activity aligns with standard operational baseline and security policies""]"
EVT01054,Normal,-0.029386038266391,Brute Force,Low Threat,32,"[""Excessive failed login attempts (12 attempts exceeded threshold of 10)"", ""Escalated to Low Threat due to isolated active attack indicator on Normal ML baseline""]"
EVT01055,Normal,-0.0767219094549555,Unauthorized File Access,Normal,4,"[""Activity aligns with standard operational baseline and security policies""]"
EVT01056,Normal,-0.0119564041971825,Port Scan,Normal,15,"[""Activity aligns with standard operational baseline and security policies""]"
EVT01057,Normal,-0.0295141910072159,Brute Force,Low Threat,32,"[""Excessive failed login attempts (16 attempts exceeded threshold of 10)"", ""Escalated to Low Threat due to isolated active attack indicator on Normal ML baseline""]"
EVT01058,Suspicious,0.0301874308341311,Malware,Critical Threat,76,"[""Malware payload or malicious signature detected"", ""High asset vulnerability present (CVSS 7.6)"", ""Isolation Forest flagged event as anomalous (score: 0.030187)""]"
EVT01059,Normal,-0.0359274908177964,Port Scan,Normal,21,"[""Activity aligns with standard operational baseline and security policies""]"
EVT01060,Normal,-0.0341419478751405,Privilege Escalation,Normal,22,"[""Activity aligns with standard operational baseline and security policies""]"
EVT01061,Normal,-0.0432661025628923,Phishing,Normal,10,"[""Activity aligns with standard operational baseline and security policies""]"
EVT01062,Normal,-0.0392018675943377,Malware,Low Threat,36,"[""Malware payload or malicious signature detected"", ""Escalated to Low Threat due to isolated active attack indicator on Normal ML baseline""]"
EVT01063,Normal,-0.0487223435298129,Phishing,Normal,9,"[""Activity aligns with standard operational baseline and security policies""]"
EVT01064,Normal,-0.0588163288739521,SQL Injection,Normal,7,"[""Activity aligns with standard operational baseline and security policies""]"
EVT01065,Normal,-0.0076075135469283,Malware,Low Threat,36,"[""Malware payload or malicious signature detected"", ""Escalated to Low Threat due to isolated active attack indicator on Normal ML baseline""]"
EVT01066,Normal,-0.0061605198776285,Malware,Low Threat,36,"[""Malware payload or malicious signature detected"", ""Escalated to Low Threat due to isolated active attack indicator on Normal ML baseline""]"
EVT01067,Normal,-0.0165295204352154,Brute Force,Low Threat,40,"[""Excessive failed login attempts (12 attempts exceeded threshold of 10)"", ""Escalated to Low Threat due to isolated active attack indicator on Normal ML baseline""]"
EVT01068,Normal,-0.0473248394843326,Brute Force,Low Threat,35,"[""Excessive failed login attempts (15 attempts exceeded threshold of 10)"", ""Escalated to Low Threat due to isolated active attack indicator on Normal ML baseline""]"
EVT01069,Normal,-0.0373787330732995,Port Scan,Normal,25,"[""Activity aligns with standard operational baseline and security policies""]"
EVT01070,Normal,-0.072802521894667,Unauthorized File Access,Normal,15,"[""Activity aligns with standard operational baseline and security policies""]"
EVT01071,Normal,-0.0601132824053357,SQL Injection,Normal,13,"[""Activity aligns with standard operational baseline and security policies""]"
EVT01072,Normal,-0.012296772009619,Phishing,Normal,25,"[""Activity aligns with standard operational baseline and security policies""]"
EVT01073,Normal,-0.016810566024022,Brute Force,Low Threat,44,"[""Excessive failed login attempts (20 attempts exceeded threshold of 10)"", ""High asset vulnerability present (CVSS 8.5)"", ""Escalated to Low Threat due to isolated active attack indicator on Normal ML baseline""]"
EVT01074,Normal,-0.0507630384408031,Privilege Escalation,Normal,23,"[""Activity aligns with standard operational baseline and security policies""]"
EVT01075,Normal,-0.0385607392239277,SQL Injection,Normal,17,"[""Activity aligns with standard operational baseline and security policies""]"
EVT01076,Normal,-0.0645995126641407,SQL Injection,Normal,6,"[""Activity aligns with standard operational baseline and security policies""]"
EVT01077,Normal,-0.0239636207682183,Malware,Low Threat,33,"[""Malware payload or malicious signature detected"", ""Escalated to Low Threat due to isolated active attack indicator on Normal ML baseline""]"
EVT01078,Normal,-0.0046761506152182,Brute Force,Low Threat,36,"[""Excessive failed login attempts (12 attempts exceeded threshold of 10)"", ""Escalated to Low Threat due to isolated active attack indicator on Normal ML baseline""]"
EVT01079,Normal,-0.0500390563774613,Port Scan,Normal,9,"[""Activity aligns with standard operational baseline and security policies""]"
EVT01080,Normal,-0.0236396923654031,USB / Removable Media,Normal,23,"[""Activity aligns with standard operational baseline and security policies""]"
EVT01081,Normal,-0.0352264798369111,Malware,Medium Threat,41,"[""Malware payload or malicious signature detected"", ""Activity occurred outside standard operational hours (18:00)"", ""Escalated to Medium Threat due to strong active attack indicator combined with risk context on Normal ML baseline""]"
EVT01082,Normal,-0.0388815317264843,USB / Removable Media,Normal,27,"[""Activity aligns with standard operational baseline and security policies""]"
EVT01083,Normal,-0.031783912265327,USB / Removable Media,Normal,24,"[""Activity aligns with standard operational baseline and security policies""]"
EVT01084,Normal,-0.0508521642901438,Port Scan,Normal,21,"[""Activity aligns with standard operational baseline and security policies""]"
EVT01085,Normal,-0.0372695649356782,Malware,Medium Threat,47,"[""Malware payload or malicious signature detected"", ""Activity occurred outside standard operational hours (18:00)"", ""Escalated to Medium Threat due to strong active attack indicator combined with risk context on Normal ML baseline""]"
EVT01086,Normal,-0.0542753358644358,Phishing,Normal,20,"[""Activity aligns with standard operational baseline and security policies""]"
EVT01087,Normal,-0.0388728210629948,Brute Force,Medium Threat,41,"[""Excessive failed login attempts (20 attempts exceeded threshold of 10)"", ""Activity occurred outside standard operational hours (18:00)"", ""Escalated to Medium Threat due to strong active attack indicator combined with risk context on Normal ML baseline""]"
EVT01088,Normal,-0.0412259966689896,Brute Force,Medium Threat,50,"[""Excessive failed login attempts (16 attempts exceeded threshold of 10)"", ""High asset vulnerability present (CVSS 7.3)"", ""Activity occurred outside standard operational hours (18:00)"", ""Escalated to Medium Threat due to strong active attack indicator combined with risk context on Normal ML baseline""]"
EVT01089,Normal,-0.0745502428518907,Brute Force,Low Threat,30,"[""Elevated failed login attempts (7 attempts)"", ""Activity occurred outside standard operational hours (18:00)"", ""Minor escalation to Low Threat due to elevated failed logins with risk context on Normal ML baseline""]"
EVT01090,Normal,-0.0571669144392815,Phishing,Normal,23,"[""Activity aligns with standard operational baseline and security policies""]"
EVT01091,Normal,-0.0405526431256004,Brute Force,Medium Threat,46,"[""Excessive failed login attempts (14 attempts exceeded threshold of 10)"", ""Activity occurred outside standard operational hours (18:00)"", ""Escalated to Medium Threat due to strong active attack indicator combined with risk context on Normal ML baseline""]"
EVT01092,Normal,-0.0709015425180727,Privilege Escalation,Normal,11,"[""Activity aligns with standard operational baseline and security policies""]"
EVT01093,Normal,-0.0393507022992374,Malware,Medium Threat,47,"[""Malware payload or malicious signature detected"", ""Activity occurred outside standard operational hours (19:00)"", ""Escalated to Medium Threat due to strong active attack indicator combined with risk context on Normal ML baseline""]"
EVT01094,Normal,-0.0080765498106345,Brute Force,Normal,39,"[""Activity aligns with standard operational baseline and security policies""]"
EVT01095,Normal,-0.0234732449969953,Phishing,Normal,25,"[""Activity aligns with standard operational baseline and security policies""]"
EVT01096,Normal,-0.0500382627822941,Brute Force,Low Threat,34,"[""Elevated failed login attempts (7 attempts)"", ""Activity occurred outside standard operational hours (19:00)"", ""Minor escalation to Low Threat due to elevated failed logins with risk context on Normal ML baseline""]"
EVT01097,Normal,-0.0054100299298242,Normal Activity,Normal,36,"[""Activity aligns with standard operational baseline and security policies""]"
EVT01098,Normal,-0.0169522482048432,Unauthorized File Access,Normal,31,"[""Activity aligns with standard operational baseline and security policies""]"
EVT01099,Normal,-0.0575429175697204,USB / Removable Media,Normal,13,"[""Activity aligns with standard operational baseline and security policies""]"
EVT01100,Normal,-0.0333923087477513,Brute Force,Low Threat,37,"[""Elevated failed login attempts (7 attempts)"", ""Activity occurred outside standard operational hours (19:00)"", ""Minor escalation to Low Threat due to elevated failed logins with risk context on Normal ML baseline""]"
EVT01101,Normal,-0.0578467457773818,SQL Injection,Normal,23,"[""Activity aligns with standard operational baseline and security policies""]"
EVT01102,Normal,-0.0653673143583999,Brute Force,Normal,25,"[""Activity aligns with standard operational baseline and security policies""]"
EVT01103,Normal,-0.0048563242368068,Port Scan,Normal,33,"[""Activity aligns with standard operational baseline and security policies""]"
EVT01104,Normal,-0.0407390474108149,Brute Force,Low Threat,40,"[""Elevated failed login attempts (4 attempts)"", ""High asset vulnerability present (CVSS 7.0)"", ""Activity occurred outside standard operational hours (19:00)"", ""Minor escalation to Low Threat due to elevated failed logins with risk context on Normal ML baseline""]"
EVT01105,Normal,-0.0295502374588755,Brute Force,Low Threat,32,"[""Elevated failed login attempts (5 attempts)"", ""Activity occurred outside standard operational hours (20:00)"", ""Minor escalation to Low Threat due to elevated failed logins with risk context on Normal ML baseline""]"
EVT01106,Normal,-0.0663158952300359,Privilege Escalation,Normal,22,"[""Activity aligns with standard operational baseline and security policies""]"
EVT01107,Normal,-0.0274069424443105,Brute Force,Medium Threat,49,"[""Excessive failed login attempts (11 attempts exceeded threshold of 10)"", ""Activity occurred outside standard operational hours (20:00)"", ""Escalated to Medium Threat due to strong active attack indicator combined with risk context on Normal ML baseline""]"
EVT01108,Normal,-0.0457720298677705,SQL Injection,Normal,21,"[""Activity aligns with standard operational baseline and security policies""]"
EVT01109,Normal,-0.0352596021802242,Malware,Medium Threat,41,"[""Malware payload or malicious signature detected"", ""Activity occurred outside standard operational hours (20:00)"", ""Escalated to Medium Threat due to strong active attack indicator combined with risk context on Normal ML baseline""]"
EVT01110,Normal,-0.0510267237669905,Brute Force,Normal,24,"[""Activity aligns with standard operational baseline and security policies""]"
EVT01111,Normal,-0.0333510229382536,Brute Force,Normal,21,"[""Activity aligns with standard operational baseline and security policies""]"
EVT01112,Normal,-0.005381907838468,Malware,Medium Threat,57,"[""Malware payload or malicious signature detected"", ""High asset vulnerability present (CVSS 8.2)"", ""Activity occurred outside standard operational hours (20:00)"", ""Escalated to Medium Threat due to strong active attack indicator combined with risk context on Normal ML baseline""]"
EVT01113,Normal,-0.0361553121802391,SQL Injection,Normal,17,"[""Activity aligns with standard operational baseline and security policies""]"
EVT01114,Normal,-0.07337445756795,Unauthorized File Access,Normal,17,"[""Activity aligns with standard operational baseline and security policies""]"
EVT01115,Normal,-0.0632013713103987,Unauthorized File Access,Normal,18,"[""Activity aligns with standard operational baseline and security policies""]"
EVT01116,Normal,-0.0103500351471214,Port Scan,Normal,32,"[""Activity aligns with standard operational baseline and security policies""]"
EVT01117,Normal,-0.0328376155970124,Brute Force,Medium Threat,48,"[""Excessive failed login attempts (20 attempts exceeded threshold of 10)"", ""Activity occurred outside standard operational hours (21:00)"", ""Escalated to Medium Threat due to strong active attack indicator combined with risk context on Normal ML baseline""]"
EVT01118,Normal,-0.0101493002340663,Brute Force,Normal,35,"[""Activity aligns with standard operational baseline and security policies""]"
EVT01119,Normal,-0.0360298442369628,Malware,Medium Threat,47,"[""Malware payload or malicious signature detected"", ""Activity occurred outside standard operational hours (21:00)"", ""Escalated to Medium Threat due to strong active attack indicator combined with risk context on Normal ML baseline""]"
EVT01120,Normal,-0.0388489735589716,Brute Force,Normal,17,"[""Activity aligns with standard operational baseline and security policies""]"
EVT01121,Suspicious,0.0224313170526772,Brute Force,Critical Threat,70,"[""Excessive failed login attempts (20 attempts exceeded threshold of 10)"", ""Activity occurred outside standard operational hours (21:00)"", ""Isolation Forest flagged event as anomalous (score: 0.022431)""]"
EVT01122,Normal,-0.045257625535178,SQL Injection,Normal,22,"[""Activity aligns with standard operational baseline and security policies""]"
EVT01123,Normal,-0.0597277307534718,Unauthorized File Access,Normal,13,"[""Activity aligns with standard operational baseline and security policies""]"
EVT01124,Normal,-0.0624174151672332,USB / Removable Media,Normal,19,"[""Activity aligns with standard operational baseline and security policies""]"
EVT01125,Normal,-0.0226121718113243,Normal Activity,Normal,26,"[""Activity aligns with standard operational baseline and security policies""]"
EVT01126,Normal,-0.0702770867813694,SQL Injection,Normal,21,"[""Activity aligns with standard operational baseline and security policies""]"
EVT01127,Normal,-0.0274364006637131,Normal Activity,Normal,25,"[""Activity aligns with standard operational baseline and security policies""]"
EVT01128,Normal,-0.0262866640466384,USB / Removable Media,Normal,25,"[""Activity aligns with standard operational baseline and security policies""]"
EVT01129,Normal,-0.0429029978994463,Brute Force,Low Threat,39,"[""Elevated failed login attempts (7 attempts)"", ""High asset vulnerability present (CVSS 8.0)"", ""Activity occurred outside standard operational hours (22:00)"", ""Minor escalation to Low Threat due to elevated failed logins with risk context on Normal ML baseline""]"
EVT01130,Normal,-0.0225737513555782,Malware,Medium Threat,50,"[""Malware payload or malicious signature detected"", ""Activity occurred outside standard operational hours (22:00)"", ""Escalated to Medium Threat due to strong active attack indicator combined with risk context on Normal ML baseline""]"
EVT01131,Normal,-0.0354844641402136,Phishing,Normal,27,"[""Activity aligns with standard operational baseline and security policies""]"
EVT01132,Normal,-0.0273436714251879,Malware,Medium Threat,43,"[""Malware payload or malicious signature detected"", ""Activity occurred outside standard operational hours (22:00)"", ""Escalated to Medium Threat due to strong active attack indicator combined with risk context on Normal ML baseline""]"
EVT01133,Normal,-0.0467309486276143,Phishing,Normal,21,"[""Activity aligns with standard operational baseline and security policies""]"
EVT01134,Normal,-0.0372873601075975,Phishing,Normal,23,"[""Activity aligns with standard operational baseline and security policies""]"
EVT01135,Suspicious,0.0166209946732839,Brute Force,Critical Threat,62,"[""Elevated failed login attempts (6 attempts)"", ""Activity occurred outside standard operational hours (22:00)"", ""Isolation Forest flagged event as anomalous (score: 0.016621)""]"
EVT01136,Normal,-0.0421768494920117,Brute Force,Normal,19,"[""Activity aligns with standard operational baseline and security policies""]"
EVT01137,Normal,-0.043694447915153,USB / Removable Media,Normal,16,"[""Activity aligns with standard operational baseline and security policies""]"
EVT01138,Normal,-0.0466309299148,Brute Force,Low Threat,29,"[""Elevated failed login attempts (5 attempts)"", ""Activity occurred outside standard operational hours (22:00)"", ""Minor escalation to Low Threat due to elevated failed logins with risk context on Normal ML baseline""]"
EVT01139,Normal,-0.0397779506463473,Privilege Escalation,Normal,17,"[""Activity aligns with standard operational baseline and security policies""]"
EVT01140,Normal,-0.0311847828394977,Unauthorized File Access,Normal,32,"[""Activity aligns with standard operational baseline and security policies""]"
EVT01141,Normal,-0.0279527917335489,Brute Force,Low Threat,32,"[""Elevated failed login attempts (8 attempts)"", ""Activity occurred outside standard operational hours (23:00)"", ""Minor escalation to Low Threat due to elevated failed logins with risk context on Normal ML baseline""]"
EVT01142,Normal,-0.0402049546283676,Port Scan,Normal,16,"[""Activity aligns with standard operational baseline and security policies""]"
EVT01143,Normal,-0.0298865677789081,Phishing,Normal,32,"[""Activity aligns with standard operational baseline and security policies""]"
EVT01144,Normal,-0.0707852803868147,SQL Injection,Normal,11,"[""Activity aligns with standard operational baseline and security policies""]"
EVT01145,Normal,-0.0669736117525367,Privilege Escalation,Normal,12,"[""Activity aligns with standard operational baseline and security policies""]"
EVT01146,Normal,-0.0219843648285339,Brute Force,Medium Threat,44,"[""Excessive failed login attempts (20 attempts exceeded threshold of 10)"", ""Activity occurred outside standard operational hours (23:00)"", ""Escalated to Medium Threat due to strong active attack indicator combined with risk context on Normal ML baseline""]"
EVT01147,Normal,-0.0059187926735233,Malware,Medium Threat,52,"[""Malware payload or malicious signature detected"", ""Activity occurred outside standard operational hours (23:00)"", ""Escalated to Medium Threat due to strong active attack indicator combined with risk context on Normal ML baseline""]"
EVT01148,Normal,-0.0501795122886731,Brute Force,Normal,28,"[""Activity aligns with standard operational baseline and security policies""]"
EVT01149,Normal,-0.0373047499665189,Privilege Escalation,Low Threat,35,"[""Critical asset vulnerability present (CVSS 10.0)"", ""Activity occurred outside standard operational hours (23:00)"", ""Minor escalation to Low Threat due to critical asset vulnerability and after-hours context on Normal ML baseline""]"
EVT01150,Normal,-0.06854491570214,Unauthorized File Access,Normal,12,"[""Activity aligns with standard operational baseline and security policies""]"
EVT01151,Normal,-0.0565572039102293,Privilege Escalation,Normal,28,"[""Activity aligns with standard operational baseline and security policies""]"
EVT01152,Normal,-0.0258853150680417,Port Scan,Normal,25,"[""Activity aligns with standard operational baseline and security policies""]"
EVT01153,Normal,-0.0150833416859416,Phishing,Normal,27,"[""Activity aligns with standard operational baseline and security policies""]"
EVT01154,Normal,-0.0286194859244248,Phishing,Normal,18,"[""Activity aligns with standard operational baseline and security policies""]"
EVT01155,Normal,-0.0638713633821317,Privilege Escalation,Normal,18,"[""Activity aligns with standard operational baseline and security policies""]"
EVT01156,Normal,-0.01620174849156,Privilege Escalation,Normal,31,"[""Activity aligns with standard operational baseline and security policies""]"
EVT01157,Normal,-0.0088821149636023,Phishing,Normal,28,"[""Activity aligns with standard operational baseline and security policies""]"
EVT01158,Suspicious,0.0186622834757151,Brute Force,Critical Threat,69,"[""Excessive failed login attempts (17 attempts exceeded threshold of 10)"", ""Activity occurred outside standard operational hours (00:00)"", ""Isolation Forest flagged event as anomalous (score: 0.018662)""]"
EVT01159,Normal,-0.0464639541690613,SQL Injection,Normal,21,"[""Activity aligns with standard operational baseline and security policies""]"
EVT01160,Normal,-0.0001856804223542,Malware,Medium Threat,47,"[""Malware payload or malicious signature detected"", ""Activity occurred outside standard operational hours (00:00)"", ""Escalated to Medium Threat due to strong active attack indicator combined with risk context on Normal ML baseline""]"
EVT01161,Normal,-0.0680030339503228,Unauthorized File Access,Normal,26,"[""Activity aligns with standard operational baseline and security policies""]"
EVT01162,Normal,-0.067062576345246,Privilege Escalation,Normal,22,"[""Activity aligns with standard operational baseline and security policies""]"
EVT01163,Normal,-0.0621344104488562,SQL Injection,Normal,23,"[""Activity aligns with standard operational baseline and security policies""]"
EVT01164,Normal,-0.0569349881310102,Brute Force,Low Threat,33,"[""Elevated failed login attempts (9 attempts)"", ""Activity occurred outside standard operational hours (00:00)"", ""Minor escalation to Low Threat due to elevated failed logins with risk context on Normal ML baseline""]"
EVT01165,Normal,-0.0346035885190855,Unauthorized File Access,Normal,17,"[""Activity aligns with standard operational baseline and security policies""]"
EVT01166,Normal,-0.0618423029481771,Privilege Escalation,Normal,27,"[""Activity aligns with standard operational baseline and security policies""]"
EVT01167,Normal,-0.0303694184860505,Brute Force,Medium Threat,42,"[""Excessive failed login attempts (13 attempts exceeded threshold of 10)"", ""Activity occurred outside standard operational hours (01:00)"", ""Escalated to Medium Threat due to strong active attack indicator combined with risk context on Normal ML baseline""]"
EVT01168,Normal,-0.0192015382340126,Privilege Escalation,Normal,26,"[""Activity aligns with standard operational baseline and security policies""]"
EVT01169,Normal,-0.0401453692246043,Phishing,Normal,16,"[""Activity aligns with standard operational baseline and security policies""]"
EVT01170,Normal,-0.0597251859376515,Privilege Escalation,Normal,19,"[""Activity aligns with standard operational baseline and security policies""]"
EVT01171,Normal,-0.071398547460437,SQL Injection,Normal,17,"[""Activity aligns with standard operational baseline and security policies""]"
EVT01172,Normal,-0.055516642538377,SQL Injection,Normal,24,"[""Activity aligns with standard operational baseline and security policies""]"
EVT01173,Normal,-0.0463182996448417,USB / Removable Media,Normal,15,"[""Activity aligns with standard operational baseline and security policies""]"
EVT01174,Normal,-0.0551247485050157,Unauthorized File Access,Normal,14,"[""Activity aligns with standard operational baseline and security policies""]"
EVT01175,Normal,-0.0016667761092151,USB / Removable Media,Normal,29,"[""Activity aligns with standard operational baseline and security policies""]"
EVT01176,Normal,-0.0527960632783232,Unauthorized File Access,Normal,14,"[""Activity aligns with standard operational baseline and security policies""]"
EVT01177,Normal,-0.0724071694405815,Unauthorized File Access,Normal,11,"[""Activity aligns with standard operational baseline and security policies""]"
EVT01178,Normal,-0.0781007161624759,SQL Injection,Normal,16,"[""Activity aligns with standard operational baseline and security policies""]"
EVT01179,Normal,-0.0027913030513494,Brute Force,Medium Threat,57,"[""Excessive failed login attempts (17 attempts exceeded threshold of 10)"", ""High asset vulnerability present (CVSS 8.0)"", ""Activity occurred outside standard operational hours (02:00)"", ""Escalated to Medium Threat due to strong active attack indicator combined with risk context on Normal ML baseline""]"
EVT01180,Normal,-0.031127768949361,Privilege Escalation,Normal,32,"[""Activity aligns with standard operational baseline and security policies""]"
EVT01181,Normal,-0.003207053663908,Brute Force,Medium Threat,47,"[""Excessive failed login attempts (15 attempts exceeded threshold of 10)"", ""Activity occurred outside standard operational hours (02:00)"", ""Escalated to Medium Threat due to strong active attack indicator combined with risk context on Normal ML baseline""]"
EVT01182,Normal,-0.0435828937962826,USB / Removable Media,Normal,22,"[""Activity aligns with standard operational baseline and security policies""]"
EVT01183,Normal,-0.0523853286336552,Privilege Escalation,Normal,14,"[""Activity aligns with standard operational baseline and security policies""]"
EVT01184,Normal,-0.0229437519642766,Malware,Medium Threat,43,"[""Malware payload or malicious signature detected"", ""Activity occurred outside standard operational hours (02:00)"", ""Escalated to Medium Threat due to strong active attack indicator combined with risk context on Normal ML baseline""]"
EVT01185,Normal,-0.0593174844807944,Unauthorized File Access,Normal,13,"[""Activity aligns with standard operational baseline and security policies""]"
EVT01186,Normal,-0.03080228941407,SQL Injection,Normal,28,"[""Activity aligns with standard operational baseline and security policies""]"
EVT01187,Normal,-0.0600395623189627,Brute Force,Medium Threat,43,"[""Excessive failed login attempts (12 attempts exceeded threshold of 10)"", ""Activity occurred outside standard operational hours (02:00)"", ""Escalated to Medium Threat due to strong active attack indicator combined with risk context on Normal ML baseline""]"
EVT01188,Normal,-0.0199245033885102,USB / Removable Media,Normal,20,"[""Activity aligns with standard operational baseline and security policies""]"
EVT01189,Normal,-0.0150880496192125,Phishing,Normal,21,"[""Activity aligns with standard operational baseline and security policies""]"
EVT01190,Normal,-0.0006269094187434,Brute Force,Low Threat,37,"[""Elevated failed login attempts (4 attempts)"", ""Activity occurred outside standard operational hours (03:00)"", ""Minor escalation to Low Threat due to elevated failed logins with risk context on Normal ML baseline""]"
EVT01191,Normal,-0.0213785240575001,Port Scan,Normal,26,"[""Activity aligns with standard operational baseline and security policies""]"
EVT01192,Normal,-0.0325793022558747,USB / Removable Media,Normal,24,"[""Activity aligns with standard operational baseline and security policies""]"
EVT01193,Normal,-0.0902768873442268,Unauthorized File Access,Normal,14,"[""Activity aligns with standard operational baseline and security policies""]"
EVT01194,Normal,-0.0451451923615255,Phishing,Normal,26,"[""Activity aligns with standard operational baseline and security policies""]"
EVT01195,Normal,-0.0320815558908208,Brute Force,Normal,21,"[""Activity aligns with standard operational baseline and security policies""]"
EVT01196,Normal,-0.028625770977141,Phishing,Normal,18,"[""Activity aligns with standard operational baseline and security policies""]"
EVT01197,Normal,-0.0445360809438038,Brute Force,Low Threat,29,"[""Elevated failed login attempts (10 attempts)"", ""Activity occurred outside standard operational hours (03:00)"", ""Minor escalation to Low Threat due to elevated failed logins with risk context on Normal ML baseline""]"
EVT01198,Normal,-0.0484568247001648,Brute Force,Normal,28,"[""Activity aligns with standard operational baseline and security policies""]"
EVT01199,Suspicious,0.0196419887374171,Malware,Critical Threat,79,"[""Malware payload or malicious signature detected"", ""High asset vulnerability present (CVSS 8.9)"", ""Activity occurred outside standard operational hours (03:00)"", ""Isolation Forest flagged event as anomalous (score: 0.019642)""]"
EVT01200,Normal,-0.0212675343035612,Brute Force,Medium Threat,54,"[""Excessive failed login attempts (14 attempts exceeded threshold of 10)"", ""High asset vulnerability present (CVSS 8.4)"", ""Activity occurred outside standard operational hours (03:00)"", ""Escalated to Medium Threat due to strong active attack indicator combined with risk context on Normal ML baseline""]"
EVT01201,Normal,-0.0629195509132178,Privilege Escalation,Normal,12,"[""Activity aligns with standard operational baseline and security policies""]"
EVT01202,Normal,-0.0344734989419358,Phishing,Normal,17,"[""Activity aligns with standard operational baseline and security policies""]"
EVT01203,Normal,-0.0454874739606226,Malware,Medium Threat,46,"[""Malware payload or malicious signature detected"", ""Activity occurred outside standard operational hours (04:00)"", ""Escalated to Medium Threat due to strong active attack indicator combined with risk context on Normal ML baseline""]"
EVT01204,Normal,-0.0554986073496477,Unauthorized File Access,Normal,14,"[""Activity aligns with standard operational baseline and security policies""]"
EVT01205,Suspicious,0.0062318266233549,Malware,Critical Threat,65,"[""Malware payload or malicious signature detected"", ""Activity occurred outside standard operational hours (04:00)"", ""Isolation Forest flagged event as anomalous (score: 0.006232)""]"
EVT01206,Normal,-0.0455125566208531,Unauthorized File Access,Normal,16,"[""Activity aligns with standard operational baseline and security policies""]"
EVT01207,Normal,-0.0576994620697738,Brute Force,Low Threat,37,"[""Elevated failed login attempts (7 attempts)"", ""High asset vulnerability present (CVSS 8.1)"", ""Activity occurred outside standard operational hours (04:00)"", ""Minor escalation to Low Threat due to elevated failed logins with risk context on Normal ML baseline""]"
EVT01208,Normal,-0.0529430697884841,Brute Force,Normal,31,"[""Activity aligns with standard operational baseline and security policies""]"
EVT01209,Normal,-0.0620706278414492,SQL Injection,Normal,23,"[""Activity aligns with standard operational baseline and security policies""]"
EVT01210,Normal,-0.0434146764121315,USB / Removable Media,Normal,22,"[""Activity aligns with standard operational baseline and security policies""]"
EVT01211,Normal,-0.0166092298276848,Port Scan,Normal,35,"[""Activity aligns with standard operational baseline and security policies""]"
EVT01212,Normal,-0.0314214314826928,Port Scan,Normal,24,"[""Activity aligns with standard operational baseline and security policies""]"
EVT01213,Normal,-0.0461541906961319,Phishing,Normal,21,"[""Activity aligns with standard operational baseline and security policies""]"
EVT01214,Suspicious,0.0030292840707254,Brute Force,Critical Threat,70,"[""Excessive failed login attempts (20 attempts exceeded threshold of 10)"", ""Activity occurred outside standard operational hours (05:00)"", ""Isolation Forest flagged event as anomalous (score: 0.003029)""]"
EVT01215,Normal,-0.0416156364926355,Brute Force,Medium Threat,40,"[""Excessive failed login attempts (12 attempts exceeded threshold of 10)"", ""Activity occurred outside standard operational hours (05:00)"", ""Escalated to Medium Threat due to strong active attack indicator combined with risk context on Normal ML baseline""]"
EVT01216,Normal,-0.0603844625804442,Brute Force,Normal,16,"[""Activity aligns with standard operational baseline and security policies""]"
EVT01217,Normal,-0.0259362551825254,Brute Force,Medium Threat,49,"[""Excessive failed login attempts (12 attempts exceeded threshold of 10)"", ""Activity occurred outside standard operational hours (05:00)"", ""Escalated to Medium Threat due to strong active attack indicator combined with risk context on Normal ML baseline""]"
EVT01218,Normal,-0.0460070297386225,Brute Force,Low Threat,29,"[""Elevated failed login attempts (9 attempts)"", ""Activity occurred outside standard operational hours (05:00)"", ""Minor escalation to Low Threat due to elevated failed logins with risk context on Normal ML baseline""]"
EVT01219,Normal,-0.034473603357622,Brute Force,Normal,20,"[""Activity aligns with standard operational baseline and security policies""]"
EVT01220,Normal,-0.0351726112799571,SQL Injection,Normal,17,"[""Activity aligns with standard operational baseline and security policies""]"
EVT01221,Normal,-0.0592189102658373,Unauthorized File Access,Normal,19,"[""Activity aligns with standard operational baseline and security policies""]"
EVT01222,Normal,-0.0326615300198922,Malware,Medium Threat,48,"[""Malware payload or malicious signature detected"", ""Activity occurred outside standard operational hours (05:00)"", ""Escalated to Medium Threat due to strong active attack indicator combined with risk context on Normal ML baseline""]"
EVT01223,Normal,-0.0722773251300806,Unauthorized File Access,Normal,17,"[""Activity aligns with standard operational baseline and security policies""]"
EVT01224,Normal,-0.0307363791400028,Brute Force,Low Threat,46,"[""Elevated failed login attempts (10 attempts)"", ""Critical asset vulnerability present (CVSS 9.9)"", ""Activity occurred outside standard operational hours (05:00)"", ""Minor escalation to Low Threat due to elevated failed logins with risk context on Normal ML baseline""]"
EVT01225,Normal,-0.0337689460868222,Malware,Medium Threat,42,"[""Malware payload or malicious signature detected"", ""Activity occurred outside standard operational hours (06:00)"", ""Escalated to Medium Threat due to strong active attack indicator combined with risk context on Normal ML baseline""]"
EVT01226,Normal,-0.0438050184495195,SQL Injection,Normal,26,"[""Activity aligns with standard operational baseline and security policies""]"
EVT01227,Normal,-0.0195327215839216,Brute Force,Medium Threat,44,"[""Excessive failed login attempts (13 attempts exceeded threshold of 10)"", ""Activity occurred outside standard operational hours (06:00)"", ""Escalated to Medium Threat due to strong active attack indicator combined with risk context on Normal ML baseline""]"
EVT01228,Normal,-0.0537806434372935,Privilege Escalation,Normal,24,"[""Activity aligns with standard operational baseline and security policies""]"
EVT01229,Normal,-0.0561204725341978,Brute Force,Medium Threat,44,"[""Excessive failed login attempts (11 attempts exceeded threshold of 10)"", ""Activity occurred outside standard operational hours (06:00)"", ""Escalated to Medium Threat due to strong active attack indicator combined with risk context on Normal ML baseline""]"
EVT01230,Normal,-0.0646046868303573,Unauthorized File Access,Normal,22,"[""Activity aligns with standard operational baseline and security policies""]"
EVT01231,Normal,-0.0344912353232201,Phishing,Normal,17,"[""Activity aligns with standard operational baseline and security policies""]"
EVT01232,Normal,-0.0913494186592784,Unauthorized File Access,Normal,14,"[""Activity aligns with standard operational baseline and security policies""]"
EVT01233,Suspicious,0.0416559789282169,Malware,Critical Threat,76,"[""Malware payload or malicious signature detected"", ""Activity occurred outside standard operational hours (06:00)"", ""Isolation Forest flagged event as anomalous (score: 0.041656)""]"
EVT01234,Normal,-0.045887049382758,USB / Removable Media,Normal,21,"[""Activity aligns with standard operational baseline and security policies""]"
EVT01235,Normal,-0.0767019080281593,Unauthorized File Access,Normal,20,"[""Activity aligns with standard operational baseline and security policies""]"
EVT01236,Normal,-0.0321588835920848,Brute Force,Medium Threat,42,"[""Excessive failed login attempts (16 attempts exceeded threshold of 10)"", ""Activity occurred outside standard operational hours (06:00)"", ""Escalated to Medium Threat due to strong active attack indicator combined with risk context on Normal ML baseline""]"
EVT01237,Normal,-0.0123388574184677,Malware,Medium Threat,51,"[""Malware payload or malicious signature detected"", ""Activity occurred outside standard operational hours (07:00)"", ""Escalated to Medium Threat due to strong active attack indicator combined with risk context on Normal ML baseline""]"
EVT01238,Suspicious,0.0069747739864988,Malware,Critical Threat,76,"[""Malware payload or malicious signature detected"", ""High asset vulnerability present (CVSS 7.8)"", ""Activity occurred outside standard operational hours (07:00)"", ""Isolation Forest flagged event as anomalous (score: 0.006975)""]"
EVT01239,Normal,-0.0617814091707098,Privilege Escalation,Normal,19,"[""Activity aligns with standard operational baseline and security policies""]"
EVT01240,Normal,-0.0385391402439057,Unauthorized File Access,Normal,31,"[""Activity aligns with standard operational baseline and security policies""]"
EVT01241,Normal,-0.0356598821382481,Brute Force,Normal,17,"[""Activity aligns with standard operational baseline and security policies""]"
EVT01242,Normal,-0.0247600844386741,Brute Force,Low Threat,43,"[""Elevated failed login attempts (6 attempts)"", ""High asset vulnerability present (CVSS 8.4)"", ""Activity occurred outside standard operational hours (07:00)"", ""Minor escalation to Low Threat due to elevated failed logins with risk context on Normal ML baseline""]"
EVT01243,Normal,-0.046271135500379,USB / Removable Media,Normal,25,"[""Activity aligns with standard operational baseline and security policies""]"
EVT01244,Normal,-0.032704990480971,Malware,Medium Threat,42,"[""Malware payload or malicious signature detected"", ""Activity occurred outside standard operational hours (07:00)"", ""Escalated to Medium Threat due to strong active attack indicator combined with risk context on Normal ML baseline""]"
EVT01245,Normal,-0.0215065358552049,USB / Removable Media,Normal,26,"[""Activity aligns with standard operational baseline and security policies""]"
EVT01246,Normal,-0.0653198239478967,Privilege Escalation,Normal,26,"[""Activity aligns with standard operational baseline and security policies""]"
EVT01247,Normal,-0.0631302425021736,Privilege Escalation,Normal,26,"[""Activity aligns with standard operational baseline and security policies""]"
EVT01248,Normal,-0.031365478002123,Malware,Medium Threat,52,"[""Malware payload or malicious signature detected"", ""High asset vulnerability present (CVSS 8.4)"", ""Activity occurred outside standard operational hours (07:00)"", ""Escalated to Medium Threat due to strong active attack indicator combined with risk context on Normal ML baseline""]"
EVT01249,Normal,-0.0291407098996208,USB / Removable Media,Normal,18,"[""Activity aligns with standard operational baseline and security policies""]"
EVT01250,Normal,-0.0425629662497461,Brute Force,Low Threat,30,"[""Excessive failed login attempts (13 attempts exceeded threshold of 10)"", ""Escalated to Low Threat due to isolated active attack indicator on Normal ML baseline""]"
EVT01251,Normal,-0.0660116258419006,Phishing,Normal,6,"[""Activity aligns with standard operational baseline and security policies""]"
EVT01252,Normal,-0.0683336526139666,Unauthorized File Access,Normal,6,"[""Activity aligns with standard operational baseline and security policies""]"
EVT01253,Normal,-0.0016431356341262,Brute Force,Low Threat,37,"[""Excessive failed login attempts (16 attempts exceeded threshold of 10)"", ""Escalated to Low Threat due to isolated active attack indicator on Normal ML baseline""]"
EVT01254,Normal,-0.0661054790546278,SQL Injection,Normal,16,"[""Activity aligns with standard operational baseline and security policies""]"
EVT01255,Normal,-0.0193909212130775,Privilege Escalation,Normal,20,"[""Activity aligns with standard operational baseline and security policies""]"
EVT01256,Normal,-0.0555939917878856,File Access,Normal,22,"[""Activity aligns with standard operational baseline and security policies""]"
EVT01257,Normal,-0.0493146345927339,SQL Injection,Normal,15,"[""Activity aligns with standard operational baseline and security policies""]"
EVT01258,Normal,-0.0313864039663409,SQL Injection,Normal,18,"[""Activity aligns with standard operational baseline and security policies""]"
EVT01259,Normal,-0.0366703081556524,Port Scan,Normal,25,"[""Activity aligns with standard operational baseline and security policies""]"
EVT01260,Normal,-0.0136151148498242,Brute Force,Medium Threat,53,"[""Excessive failed login attempts (15 attempts exceeded threshold of 10)"", ""Critical asset vulnerability present (CVSS 9.4)"", ""Escalated to Medium Threat due to strong active attack indicator combined with risk context on Normal ML baseline""]"
EVT01261,Normal,-0.0644446716640896,Brute Force,Normal,15,"[""Activity aligns with standard operational baseline and security policies""]"
EVT01262,Normal,-0.0178534240936401,Privilege Escalation,Normal,14,"[""Activity aligns with standard operational baseline and security policies""]"
EVT01263,Normal,-0.0411023855840642,Brute Force,Normal,29,"[""Activity aligns with standard operational baseline and security policies""]"
EVT01264,Normal,-0.0438213616936641,Brute Force,Normal,29,"[""Activity aligns with standard operational baseline and security policies""]"
EVT01265,Normal,-0.0423364228989391,Phishing,Normal,20,"[""Activity aligns with standard operational baseline and security policies""]"
EVT01266,Normal,-0.0258091075234147,Phishing,Normal,19,"[""Activity aligns with standard operational baseline and security policies""]"
EVT01267,Normal,-0.0480495896902481,Unauthorized File Access,Normal,19,"[""Activity aligns with standard operational baseline and security policies""]"
EVT01268,Normal,-0.0119279450349374,Brute Force,Low Threat,41,"[""Excessive failed login attempts (20 attempts exceeded threshold of 10)"", ""Escalated to Low Threat due to isolated active attack indicator on Normal ML baseline""]"
EVT01269,Normal,-0.0370080634671506,Brute Force,Normal,30,"[""Activity aligns with standard operational baseline and security policies""]"
EVT01270,Normal,-0.0271049873551948,USB / Removable Media,Normal,13,"[""Activity aligns with standard operational baseline and security policies""]"
EVT01271,Normal,-0.072331300353787,Privilege Escalation,Normal,11,"[""Activity aligns with standard operational baseline and security policies""]"
EVT01272,Normal,-0.0512911032942393,Phishing,Normal,9,"[""Activity aligns with standard operational baseline and security policies""]"
EVT01273,Normal,-0.0224635418673906,Malware,Low Threat,33,"[""Malware payload or malicious signature detected"", ""Escalated to Low Threat due to isolated active attack indicator on Normal ML baseline""]"
EVT01274,Normal,-0.035068763269665,Port Scan,Normal,17,"[""Activity aligns with standard operational baseline and security policies""]"
EVT01275,Normal,-0.0533248605914164,Privilege Escalation,Normal,14,"[""Activity aligns with standard operational baseline and security policies""]"
EVT01276,Normal,-0.0372495137508975,Phishing,Normal,25,"[""Activity aligns with standard operational baseline and security policies""]"
EVT01277,Normal,-0.0625278460186721,SQL Injection,Normal,21,"[""Activity aligns with standard operational baseline and security policies""]"
EVT01278,Normal,-0.0339589809902555,File Access,Normal,26,"[""Activity aligns with standard operational baseline and security policies""]"
EVT01279,Normal,-0.0806444365071524,File Access,Normal,9,"[""Activity aligns with standard operational baseline and security policies""]"
EVT01280,Normal,-0.0200435873709816,Port Scan,Normal,14,"[""Activity aligns with standard operational baseline and security policies""]"
EVT01281,Normal,-0.0002123646682714,Malware,Low Threat,37,"[""Malware payload or malicious signature detected"", ""Escalated to Low Threat due to isolated active attack indicator on Normal ML baseline""]"
EVT01282,Normal,-0.047652271707221,SQL Injection,Normal,19,"[""Activity aligns with standard operational baseline and security policies""]"
EVT01283,Normal,-0.0664533022964123,Privilege Escalation,Normal,12,"[""Activity aligns with standard operational baseline and security policies""]"
EVT01284,Normal,-0.0081183131120493,Brute Force,Low Threat,42,"[""Excessive failed login attempts (17 attempts exceeded threshold of 10)"", ""Escalated to Low Threat due to isolated active attack indicator on Normal ML baseline""]"
EVT01285,Normal,-0.0646585795922802,Port Scan,Normal,6,"[""Activity aligns with standard operational baseline and security policies""]"
EVT01286,Normal,-0.0479167946436127,Port Scan,Normal,9,"[""Activity aligns with standard operational baseline and security policies""]"
EVT01287,Normal,-0.056263803872126,Brute Force,Normal,17,"[""Activity aligns with standard operational baseline and security policies""]"
EVT01288,Normal,-0.042440335814682,SQL Injection,Normal,24,"[""Activity aligns with standard operational baseline and security policies""]"
EVT01289,Normal,-0.0196472780171534,Brute Force,Low Threat,34,"[""Excessive failed login attempts (17 attempts exceeded threshold of 10)"", ""Escalated to Low Threat due to isolated active attack indicator on Normal ML baseline""]"
EVT01290,Normal,-0.0472745487533049,Brute Force,Normal,18,"[""Activity aligns with standard operational baseline and security policies""]"
EVT01291,Normal,-0.0413577023843829,Phishing,Normal,16,"[""Activity aligns with standard operational baseline and security policies""]"
EVT01292,Normal,-0.067130514448115,Privilege Escalation,Normal,16,"[""Activity aligns with standard operational baseline and security policies""]"
EVT01293,Normal,-0.0592501479975718,Port Scan,Normal,13,"[""Activity aligns with standard operational baseline and security policies""]"
EVT01294,Normal,-0.030511781298781,USB / Removable Media,Normal,12,"[""Activity aligns with standard operational baseline and security policies""]"
EVT01295,Normal,-0.0261443037274835,Brute Force,Low Threat,32,"[""Excessive failed login attempts (14 attempts exceeded threshold of 10)"", ""Escalated to Low Threat due to isolated active attack indicator on Normal ML baseline""]"
EVT01296,Normal,-0.0594634381146404,SQL Injection,Normal,7,"[""Activity aligns with standard operational baseline and security policies""]"
EVT01297,Normal,-0.0241765717169089,Malware,Low Threat,39,"[""Malware payload or malicious signature detected"", ""Escalated to Low Threat due to isolated active attack indicator on Normal ML baseline""]"
EVT01298,Normal,-0.0525200764613312,Privilege Escalation,Normal,8,"[""Activity aligns with standard operational baseline and security policies""]"
EVT01299,Normal,-0.0519389243452595,USB / Removable Media,Normal,22,"[""Activity aligns with standard operational baseline and security policies""]"
EVT01300,Normal,-0.0232542994703737,Brute Force,Low Threat,33,"[""Excessive failed login attempts (17 attempts exceeded threshold of 10)"", ""Escalated to Low Threat due to isolated active attack indicator on Normal ML baseline""]"
EVT01301,Normal,-0.0349355867052223,Brute Force,Low Threat,41,"[""Excessive failed login attempts (11 attempts exceeded threshold of 10)"", ""High asset vulnerability present (CVSS 7.3)"", ""Escalated to Low Threat due to isolated active attack indicator on Normal ML baseline""]"
EVT01302,Normal,-0.0376550516679268,Port Scan,Normal,17,"[""Activity aligns with standard operational baseline and security policies""]"
EVT01303,Normal,-0.0533392494426609,Privilege Escalation,Normal,8,"[""Activity aligns with standard operational baseline and security policies""]"
EVT01304,Normal,-0.0809182987773141,SQL Injection,Normal,9,"[""Activity aligns with standard operational baseline and security policies""]"
EVT01305,Normal,-0.0683127776882493,SQL Injection,Normal,6,"[""Activity aligns with standard operational baseline and security policies""]"
EVT01306,Normal,-0.0479375388184191,USB / Removable Media,Normal,9,"[""Activity aligns with standard operational baseline and security policies""]"
EVT01307,Normal,-0.0579139905712818,Privilege Escalation,Normal,7,"[""Activity aligns with standard operational baseline and security policies""]"
EVT01308,Normal,-0.0450772027196186,USB / Removable Media,Normal,16,"[""Activity aligns with standard operational baseline and security policies""]"
EVT01309,Normal,-0.0484123668443708,USB / Removable Media,Normal,15,"[""Activity aligns with standard operational baseline and security policies""]"
EVT01310,Normal,-0.0271103215690023,Unauthorized File Access,Normal,13,"[""Activity aligns with standard operational baseline and security policies""]"
EVT01311,Normal,-0.0509668403412909,Port Scan,Normal,9,"[""Activity aligns with standard operational baseline and security policies""]"
EVT01312,Normal,-0.0042555326140357,USB / Removable Media,Normal,17,"[""Activity aligns with standard operational baseline and security policies""]"
EVT01313,Normal,-0.0213857331319112,Brute Force,Low Threat,43,"[""Excessive failed login attempts (14 attempts exceeded threshold of 10)"", ""High asset vulnerability present (CVSS 7.8)"", ""Escalated to Low Threat due to isolated active attack indicator on Normal ML baseline""]"
EVT01314,Suspicious,0.0025939252231915,Malware,Critical Threat,68,"[""Malware payload or malicious signature detected"", ""High asset vulnerability present (CVSS 7.5)"", ""Isolation Forest flagged event as anomalous (score: 0.002594)""]"
EVT01315,Normal,-0.0533181196857907,Brute Force,Low Threat,28,"[""Excessive failed login attempts (11 attempts exceeded threshold of 10)"", ""Escalated to Low Threat due to isolated active attack indicator on Normal ML baseline""]"
EVT01316,Normal,-0.0219314301222505,Privilege Escalation,Normal,20,"[""Activity aligns with standard operational baseline and security policies""]"
EVT01317,Normal,-0.014710545442726,Malware,Medium Threat,53,"[""Malware payload or malicious signature detected"", ""Critical asset vulnerability present (CVSS 9.8)"", ""Escalated to Medium Threat due to strong active attack indicator combined with risk context on Normal ML baseline""]"
EVT01318,Suspicious,0.0001859620318768,Malware,Critical Threat,60,"[""Malware payload or malicious signature detected"", ""Isolation Forest flagged event as anomalous (score: 0.000186)""]"
EVT01319,Normal,-0.0332158569669563,SQL Injection,Normal,26,"[""Activity aligns with standard operational baseline and security policies""]"
EVT01320,Normal,-0.0713819847494475,Privilege Escalation,Normal,11,"[""Activity aligns with standard operational baseline and security policies""]"
EVT01321,Normal,-0.0342571531671805,Malware,Low Threat,31,"[""Malware payload or malicious signature detected"", ""Escalated to Low Threat due to isolated active attack indicator on Normal ML baseline""]"
EVT01322,Normal,-0.0433920076743835,Brute Force,Normal,25,"[""Activity aligns with standard operational baseline and security policies""]"
EVT01323,Normal,-0.042704875327244,Brute Force,Low Threat,30,"[""Excessive failed login attempts (17 attempts exceeded threshold of 10)"", ""Escalated to Low Threat due to isolated active attack indicator on Normal ML baseline""]"
EVT01324,Normal,-0.0271128376234987,USB / Removable Media,Normal,19,"[""Activity aligns with standard operational baseline and security policies""]"
EVT01325,Normal,-0.0610494641105276,Phishing,Normal,7,"[""Activity aligns with standard operational baseline and security policies""]"
EVT01326,Normal,-0.0403987805427722,Privilege Escalation,Normal,16,"[""Activity aligns with standard operational baseline and security policies""]"
EVT01327,Normal,-0.0747047083271311,Privilege Escalation,Normal,10,"[""Activity aligns with standard operational baseline and security policies""]"
EVT01328,Normal,-0.0600440093110987,Brute Force,Normal,22,"[""Activity aligns with standard operational baseline and security policies""]"
EVT01329,Normal,-0.0714594839144079,Unauthorized File Access,Normal,5,"[""Activity aligns with standard operational baseline and security policies""]"
EVT01330,Normal,-0.0445133205743089,Port Scan,Normal,10,"[""Activity aligns with standard operational baseline and security policies""]"
EVT01331,Normal,-0.0365969810564578,SQL Injection,Normal,21,"[""Activity aligns with standard operational baseline and security policies""]"
EVT01332,Normal,-0.0449827783837007,Privilege Escalation,Normal,16,"[""Activity aligns with standard operational baseline and security policies""]"
EVT01333,Normal,-0.0658758510033067,SQL Injection,Normal,12,"[""Activity aligns with standard operational baseline and security policies""]"
EVT01334,Suspicious,0.0111041855302187,Malware,Critical Threat,67,"[""Malware payload or malicious signature detected"", ""Isolation Forest flagged event as anomalous (score: 0.011104)""]"
EVT01335,Normal,-0.042633119927465,Port Scan,Normal,16,"[""Activity aligns with standard operational baseline and security policies""]"
EVT01336,Normal,-0.0536024347626494,File Access,Normal,14,"[""Activity aligns with standard operational baseline and security policies""]"
EVT01337,Normal,-0.029974726106266,Phishing,Normal,12,"[""Activity aligns with standard operational baseline and security policies""]"
EVT01338,Normal,-0.0448205540780464,Brute Force,Normal,25,"[""Activity aligns with standard operational baseline and security policies""]"
EVT01339,Normal,-0.0297659572257555,Brute Force,Low Threat,38,"[""Excessive failed login attempts (17 attempts exceeded threshold of 10)"", ""Escalated to Low Threat due to isolated active attack indicator on Normal ML baseline""]"
EVT01340,Normal,-0.0519960049093983,Port Scan,Normal,8,"[""Activity aligns with standard operational baseline and security policies""]"
EVT01341,Normal,-0.0469151399885494,Brute Force,Normal,18,"[""Activity aligns with standard operational baseline and security policies""]"
EVT01342,Normal,-0.011470560442406,Malware,Medium Threat,53,"[""Malware payload or malicious signature detected"", ""Critical asset vulnerability present (CVSS 9.5)"", ""Escalated to Medium Threat due to strong active attack indicator combined with risk context on Normal ML baseline""]"
EVT01343,Normal,-0.0425258459976157,Brute Force,Normal,19,"[""Activity aligns with standard operational baseline and security policies""]"
EVT01344,Normal,-0.0291150765332795,Phishing,Normal,12,"[""Activity aligns with standard operational baseline and security policies""]"
EVT01345,Normal,-0.0245212036925238,Port Scan,Normal,23,"[""Activity aligns with standard operational baseline and security policies""]"
EVT01346,Normal,-0.0273730511559061,Malware,Medium Threat,51,"[""Malware payload or malicious signature detected"", ""Critical asset vulnerability present (CVSS 9.3)"", ""Escalated to Medium Threat due to strong active attack indicator combined with risk context on Normal ML baseline""]"
EVT01347,Normal,-0.0592463981504665,Brute Force,Low Threat,33,"[""Excessive failed login attempts (11 attempts exceeded threshold of 10)"", ""Escalated to Low Threat due to isolated active attack indicator on Normal ML baseline""]"
EVT01348,Normal,-0.0328097263340541,Privilege Escalation,Normal,12,"[""Activity aligns with standard operational baseline and security policies""]"
EVT01349,Normal,-0.0403630498466525,Unauthorized File Access,Normal,20,"[""Activity aligns with standard operational baseline and security policies""]"
EVT01350,Normal,-0.0439975176238269,Privilege Escalation,Normal,16,"[""Activity aligns with standard operational baseline and security policies""]"
EVT01351,Normal,-0.032508967140062,USB / Removable Media,Normal,18,"[""Activity aligns with standard operational baseline and security policies""]"
EVT01352,Normal,-0.0342876742842271,Malware,Low Threat,41,"[""Malware payload or malicious signature detected"", ""High asset vulnerability present (CVSS 8.9)"", ""Escalated to Low Threat due to isolated active attack indicator on Normal ML baseline""]"
EVT01353,Normal,-0.0419614348479188,Port Scan,Normal,20,"[""Activity aligns with standard operational baseline and security policies""]"
EVT01354,Normal,-0.0074081518090036,Brute Force,Normal,35,"[""Activity aligns with standard operational baseline and security policies""]"
EVT01355,Normal,-0.0223620948048569,USB / Removable Media,Normal,20,"[""Activity aligns with standard operational baseline and security policies""]"
EVT01356,Normal,-0.0288955962193775,USB / Removable Media,Normal,18,"[""Activity aligns with standard operational baseline and security policies""]"
EVT01357,Normal,-0.054745415780967,Privilege Escalation,Normal,8,"[""Activity aligns with standard operational baseline and security policies""]"
EVT01358,Normal,-0.0475832453043763,File Access,Normal,15,"[""Activity aligns with standard operational baseline and security policies""]"
EVT01359,Suspicious,0.0130505222507509,Brute Force,Critical Threat,61,"[""Excessive failed login attempts (17 attempts exceeded threshold of 10)"", ""Isolation Forest flagged event as anomalous (score: 0.013051)""]"
EVT01360,Normal,-0.0251254724888063,Brute Force,Normal,22,"[""Activity aligns with standard operational baseline and security policies""]"
EVT01361,Normal,-0.0645947111275324,SQL Injection,Normal,6,"[""Activity aligns with standard operational baseline and security policies""]"
EVT01362,Normal,-0.0551664549655783,Port Scan,Normal,8,"[""Activity aligns with standard operational baseline and security policies""]"
EVT01363,Normal,-0.0540862942078221,Unauthorized File Access,Normal,14,"[""Activity aligns with standard operational baseline and security policies""]"
EVT01364,Normal,-0.0474264961910457,Brute Force,Low Threat,29,"[""Excessive failed login attempts (18 attempts exceeded threshold of 10)"", ""Escalated to Low Threat due to isolated active attack indicator on Normal ML baseline""]"
EVT01365,Normal,-0.0489088998862742,USB / Removable Media,Normal,15,"[""Activity aligns with standard operational baseline and security policies""]"
EVT01366,Normal,-0.0309259393092494,Phishing,Normal,26,"[""Activity aligns with standard operational baseline and security policies""]"
EVT01367,Normal,-0.005250730544939,Brute Force,Low Threat,46,"[""Excessive failed login attempts (13 attempts exceeded threshold of 10)"", ""High asset vulnerability present (CVSS 8.5)"", ""Escalated to Low Threat due to isolated active attack indicator on Normal ML baseline""]"
EVT01368,Normal,-0.0304211316251755,USB / Removable Media,Normal,12,"[""Activity aligns with standard operational baseline and security policies""]"
EVT01369,Normal,-0.0232588443783232,Brute Force,Medium Threat,57,"[""Excessive failed login attempts (16 attempts exceeded threshold of 10)"", ""Critical asset vulnerability present (CVSS 9.8)"", ""Activity occurred outside standard operational hours (18:00)"", ""Escalated to Medium Threat due to strong active attack indicator combined with risk context on Normal ML baseline""]"
EVT01370,Normal,-0.052153814667786,Phishing,Normal,20,"[""Activity aligns with standard operational baseline and security policies""]"
EVT01371,Normal,-0.0452192023322012,SQL Injection,Normal,22,"[""Activity aligns with standard operational baseline and security policies""]"
EVT01372,Normal,-0.0403495719019614,Privilege Escalation,Low Threat,35,"[""Critical asset vulnerability present (CVSS 9.3)"", ""Activity occurred outside standard operational hours (18:00)"", ""Minor escalation to Low Threat due to critical asset vulnerability and after-hours context on Normal ML baseline""]"
EVT01373,Normal,-0.0501769230545804,Phishing,Normal,15,"[""Activity aligns with standard operational baseline and security policies""]"
EVT01374,Normal,-0.0384436521561163,USB / Removable Media,Normal,23,"[""Activity aligns with standard operational baseline and security policies""]"
EVT01375,Normal,-0.0584878338116,Port Scan,Normal,13,"[""Activity aligns with standard operational baseline and security policies""]"
EVT01376,Normal,-0.0423311891916585,Privilege Escalation,Normal,16,"[""Activity aligns with standard operational baseline and security policies""]"
EVT01377,Normal,-0.0301331068646655,Unauthorized File Access,Normal,28,"[""Activity aligns with standard operational baseline and security policies""]"
EVT01378,Normal,-0.0128417907100949,Brute Force,Medium Threat,55,"[""Excessive failed login attempts (13 attempts exceeded threshold of 10)"", ""High asset vulnerability present (CVSS 8.2)"", ""Activity occurred outside standard operational hours (18:00)"", ""Escalated to Medium Threat due to strong active attack indicator combined with risk context on Normal ML baseline""]"
EVT01379,Normal,-0.0008998767124701,Brute Force,Low Threat,47,"[""Elevated failed login attempts (8 attempts)"", ""High asset vulnerability present (CVSS 8.0)"", ""Activity occurred outside standard operational hours (18:00)"", ""Minor escalation to Low Threat due to elevated failed logins with risk context on Normal ML baseline""]"
EVT01380,Normal,-0.0454647286603611,Privilege Escalation,Normal,22,"[""Activity aligns with standard operational baseline and security policies""]"
EVT01381,Normal,-0.0439430287049454,Port Scan,Normal,30,"[""Activity aligns with standard operational baseline and security policies""]"
EVT01382,Normal,-0.0134647299233384,USB / Removable Media,Normal,35,"[""Activity aligns with standard operational baseline and security policies""]"
EVT01383,Normal,-0.0461564072135196,Port Scan,Normal,29,"[""Activity aligns with standard operational baseline and security policies""]"
EVT01384,Normal,-0.0328485816192337,Brute Force,Medium Threat,56,"[""Excessive failed login attempts (14 attempts exceeded threshold of 10)"", ""Critical asset vulnerability present (CVSS 9.6)"", ""Activity occurred outside standard operational hours (19:00)"", ""Escalated to Medium Threat due to strong active attack indicator combined with risk context on Normal ML baseline""]"
EVT01385,Normal,-0.0224302052907441,Malware,Medium Threat,44,"[""Malware payload or malicious signature detected"", ""Activity occurred outside standard operational hours (19:00)"", ""Escalated to Medium Threat due to strong active attack indicator combined with risk context on Normal ML baseline""]"
EVT01386,Normal,-0.0603076173837266,Brute Force,Normal,30,"[""Activity aligns with standard operational baseline and security policies""]"
EVT01387,Normal,-0.0295761914188931,Brute Force,Medium Threat,52,"[""Excessive failed login attempts (16 attempts exceeded threshold of 10)"", ""High asset vulnerability present (CVSS 8.4)"", ""Activity occurred outside standard operational hours (19:00)"", ""Escalated to Medium Threat due to strong active attack indicator combined with risk context on Normal ML baseline""]"
EVT01388,Normal,-0.0394328980268365,Brute Force,Low Threat,44,"[""Elevated failed login attempts (8 attempts)"", ""Critical asset vulnerability present (CVSS 9.6)"", ""Activity occurred outside standard operational hours (19:00)"", ""Minor escalation to Low Threat due to elevated failed logins with risk context on Normal ML baseline""]"
EVT01389,Normal,-0.0277530298125814,USB / Removable Media,Normal,25,"[""Activity aligns with standard operational baseline and security policies""]"
EVT01390,Normal,-0.0307343834435124,Port Scan,Normal,18,"[""Activity aligns with standard operational baseline and security policies""]"
EVT01391,Normal,-0.036996199742497,Port Scan,Normal,17,"[""Activity aligns with standard operational baseline and security policies""]"
EVT01392,Normal,-0.0210467023295654,Malware,Medium Threat,50,"[""Malware payload or malicious signature detected"", ""Activity occurred outside standard operational hours (19:00)"", ""Escalated to Medium Threat due to strong active attack indicator combined with risk context on Normal ML baseline""]"
EVT01393,Normal,-0.0582609324039796,Unauthorized File Access,Normal,13,"[""Activity aligns with standard operational baseline and security policies""]"
EVT01394,Normal,-0.0169922779673352,Brute Force,Low Threat,48,"[""Elevated failed login attempts (4 attempts)"", ""Critical asset vulnerability present (CVSS 9.2)"", ""Activity occurred outside standard operational hours (20:00)"", ""Minor escalation to Low Threat due to elevated failed logins with risk context on Normal ML baseline""]"
EVT01395,Normal,-0.0804008368750617,SQL Injection,Normal,15,"[""Activity aligns with standard operational baseline and security policies""]"
EVT01396,Normal,-0.0417558836648145,SQL Injection,Normal,16,"[""Activity aligns with standard operational baseline and security policies""]"
EVT01397,Normal,-0.053750427343161,Privilege Escalation,Normal,14,"[""Activity aligns with standard operational baseline and security policies""]"
EVT01398,Normal,-0.047056469324069,Phishing,Normal,29,"[""Activity aligns with standard operational baseline and security policies""]"
EVT01399,Normal,-0.0687626799042049,Unauthorized File Access,Normal,11,"[""Activity aligns with standard operational baseline and security policies""]"
EVT01400,Normal,-0.0818540421551761,Unauthorized File Access,Normal,15,"[""Activity aligns with standard operational baseline and security policies""]"
EVT01401,Normal,-0.0196358520627144,Normal Activity,Normal,33,"[""Activity aligns with standard operational baseline and security policies""]"
EVT01402,Normal,-0.0421391023043748,Port Scan,Normal,16,"[""Activity aligns with standard operational baseline and security policies""]"
EVT01403,Normal,-0.0527592901695123,Phishing,Normal,28,"[""Activity aligns with standard operational baseline and security policies""]"
EVT01404,Normal,-0.0223490760378975,USB / Removable Media,Normal,20,"[""Activity aligns with standard operational baseline and security policies""]"
EVT01405,Normal,-0.0295545075298947,Brute Force,Medium Threat,48,"[""Excessive failed login attempts (12 attempts exceeded threshold of 10)"", ""Activity occurred outside standard operational hours (21:00)"", ""Escalated to Medium Threat due to strong active attack indicator combined with risk context on Normal ML baseline""]"
EVT01406,Normal,-0.0302185862486688,USB / Removable Media,Normal,32,"[""Activity aligns with standard operational baseline and security policies""]"
EVT01407,Normal,-0.0593911113808666,SQL Injection,Normal,19,"[""Activity aligns with standard operational baseline and security policies""]"
EVT01408,Normal,-0.049388205532733,Phishing,Normal,15,"[""Activity aligns with standard operational baseline and security policies""]"
EVT01409,Normal,-0.0728349866698339,Unauthorized File Access,Normal,21,"[""Activity aligns with standard operational baseline and security policies""]"
EVT01410,Normal,-0.0143623174320746,Malware,Medium Threat,55,"[""Malware payload or malicious signature detected"", ""High asset vulnerability present (CVSS 8.4)"", ""Activity occurred outside standard operational hours (21:00)"", ""Escalated to Medium Threat due to strong active attack indicator combined with risk context on Normal ML baseline""]"
EVT01411,Normal,-0.05410618657363,USB / Removable Media,Normal,24,"[""Activity aligns with standard operational baseline and security policies""]"
EVT01412,Normal,-0.0262975507388567,Brute Force,Medium Threat,53,"[""Excessive failed login attempts (15 attempts exceeded threshold of 10)"", ""High asset vulnerability present (CVSS 7.9)"", ""Activity occurred outside standard operational hours (21:00)"", ""Escalated to Medium Threat due to strong active attack indicator combined with risk context on Normal ML baseline""]"
EVT01413,Normal,-0.0522630090044757,USB / Removable Media,Normal,24,"[""Activity aligns with standard operational baseline and security policies""]"
EVT01414,Normal,-0.0678075480014597,SQL Injection,Normal,12,"[""Activity aligns with standard operational baseline and security policies""]"
EVT01415,Suspicious,0.0098075251924848,Malware,Critical Threat,72,"[""Malware payload or malicious signature detected"", ""Activity occurred outside standard operational hours (21:00)"", ""Isolation Forest flagged event as anomalous (score: 0.009808)""]"
EVT01416,Normal,-0.0683674733584033,Brute Force,Normal,21,"[""Activity aligns with standard operational baseline and security policies""]"
EVT01417,Normal,-0.0291664380795065,Brute Force,Medium Threat,42,"[""Excessive failed login attempts (13 attempts exceeded threshold of 10)"", ""Activity occurred outside standard operational hours (22:00)"", ""Escalated to Medium Threat due to strong active attack indicator combined with risk context on Normal ML baseline""]"
EVT01418,Normal,-0.0159997834866968,Malware,Medium Threat,55,"[""Malware payload or malicious signature detected"", ""High asset vulnerability present (CVSS 8.1)"", ""Activity occurred outside standard operational hours (22:00)"", ""Escalated to Medium Threat due to strong active attack indicator combined with risk context on Normal ML baseline""]"
EVT01419,Normal,-0.0469725074999554,SQL Injection,Low Threat,34,"[""Critical asset vulnerability present (CVSS 9.9)"", ""Activity occurred outside standard operational hours (22:00)"", ""Minor escalation to Low Threat due to critical asset vulnerability and after-hours context on Normal ML baseline""]"
EVT01420,Normal,-0.056769508838483,SQL Injection,Normal,24,"[""Activity aligns with standard operational baseline and security policies""]"
EVT01421,Normal,-0.0512837728916154,Phishing,Normal,15,"[""Activity aligns with standard operational baseline and security policies""]"
EVT01422,Normal,-0.0332632529829761,Brute Force,Normal,21,"[""Activity aligns with standard operational baseline and security policies""]"
EVT01423,Normal,-0.0465184886142148,Phishing,Normal,21,"[""Activity aligns with standard operational baseline and security policies""]"
EVT01424,Normal,-0.0660167851256271,SQL Injection,Normal,18,"[""Activity aligns with standard operational baseline and security policies""]"
EVT01425,Normal,-0.0467764115593727,Brute Force,Medium Threat,45,"[""Excessive failed login attempts (14 attempts exceeded threshold of 10)"", ""Activity occurred outside standard operational hours (22:00)"", ""Escalated to Medium Threat due to strong active attack indicator combined with risk context on Normal ML baseline""]"
EVT01426,Normal,-0.0314564567397038,Port Scan,Normal,18,"[""Activity aligns with standard operational baseline and security policies""]"
EVT01427,Normal,-0.0227046364920177,Brute Force,Medium Threat,50,"[""Excessive failed login attempts (13 attempts exceeded threshold of 10)"", ""Activity occurred outside standard operational hours (22:00)"", ""Escalated to Medium Threat due to strong active attack indicator combined with risk context on Normal ML baseline""]"
EVT01428,Normal,-0.0206048403872717,Brute Force,Medium Threat,50,"[""Excessive failed login attempts (15 attempts exceeded threshold of 10)"", ""Activity occurred outside standard operational hours (22:00)"", ""Escalated to Medium Threat due to strong active attack indicator combined with risk context on Normal ML baseline""]"
EVT01429,Normal,-0.0388407556919574,Brute Force,Normal,20,"[""Activity aligns with standard operational baseline and security policies""]"
EVT01430,Normal,-0.0384158527438488,Port Scan,Normal,27,"[""Activity aligns with standard operational baseline and security policies""]"
EVT01431,Suspicious,0.0073101712797896,Brute Force,Critical Threat,66,"[""Excessive failed login attempts (20 attempts exceeded threshold of 10)"", ""Activity occurred outside standard operational hours (23:00)"", ""Isolation Forest flagged event as anomalous (score: 0.007310)""]"
EVT01432,Normal,-0.0435169915814433,Unauthorized File Access,Normal,22,"[""Activity aligns with standard operational baseline and security policies""]"
EVT01433,Normal,-0.0310644939712866,Port Scan,Normal,32,"[""Activity aligns with standard operational baseline and security policies""]"
EVT01434,Normal,-0.0255503833950445,Brute Force,Medium Threat,57,"[""Excessive failed login attempts (15 attempts exceeded threshold of 10)"", ""Critical asset vulnerability present (CVSS 9.2)"", ""Activity occurred outside standard operational hours (23:00)"", ""Escalated to Medium Threat due to strong active attack indicator combined with risk context on Normal ML baseline""]"
EVT01435,Normal,-0.0120262054935337,Brute Force,Medium Threat,51,"[""Excessive failed login attempts (17 attempts exceeded threshold of 10)"", ""Activity occurred outside standard operational hours (23:00)"", ""Escalated to Medium Threat due to strong active attack indicator combined with risk context on Normal ML baseline""]"
EVT01436,Normal,-0.0183374496115741,Brute Force,Low Threat,34,"[""Elevated failed login attempts (7 attempts)"", ""Activity occurred outside standard operational hours (23:00)"", ""Minor escalation to Low Threat due to elevated failed logins with risk context on Normal ML baseline""]"
EVT01437,Normal,-0.0532790133118836,SQL Injection,Normal,24,"[""Activity aligns with standard operational baseline and security policies""]"
EVT01438,Normal,-0.0443708113584766,Brute Force,Medium Threat,46,"[""Excessive failed login attempts (15 attempts exceeded threshold of 10)"", ""Activity occurred outside standard operational hours (23:00)"", ""Escalated to Medium Threat due to strong active attack indicator combined with risk context on Normal ML baseline""]"
EVT01439,Normal,-0.0228169713130271,Privilege Escalation,Normal,26,"[""Activity aligns with standard operational baseline and security policies""]"
EVT01440,Normal,-0.0037448477643525,Brute Force,Low Threat,36,"[""Elevated failed login attempts (10 attempts)"", ""Activity occurred outside standard operational hours (23:00)"", ""Minor escalation to Low Threat due to elevated failed logins with risk context on Normal ML baseline""]"
EVT01441,Normal,-0.071075644521026,Unauthorized File Access,Normal,21,"[""Activity aligns with standard operational baseline and security policies""]"
EVT01442,Normal,-0.0595168871420911,Unauthorized File Access,Normal,27,"[""Activity aligns with standard operational baseline and security policies""]"
EVT01443,Normal,-0.054666508738135,Port Scan,Normal,20,"[""Activity aligns with standard operational baseline and security policies""]"
EVT01444,Normal,-0.0424928111650558,Phishing,Normal,22,"[""Activity aligns with standard operational baseline and security policies""]"
EVT01445,Normal,-0.0436726493968019,Privilege Escalation,Normal,30,"[""Activity aligns with standard operational baseline and security policies""]"
EVT01446,Normal,-0.0466068223602068,Phishing,Normal,25,"[""Activity aligns with standard operational baseline and security policies""]"
EVT01447,Normal,-0.0576620066902531,Brute Force,Normal,13,"[""Activity aligns with standard operational baseline and security policies""]"
EVT01448,Normal,-0.072465401109319,Unauthorized File Access,Normal,17,"[""Activity aligns with standard operational baseline and security policies""]"
EVT01449,Normal,-0.0438301224466014,Phishing,Normal,26,"[""Activity aligns with standard operational baseline and security policies""]"
EVT01450,Normal,-0.0276643689391782,Unauthorized File Access,Normal,19,"[""Activity aligns with standard operational baseline and security policies""]"
EVT01451,Normal,-0.0412767835370629,USB / Removable Media,Normal,26,"[""Activity aligns with standard operational baseline and security policies""]"
EVT01452,Normal,-0.0586306172330395,SQL Injection,Low Threat,32,"[""Critical asset vulnerability present (CVSS 9.1)"", ""Activity occurred outside standard operational hours (00:00)"", ""Minor escalation to Low Threat due to critical asset vulnerability and after-hours context on Normal ML baseline""]"
EVT01453,Normal,-0.058216154207528,Privilege Escalation,Normal,19,"[""Activity aligns with standard operational baseline and security policies""]"
EVT01454,Normal,-0.0499172423751278,USB / Removable Media,Normal,21,"[""Activity aligns with standard operational baseline and security policies""]"
EVT01455,Normal,-0.0419053914551559,Unauthorized File Access,Normal,16,"[""Activity aligns with standard operational baseline and security policies""]"
EVT01456,Normal,-0.071475705175129,Privilege Escalation,Normal,11,"[""Activity aligns with standard operational baseline and security policies""]"
EVT01457,Normal,-0.0428759369479705,Brute Force,Medium Threat,40,"[""Excessive failed login attempts (12 attempts exceeded threshold of 10)"", ""Activity occurred outside standard operational hours (01:00)"", ""Escalated to Medium Threat due to strong active attack indicator combined with risk context on Normal ML baseline""]"
EVT01458,Normal,-0.0428257898640664,Privilege Escalation,Normal,16,"[""Activity aligns with standard operational baseline and security policies""]"
EVT01459,Normal,-0.0733808013688865,Unauthorized File Access,Normal,11,"[""Activity aligns with standard operational baseline and security policies""]"
EVT01460,Normal,-0.0163018830015097,Brute Force,Medium Threat,45,"[""Excessive failed login attempts (20 attempts exceeded threshold of 10)"", ""Activity occurred outside standard operational hours (01:00)"", ""Escalated to Medium Threat due to strong active attack indicator combined with risk context on Normal ML baseline""]"
EVT01461,Normal,-0.0389711598830384,Brute Force,Medium Threat,51,"[""Excessive failed login attempts (13 attempts exceeded threshold of 10)"", ""High asset vulnerability present (CVSS 7.5)"", ""Activity occurred outside standard operational hours (01:00)"", ""Escalated to Medium Threat due to strong active attack indicator combined with risk context on Normal ML baseline""]"
EVT01462,Normal,-0.0509786874046346,Port Scan,Normal,21,"[""Activity aligns with standard operational baseline and security policies""]"
EVT01463,Normal,-0.0624001517566721,SQL Injection,Normal,23,"[""Activity aligns with standard operational baseline and security policies""]"
EVT01464,Normal,-0.0462038585328056,Unauthorized File Access,Normal,25,"[""Activity aligns with standard operational baseline and security policies""]"
EVT01465,Normal,-0.0382669578965394,Port Scan,Normal,31,"[""Activity aligns with standard operational baseline and security policies""]"
EVT01466,Normal,-0.0338917391974279,USB / Removable Media,Normal,18,"[""Activity aligns with standard operational baseline and security policies""]"
EVT01467,Normal,-0.0292339878979399,Brute Force,Low Threat,32,"[""Elevated failed login attempts (4 attempts)"", ""Activity occurred outside standard operational hours (02:00)"", ""Minor escalation to Low Threat due to elevated failed logins with risk context on Normal ML baseline""]"
EVT01468,Normal,-0.0281143273564936,Brute Force,Medium Threat,43,"[""Excessive failed login attempts (12 attempts exceeded threshold of 10)"", ""Activity occurred outside standard operational hours (02:00)"", ""Escalated to Medium Threat due to strong active attack indicator combined with risk context on Normal ML baseline""]"
EVT01469,Normal,-0.0465860025868437,Brute Force,Low Threat,43,"[""Elevated failed login attempts (4 attempts)"", ""Critical asset vulnerability present (CVSS 9.0)"", ""Activity occurred outside standard operational hours (02:00)"", ""Minor escalation to Low Threat due to elevated failed logins with risk context on Normal ML baseline""]"
EVT01470,Normal,-0.0218770637159525,Port Scan,Normal,20,"[""Activity aligns with standard operational baseline and security policies""]"
EVT01471,Normal,-0.025750365057104,Brute Force,Medium Threat,49,"[""Excessive failed login attempts (18 attempts exceeded threshold of 10)"", ""Activity occurred outside standard operational hours (02:00)"", ""Escalated to Medium Threat due to strong active attack indicator combined with risk context on Normal ML baseline""]"
EVT01472,Normal,-0.0435206638793507,Brute Force,Low Threat,39,"[""Elevated failed login attempts (10 attempts)"", ""High asset vulnerability present (CVSS 8.6)"", ""Activity occurred outside standard operational hours (02:00)"", ""Minor escalation to Low Threat due to elevated failed logins with risk context on Normal ML baseline""]"
EVT01473,Normal,-0.0777249622632202,Unauthorized File Access,Normal,20,"[""Activity aligns with standard operational baseline and security policies""]"
EVT01474,Normal,-0.066125679022471,Unauthorized File Access,Normal,22,"[""Activity aligns with standard operational baseline and security policies""]"
EVT01475,Normal,-0.0320098119345397,Brute Force,Low Threat,31,"[""Elevated failed login attempts (4 attempts)"", ""Activity occurred outside standard operational hours (02:00)"", ""Minor escalation to Low Threat due to elevated failed logins with risk context on Normal ML baseline""]"
EVT01476,Normal,-0.0462853332644543,Phishing,Normal,25,"[""Activity aligns with standard operational baseline and security policies""]"
EVT01477,Normal,-0.0225453107599187,Malware,Medium Threat,44,"[""Malware payload or malicious signature detected"", ""Activity occurred outside standard operational hours (03:00)"", ""Escalated to Medium Threat due to strong active attack indicator combined with risk context on Normal ML baseline""]"
EVT01478,Normal,-0.0518998012441801,Brute Force,Normal,17,"[""Activity aligns with standard operational baseline and security policies""]"
EVT01479,Normal,-0.0682652682815517,Privilege Escalation,Normal,12,"[""Activity aligns with standard operational baseline and security policies""]"
EVT01480,Normal,-0.0503841217974722,Port Scan,Normal,15,"[""Activity aligns with standard operational baseline and security policies""]"
EVT01481,Normal,-0.0655863666036593,Unauthorized File Access,Normal,12,"[""Activity aligns with standard operational baseline and security policies""]"
EVT01482,Normal,-0.0622369921135156,Brute Force,Low Threat,32,"[""Elevated failed login attempts (9 attempts)"", ""Activity occurred outside standard operational hours (03:00)"", ""Minor escalation to Low Threat due to elevated failed logins with risk context on Normal ML baseline""]"
EVT01483,Normal,-0.0501295343738064,Port Scan,Normal,21,"[""Activity aligns with standard operational baseline and security policies""]"
EVT01484,Normal,-0.0599999626917797,SQL Injection,Normal,23,"[""Activity aligns with standard operational baseline and security policies""]"
EVT01485,Normal,-0.0542371744121833,Privilege Escalation,Normal,24,"[""Activity aligns with standard operational baseline and security policies""]"
EVT01486,Normal,-0.0561440028275344,Unauthorized File Access,Normal,14,"[""Activity aligns with standard operational baseline and security policies""]"
EVT01487,Normal,-0.0778982589378122,SQL Injection,Normal,16,"[""Activity aligns with standard operational baseline and security policies""]"
EVT01488,Normal,-0.0539265320567462,SQL Injection,Normal,14,"[""Activity aligns with standard operational baseline and security policies""]"
EVT01489,Normal,-0.0263627519911294,Malware,Medium Threat,43,"[""Malware payload or malicious signature detected"", ""Activity occurred outside standard operational hours (04:00)"", ""Escalated to Medium Threat due to strong active attack indicator combined with risk context on Normal ML baseline""]"
EVT01490,Normal,-0.0654155710420203,Brute Force,Normal,22,"[""Activity aligns with standard operational baseline and security policies""]"
EVT01491,Normal,-0.0508867318987728,Unauthorized File Access,Normal,21,"[""Activity aligns with standard operational baseline and security policies""]"
EVT01492,Normal,-0.0611911351085385,SQL Injection,Normal,23,"[""Activity aligns with standard operational baseline and security policies""]"
EVT01493,Normal,-0.0227753386230731,Brute Force,Low Threat,33,"[""Elevated failed login attempts (4 attempts)"", ""Activity occurred outside standard operational hours (04:00)"", ""Minor escalation to Low Threat due to elevated failed logins with risk context on Normal ML baseline""]"
EVT01494,Normal,-0.0196627949048113,Phishing,Normal,20,"[""Activity aligns with standard operational baseline and security policies""]"
EVT01495,Normal,-0.0243363640151865,Malware,Medium Threat,43,"[""Malware payload or malicious signature detected"", ""Activity occurred outside standard operational hours (04:00)"", ""Escalated to Medium Threat due to strong active attack indicator combined with risk context on Normal ML baseline""]"
EVT01496,Normal,-0.052962196449188,Unauthorized File Access,Normal,24,"[""Activity aligns with standard operational baseline and security policies""]"
EVT01497,Normal,-0.033316131351036,Malware,Medium Threat,42,"[""Malware payload or malicious signature detected"", ""Activity occurred outside standard operational hours (04:00)"", ""Escalated to Medium Threat due to strong active attack indicator combined with risk context on Normal ML baseline""]"
EVT01498,Normal,-0.0682146108731374,SQL Injection,Normal,22,"[""Activity aligns with standard operational baseline and security policies""]"
EVT01499,Normal,-0.0668801073683269,Normal Activity,Normal,29,"[""Activity aligns with standard operational baseline and security policies""]"
EVT01500,Normal,-0.0644828465598086,SQL Injection,Normal,12,"[""Activity aligns with standard operational baseline and security policies""]"
EVT01501,Normal,-0.0566539416287849,Brute Force,Low Threat,27,"[""Elevated failed login attempts (9 attempts)"", ""Activity occurred outside standard operational hours (05:00)"", ""Minor escalation to Low Threat due to elevated failed logins with risk context on Normal ML baseline""]"
EVT01502,Normal,-0.0263258020212031,Brute Force,Low Threat,38,"[""Elevated failed login attempts (9 attempts)"", ""Activity occurred outside standard operational hours (05:00)"", ""Minor escalation to Low Threat due to elevated failed logins with risk context on Normal ML baseline""]"
EVT01503,Normal,-0.0430622503221349,Malware,Medium Threat,50,"[""Malware payload or malicious signature detected"", ""High asset vulnerability present (CVSS 8.6)"", ""Activity occurred outside standard operational hours (05:00)"", ""Escalated to Medium Threat due to strong active attack indicator combined with risk context on Normal ML baseline""]"
EVT01504,Normal,-0.051579019479431,Privilege Escalation,Normal,14,"[""Activity aligns with standard operational baseline and security policies""]"
EVT01505,Normal,-0.0181602499588654,Brute Force,Medium Threat,54,"[""Excessive failed login attempts (19 attempts exceeded threshold of 10)"", ""High asset vulnerability present (CVSS 8.8)"", ""Activity occurred outside standard operational hours (05:00)"", ""Escalated to Medium Threat due to strong active attack indicator combined with risk context on Normal ML baseline""]"
EVT01506,Normal,-0.0332062399540262,Privilege Escalation,Normal,18,"[""Activity aligns with standard operational baseline and security policies""]"
EVT01507,Normal,-0.0728684746502587,Privilege Escalation,Normal,17,"[""Activity aligns with standard operational baseline and security policies""]"
EVT01508,Normal,-0.0636518679424589,SQL Injection,Normal,12,"[""Activity aligns with standard operational baseline and security policies""]"
EVT01509,Suspicious,0.0004189922722491,Malware,Critical Threat,74,"[""Malware payload or malicious signature detected"", ""High asset vulnerability present (CVSS 7.9)"", ""Activity occurred outside standard operational hours (05:00)"", ""Isolation Forest flagged event as anomalous (score: 0.000419)""]"
EVT01510,Normal,-0.0325038652194477,SQL Injection,Normal,32,"[""Activity aligns with standard operational baseline and security policies""]"
EVT01511,Normal,-0.0582858006026151,Privilege Escalation,Normal,13,"[""Activity aligns with standard operational baseline and security policies""]"
EVT01512,Normal,-0.050882782649137,USB / Removable Media,Normal,25,"[""Activity aligns with standard operational baseline and security policies""]"
EVT01513,Normal,-0.0543970699498527,Phishing,Normal,14,"[""Activity aligns with standard operational baseline and security policies""]"
EVT01514,Normal,-0.042353561288414,Unauthorized File Access,Normal,26,"[""Activity aligns with standard operational baseline and security policies""]"
EVT01515,Normal,-0.0186893329726702,Brute Force,Medium Threat,58,"[""Excessive failed login attempts (13 attempts exceeded threshold of 10)"", ""Critical asset vulnerability present (CVSS 9.7)"", ""Activity occurred outside standard operational hours (06:00)"", ""Escalated to Medium Threat due to strong active attack indicator combined with risk context on Normal ML baseline""]"
EVT01516,Normal,-0.0526536671222732,Phishing,Normal,14,"[""Activity aligns with standard operational baseline and security policies""]"
EVT01517,Normal,-0.0623856228926411,Normal Activity,Normal,30,"[""Activity aligns with standard operational baseline and security policies""]"
EVT01518,Normal,-0.0867920540544505,Unauthorized File Access,Normal,14,"[""Activity aligns with standard operational baseline and security policies""]"
EVT01519,Normal,-0.0637378710079796,SQL Injection,Normal,12,"[""Activity aligns with standard operational baseline and security policies""]"
EVT01520,Normal,-0.0465437230208077,USB / Removable Media,Normal,25,"[""Activity aligns with standard operational baseline and security policies""]"
EVT01521,Normal,-0.0709115219218977,SQL Injection,Normal,17,"[""Activity aligns with standard operational baseline and security policies""]"
EVT01522,Normal,-0.0401126016327815,SQL Injection,Normal,16,"[""Activity aligns with standard operational baseline and security policies""]"
EVT01523,Normal,-0.0914432076986385,Unauthorized File Access,Normal,17,"[""Activity aligns with standard operational baseline and security policies""]"
EVT01524,Normal,-0.0293653078457958,SQL Injection,Normal,24,"[""Activity aligns with standard operational baseline and security policies""]"
EVT01525,Normal,-0.0408481790912049,Normal Activity,Normal,33,"[""Activity aligns with standard operational baseline and security policies""]"
EVT01526,Normal,-0.0364044828028731,Brute Force,Medium Threat,55,"[""Excessive failed login attempts (16 attempts exceeded threshold of 10)"", ""Critical asset vulnerability present (CVSS 10.0)"", ""Activity occurred outside standard operational hours (07:00)"", ""Escalated to Medium Threat due to strong active attack indicator combined with risk context on Normal ML baseline""]"
EVT01527,Normal,-0.0378789432018863,Privilege Escalation,Normal,17,"[""Activity aligns with standard operational baseline and security policies""]"
EVT01528,Normal,-0.0108075863385083,Brute Force,Medium Threat,46,"[""Excessive failed login attempts (17 attempts exceeded threshold of 10)"", ""Activity occurred outside standard operational hours (07:00)"", ""Escalated to Medium Threat due to strong active attack indicator combined with risk context on Normal ML baseline""]"
EVT01529,Normal,-0.0224763563540505,Brute Force,Medium Threat,44,"[""Excessive failed login attempts (16 attempts exceeded threshold of 10)"", ""Activity occurred outside standard operational hours (07:00)"", ""Escalated to Medium Threat due to strong active attack indicator combined with risk context on Normal ML baseline""]"
EVT01530,Normal,-0.0456281696372626,USB / Removable Media,Normal,16,"[""Activity aligns with standard operational baseline and security policies""]"
EVT01531,Normal,-0.029036598729257,Privilege Escalation,Normal,18,"[""Activity aligns with standard operational baseline and security policies""]"
EVT01532,Normal,-0.0332464390987948,Phishing,Normal,18,"[""Activity aligns with standard operational baseline and security policies""]"
EVT01533,Normal,-0.0549984504668524,USB / Removable Media,Normal,20,"[""Activity aligns with standard operational baseline and security policies""]"
EVT01534,Normal,-0.0351834432299646,Malware,Medium Threat,41,"[""Malware payload or malicious signature detected"", ""Activity occurred outside standard operational hours (07:00)"", ""Escalated to Medium Threat due to strong active attack indicator combined with risk context on Normal ML baseline""]"
EVT01535,Normal,-0.0365267768532133,Phishing,Normal,17,"[""Activity aligns with standard operational baseline and security policies""]"
EVT01536,Normal,-0.0480460701329043,USB / Removable Media,Normal,15,"[""Activity aligns with standard operational baseline and security policies""]"
EVT01537,Normal,-0.0215870487736085,Malware,Low Threat,39,"[""Malware payload or malicious signature detected"", ""Escalated to Low Threat due to isolated active attack indicator on Normal ML baseline""]"
EVT01538,Normal,-0.0377090305976766,Privilege Escalation,Normal,25,"[""Activity aligns with standard operational baseline and security policies""]"
EVT01539,Normal,-0.0140292450607603,Phishing,Normal,25,"[""Activity aligns with standard operational baseline and security policies""]"
EVT01540,Normal,-0.0554494684015154,SQL Injection,Normal,22,"[""Activity aligns with standard operational baseline and security policies""]"
EVT01541,Normal,-0.0723337918163624,File Access,Normal,5,"[""Activity aligns with standard operational baseline and security policies""]"
EVT01542,Normal,-0.0165372578657271,Phishing,Normal,29,"[""Activity aligns with standard operational baseline and security policies""]"
EVT01543,Normal,-0.0104859801845816,Malware,Low Threat,41,"[""Malware payload or malicious signature detected"", ""Escalated to Low Threat due to isolated active attack indicator on Normal ML baseline""]"
EVT01544,Normal,-0.0445986622212897,Port Scan,Normal,10,"[""Activity aligns with standard operational baseline and security policies""]"
EVT01545,Normal,-0.0429571099836437,SQL Injection,Normal,24,"[""Activity aligns with standard operational baseline and security policies""]"
EVT01546,Normal,-0.0172616022284554,Brute Force,Low Threat,34,"[""Excessive failed login attempts (14 attempts exceeded threshold of 10)"", ""Escalated to Low Threat due to isolated active attack indicator on Normal ML baseline""]"
EVT01547,Normal,-0.0687608636836248,Privilege Escalation,Normal,5,"[""Activity aligns with standard operational baseline and security policies""]"
EVT01548,Normal,-0.0124741585971461,Brute Force,Low Threat,45,"[""Excessive failed login attempts (17 attempts exceeded threshold of 10)"", ""High asset vulnerability present (CVSS 8.3)"", ""Escalated to Low Threat due to isolated active attack indicator on Normal ML baseline""]"
EVT01549,Normal,-0.0110960677201579,Port Scan,Normal,16,"[""Activity aligns with standard operational baseline and security policies""]"
EVT01550,Normal,-0.0571987995575335,SQL Injection,Normal,13,"[""Activity aligns with standard operational baseline and security policies""]"
EVT01551,Normal,-0.0258092236044919,Normal Activity,Normal,30,"[""Activity aligns with standard operational baseline and security policies""]"
EVT01552,Normal,-0.0736394482719549,File Access,Normal,11,"[""Activity aligns with standard operational baseline and security policies""]"
EVT01553,Normal,-0.0361091048086495,USB / Removable Media,Normal,17,"[""Activity aligns with standard operational baseline and security policies""]"
EVT01554,Normal,-0.0485432222632283,Port Scan,Normal,19,"[""Activity aligns with standard operational baseline and security policies""]"
EVT01555,Normal,-0.0510783837385452,USB / Removable Media,Normal,9,"[""Activity aligns with standard operational baseline and security policies""]"
EVT01556,Normal,-0.0628237721181195,Unauthorized File Access,Normal,21,"[""Activity aligns with standard operational baseline and security policies""]"
EVT01557,Normal,-0.0430555905731112,USB / Removable Media,Normal,16,"[""Activity aligns with standard operational baseline and security policies""]"
EVT01558,Normal,-0.066301788753479,Normal Activity,Normal,9,"[""Activity aligns with standard operational baseline and security policies""]"
EVT01559,Normal,-0.0233636285955882,USB / Removable Media,Normal,19,"[""Activity aligns with standard operational baseline and security policies""]"
EVT01560,Normal,-0.0573885845100163,Privilege Escalation,Normal,7,"[""Activity aligns with standard operational baseline and security policies""]"
EVT01561,Normal,-0.0466287434300424,SQL Injection,Normal,19,"[""Activity aligns with standard operational baseline and security policies""]"
EVT01562,Normal,-0.0529569262101592,Privilege Escalation,Normal,18,"[""Activity aligns with standard operational baseline and security policies""]"
EVT01563,Normal,-0.0540033289122955,Phishing,Normal,14,"[""Activity aligns with standard operational baseline and security policies""]"
EVT01564,Normal,-0.0382584458729657,Unauthorized File Access,Normal,17,"[""Activity aligns with standard operational baseline and security policies""]"
EVT01565,Normal,-0.0327506659620786,Brute Force,Low Threat,41,"[""Excessive failed login attempts (17 attempts exceeded threshold of 10)"", ""High asset vulnerability present (CVSS 8.0)"", ""Escalated to Low Threat due to isolated active attack indicator on Normal ML baseline""]"
EVT01566,Normal,-0.0384454379348035,Privilege Escalation,Normal,11,"[""Activity aligns with standard operational baseline and security policies""]"
EVT01567,Normal,-0.0662763870777404,Normal Activity,Normal,12,"[""Activity aligns with standard operational baseline and security policies""]"
EVT01568,Normal,-0.046281080570295,Unauthorized File Access,Normal,9,"[""Activity aligns with standard operational baseline and security policies""]"
EVT01569,Normal,-0.0775427936168857,SQL Injection,Normal,14,"[""Activity aligns with standard operational baseline and security policies""]"
EVT01570,Normal,-0.0280924551121504,Phishing,Normal,23,"[""Activity aligns with standard operational baseline and security policies""]"
EVT01571,Suspicious,0.0191027837268454,Malware,Critical Threat,63,"[""Malware payload or malicious signature detected"", ""Isolation Forest flagged event as anomalous (score: 0.019103)""]"
EVT01572,Normal,-0.031004362729377,File Access,Normal,22,"[""Activity aligns with standard operational baseline and security policies""]"
EVT01573,Normal,-0.0804817466406582,Unauthorized File Access,Normal,3,"[""Activity aligns with standard operational baseline and security policies""]"
EVT01574,Normal,-0.0265597955650771,Brute Force,Low Threat,40,"[""Elevated failed login attempts (10 attempts)"", ""Critical asset vulnerability present (CVSS 9.6)"", ""Minor escalation to Low Threat due to elevated failed logins with risk context on Normal ML baseline""]"
EVT01575,Normal,-0.0830623694593442,Unauthorized File Access,Normal,9,"[""Activity aligns with standard operational baseline and security policies""]"
EVT01576,Normal,-0.0462656918650448,USB / Removable Media,Normal,19,"[""Activity aligns with standard operational baseline and security policies""]"
EVT01577,Normal,-0.0793752300791403,SQL Injection,Normal,10,"[""Activity aligns with standard operational baseline and security policies""]"
EVT01578,Normal,-0.0371725481529076,Brute Force,Low Threat,36,"[""Excessive failed login attempts (14 attempts exceeded threshold of 10)"", ""Escalated to Low Threat due to isolated active attack indicator on Normal ML baseline""]"
EVT01579,Suspicious,0.0032860554913275,Brute Force,Critical Threat,64,"[""Excessive failed login attempts (11 attempts exceeded threshold of 10)"", ""Isolation Forest flagged event as anomalous (score: 0.003286)""]"
EVT01580,Normal,-0.0228946207766477,Brute Force,Low Threat,33,"[""Excessive failed login attempts (16 attempts exceeded threshold of 10)"", ""Escalated to Low Threat due to isolated active attack indicator on Normal ML baseline""]"
EVT01581,Normal,-0.0290519989920432,USB / Removable Media,Normal,18,"[""Activity aligns with standard operational baseline and security policies""]"
EVT01582,Normal,-0.0398025225168336,Brute Force,Normal,20,"[""Activity aligns with standard operational baseline and security policies""]"
EVT01583,Normal,-0.0434048036604106,Unauthorized File Access,Normal,24,"[""Activity aligns with standard operational baseline and security policies""]"
EVT01584,Normal,-0.0783688848061974,File Access,Normal,18,"[""Activity aligns with standard operational baseline and security policies""]"
EVT01585,Normal,-0.0049558217341034,Brute Force,Medium Threat,55,"[""Excessive failed login attempts (14 attempts exceeded threshold of 10)"", ""Critical asset vulnerability present (CVSS 9.7)"", ""Escalated to Medium Threat due to strong active attack indicator combined with risk context on Normal ML baseline""]"
EVT01586,Normal,-0.0534114869554819,Privilege Escalation,Normal,8,"[""Activity aligns with standard operational baseline and security policies""]"
EVT01587,Normal,-0.0312453156790667,Brute Force,Normal,21,"[""Activity aligns with standard operational baseline and security policies""]"
EVT01588,Normal,-0.0425032266361931,Phishing,Normal,16,"[""Activity aligns with standard operational baseline and security policies""]"
EVT01589,Suspicious,0.0123803944637632,Brute Force,Critical Threat,61,"[""Excessive failed login attempts (16 attempts exceeded threshold of 10)"", ""Isolation Forest flagged event as anomalous (score: 0.012380)""]"
EVT01590,Normal,-0.0658670977862573,SQL Injection,Normal,12,"[""Activity aligns with standard operational baseline and security policies""]"
EVT01591,Normal,-0.0644232635199226,SQL Injection,Normal,20,"[""Activity aligns with standard operational baseline and security policies""]"
EVT01592,Normal,-0.0547579304774096,Port Scan,Normal,8,"[""Activity aligns with standard operational baseline and security policies""]"
EVT01593,Normal,-0.0481674008950181,Brute Force,Normal,24,"[""Activity aligns with standard operational baseline and security policies""]"
EVT01594,Normal,-0.0687970449824434,Phishing,Normal,15,"[""Activity aligns with standard operational baseline and security policies""]"
EVT01595,Normal,-0.045990247253354,USB / Removable Media,Normal,19,"[""Activity aligns with standard operational baseline and security policies""]"
EVT01596,Normal,-0.0496274891643087,Privilege Escalation,Normal,15,"[""Activity aligns with standard operational baseline and security policies""]"
EVT01597,Normal,-0.0543362544727377,Brute Force,Normal,17,"[""Activity aligns with standard operational baseline and security policies""]"
EVT01598,Normal,-0.0210265793260294,Brute Force,Normal,29,"[""Activity aligns with standard operational baseline and security policies""]"
EVT01599,Normal,-0.0099619072169726,Brute Force,Low Threat,41,"[""Excessive failed login attempts (12 attempts exceeded threshold of 10)"", ""Escalated to Low Threat due to isolated active attack indicator on Normal ML baseline""]"
EVT01600,Suspicious,0.0311164359813403,Brute Force,Critical Threat,73,"[""Excessive failed login attempts (20 attempts exceeded threshold of 10)"", ""Isolation Forest flagged event as anomalous (score: 0.031116)""]"
EVT01601,Suspicious,0.0066121706388998,Port Scan,Medium Threat,50,"[""Isolation Forest flagged event as anomalous (score: 0.006612)""]"
EVT01602,Normal,-0.0241275441320559,Brute Force,Low Threat,39,"[""Excessive failed login attempts (19 attempts exceeded threshold of 10)"", ""Escalated to Low Threat due to isolated active attack indicator on Normal ML baseline""]"
EVT01603,Normal,-0.0530961762691555,USB / Removable Media,Normal,22,"[""Activity aligns with standard operational baseline and security policies""]"
EVT01604,Normal,-0.0226422064182546,Brute Force,Low Threat,33,"[""Excessive failed login attempts (15 attempts exceeded threshold of 10)"", ""Escalated to Low Threat due to isolated active attack indicator on Normal ML baseline""]"
EVT01605,Normal,-0.0594443335817611,SQL Injection,Normal,7,"[""Activity aligns with standard operational baseline and security policies""]"
EVT01606,Normal,-0.0272802194733481,Brute Force,Normal,22,"[""Activity aligns with standard operational baseline and security policies""]"
EVT01607,Normal,-0.0469172691256116,Brute Force,Low Threat,29,"[""Excessive failed login attempts (17 attempts exceeded threshold of 10)"", ""Escalated to Low Threat due to isolated active attack indicator on Normal ML baseline""]"
EVT01608,Normal,-0.0171764927357489,USB / Removable Media,Normal,28,"[""Activity aligns with standard operational baseline and security policies""]"
EVT01609,Normal,-0.033264782794199,Privilege Escalation,Normal,18,"[""Activity aligns with standard operational baseline and security policies""]"
EVT01610,Normal,-0.0176189389219815,Privilege Escalation,Normal,24,"[""Activity aligns with standard operational baseline and security policies""]"
EVT01611,Normal,-0.0445618596965335,Privilege Escalation,Normal,20,"[""Activity aligns with standard operational baseline and security policies""]"
EVT01612,Normal,-0.0779003220401409,Brute Force,Normal,13,"[""Activity aligns with standard operational baseline and security policies""]"
EVT01613,Normal,-0.0436871767821522,Phishing,Normal,10,"[""Activity aligns with standard operational baseline and security policies""]"
EVT01614,Normal,-0.0381927627236017,USB / Removable Media,Normal,21,"[""Activity aligns with standard operational baseline and security policies""]"
EVT01615,Normal,-0.0385487590989966,SQL Injection,Normal,17,"[""Activity aligns with standard operational baseline and security policies""]"
EVT01616,Normal,-0.033037735667953,Phishing,Normal,12,"[""Activity aligns with standard operational baseline and security policies""]"
EVT01617,Normal,-0.0187500612466277,Brute Force,Low Threat,34,"[""Excessive failed login attempts (17 attempts exceeded threshold of 10)"", ""Escalated to Low Threat due to isolated active attack indicator on Normal ML baseline""]"
EVT01618,Normal,-0.0289137317073596,Malware,Low Threat,32,"[""Malware payload or malicious signature detected"", ""Escalated to Low Threat due to isolated active attack indicator on Normal ML baseline""]"
EVT01619,Normal,-0.0445034462957865,Brute Force,Normal,19,"[""Activity aligns with standard operational baseline and security policies""]"
EVT01620,Normal,-0.0513397642734702,Brute Force,Normal,18,"[""Activity aligns with standard operational baseline and security policies""]"
EVT01621,Normal,-0.0566985765668385,Brute Force,Normal,17,"[""Activity aligns with standard operational baseline and security policies""]"
EVT01622,Normal,-0.0260633442083423,Normal Activity,Normal,30,"[""Activity aligns with standard operational baseline and security policies""]"
EVT01623,Normal,-0.0703760161734237,Privilege Escalation,Normal,11,"[""Activity aligns with standard operational baseline and security policies""]"
EVT01624,Normal,-0.043514708060821,Port Scan,Normal,20,"[""Activity aligns with standard operational baseline and security policies""]"
EVT01625,Normal,-0.0478903328800801,Port Scan,Normal,15,"[""Activity aligns with standard operational baseline and security policies""]"
EVT01626,Normal,-0.0055860573442467,Brute Force,Normal,26,"[""Activity aligns with standard operational baseline and security policies""]"
EVT01627,Normal,-0.0369248611721031,Privilege Escalation,Normal,17,"[""Activity aligns with standard operational baseline and security policies""]"
EVT01628,Normal,-0.0569766476264955,Port Scan,Normal,8,"[""Activity aligns with standard operational baseline and security policies""]"
EVT01629,Normal,-0.0414013169220545,Port Scan,Normal,16,"[""Activity aligns with standard operational baseline and security policies""]"
EVT01630,Suspicious,0.0035957539888716,Brute Force,Critical Threat,73,"[""Excessive failed login attempts (16 attempts exceeded threshold of 10)"", ""Critical asset vulnerability present (CVSS 9.1)"", ""Isolation Forest flagged event as anomalous (score: 0.003596)""]"
EVT01631,Normal,-0.0524558392098257,Privilege Escalation,Normal,8,"[""Activity aligns with standard operational baseline and security policies""]"
EVT01632,Normal,-0.0498499310417804,Brute Force,Normal,18,"[""Activity aligns with standard operational baseline and security policies""]"
EVT01633,Normal,-0.0378744146247557,Malware,Low Threat,36,"[""Malware payload or malicious signature detected"", ""Escalated to Low Threat due to isolated active attack indicator on Normal ML baseline""]"
EVT01634,Normal,-0.0300167986802114,Phishing,Normal,12,"[""Activity aligns with standard operational baseline and security policies""]"
EVT01635,Normal,-0.0422237096564866,Port Scan,Normal,10,"[""Activity aligns with standard operational baseline and security policies""]"
EVT01636,Normal,-0.0558893483016945,File Access,Normal,18,"[""Activity aligns with standard operational baseline and security policies""]"
EVT01637,Normal,-0.0627432150117775,Normal Activity,Normal,13,"[""Activity aligns with standard operational baseline and security policies""]"
EVT01638,Normal,-0.0489509390196604,Port Scan,Normal,9,"[""Activity aligns with standard operational baseline and security policies""]"
EVT01639,Normal,-0.0559180503318787,SQL Injection,Normal,14,"[""Activity aligns with standard operational baseline and security policies""]"
EVT01640,Normal,-0.0795610830417982,SQL Injection,Normal,10,"[""Activity aligns with standard operational baseline and security policies""]"
EVT01641,Normal,-0.0492406068437769,Privilege Escalation,Normal,23,"[""Activity aligns with standard operational baseline and security policies""]"
EVT01642,Normal,-0.0342781450307166,Brute Force,Low Threat,39,"[""Elevated failed login attempts (7 attempts)"", ""Critical asset vulnerability present (CVSS 9.8)"", ""Minor escalation to Low Threat due to elevated failed logins with risk context on Normal ML baseline""]"
EVT01643,Normal,-0.0127835857356775,USB / Removable Media,Normal,21,"[""Activity aligns with standard operational baseline and security policies""]"
EVT01644,Normal,-0.0643842695594702,Brute Force,Normal,15,"[""Activity aligns with standard operational baseline and security policies""]"
EVT01645,Suspicious,0.0063950479974796,Brute Force,Critical Threat,60,"[""Excessive failed login attempts (16 attempts exceeded threshold of 10)"", ""Isolation Forest flagged event as anomalous (score: 0.006395)""]"
EVT01646,Normal,-0.0345664351128525,Brute Force,Normal,26,"[""Activity aligns with standard operational baseline and security policies""]"
EVT01647,Normal,-0.057331338937755,Unauthorized File Access,Normal,17,"[""Activity aligns with standard operational baseline and security policies""]"
EVT01648,Normal,-0.030018487615958,Brute Force,Normal,27,"[""Activity aligns with standard operational baseline and security policies""]"
EVT01649,Normal,-0.0320374902663251,Port Scan,Normal,12,"[""Activity aligns with standard operational baseline and security policies""]"
EVT01650,Normal,-0.0246139548975501,Unauthorized File Access,Normal,19,"[""Activity aligns with standard operational baseline and security policies""]"
EVT01651,Normal,-0.0069660994781989,Port Scan,Normal,26,"[""Activity aligns with standard operational baseline and security policies""]"
EVT01652,Normal,-0.0564786013474619,Port Scan,Normal,14,"[""Activity aligns with standard operational baseline and security policies""]"
EVT01653,Normal,-0.0246576356800184,USB / Removable Media,Normal,23,"[""Activity aligns with standard operational baseline and security policies""]"
EVT01654,Suspicious,0.0034108517217479,Brute Force,Critical Threat,60,"[""Excessive failed login attempts (17 attempts exceeded threshold of 10)"", ""Isolation Forest flagged event as anomalous (score: 0.003411)""]"
EVT01655,Normal,-0.0174675796442097,Privilege Escalation,Normal,28,"[""Activity aligns with standard operational baseline and security policies""]"
EVT01656,Normal,-0.049158729920213,Unauthorized File Access,Normal,15,"[""Activity aligns with standard operational baseline and security policies""]"
EVT01657,Normal,-0.0460117730709783,Phishing,Normal,15,"[""Activity aligns with standard operational baseline and security policies""]"
EVT01658,Normal,-0.0673609914451404,SQL Injection,Normal,18,"[""Activity aligns with standard operational baseline and security policies""]"
EVT01659,Normal,-0.0489758439870783,USB / Removable Media,Normal,29,"[""Activity aligns with standard operational baseline and security policies""]"
EVT01660,Normal,-0.041309184802842,USB / Removable Media,Normal,16,"[""Activity aligns with standard operational baseline and security policies""]"
EVT01661,Normal,-0.0590973718260602,Privilege Escalation,Normal,23,"[""Activity aligns with standard operational baseline and security policies""]"
EVT01662,Normal,-0.0627572616123963,Port Scan,Normal,13,"[""Activity aligns with standard operational baseline and security policies""]"
EVT01663,Normal,-0.0486761077682811,Privilege Escalation,Normal,15,"[""Activity aligns with standard operational baseline and security policies""]"
EVT01664,Normal,-0.0484729917152761,Brute Force,Medium Threat,39,"[""Excessive failed login attempts (19 attempts exceeded threshold of 10)"", ""Activity occurred outside standard operational hours (18:00)"", ""Escalated to Medium Threat due to strong active attack indicator combined with risk context on Normal ML baseline""]"
EVT01665,Normal,-0.0389265883021671,Privilege Escalation,Normal,17,"[""Activity aligns with standard operational baseline and security policies""]"
EVT01666,Normal,-0.0217995172690058,Brute Force,Medium Threat,44,"[""Excessive failed login attempts (18 attempts exceeded threshold of 10)"", ""Activity occurred outside standard operational hours (18:00)"", ""Escalated to Medium Threat due to strong active attack indicator combined with risk context on Normal ML baseline""]"
EVT01667,Normal,-0.0706956372241099,Unauthorized File Access,Normal,17,"[""Activity aligns with standard operational baseline and security policies""]"
EVT01668,Normal,-0.0215699911602941,Malware,Medium Threat,50,"[""Malware payload or malicious signature detected"", ""Activity occurred outside standard operational hours (18:00)"", ""Escalated to Medium Threat due to strong active attack indicator combined with risk context on Normal ML baseline""]"
EVT01669,Normal,-0.058733192579366,Brute Force,Low Threat,33,"[""Elevated failed login attempts (4 attempts)"", ""Activity occurred outside standard operational hours (19:00)"", ""Minor escalation to Low Threat due to elevated failed logins with risk context on Normal ML baseline""]"
EVT01670,Normal,-0.0512430497204033,USB / Removable Media,Normal,25,"[""Activity aligns with standard operational baseline and security policies""]"
EVT01671,Normal,-0.0554764207042395,Port Scan,Normal,20,"[""Activity aligns with standard operational baseline and security policies""]"
EVT01672,Normal,-0.0264897647192701,Brute Force,Medium Threat,57,"[""Excessive failed login attempts (19 attempts exceeded threshold of 10)"", ""Critical asset vulnerability present (CVSS 9.7)"", ""Activity occurred outside standard operational hours (19:00)"", ""Escalated to Medium Threat due to strong active attack indicator combined with risk context on Normal ML baseline""]"
EVT01673,Normal,-0.0331289520472163,Malware,Medium Threat,48,"[""Malware payload or malicious signature detected"", ""Activity occurred outside standard operational hours (19:00)"", ""Escalated to Medium Threat due to strong active attack indicator combined with risk context on Normal ML baseline""]"
EVT01674,Normal,-0.0531411550179087,Privilege Escalation,Normal,24,"[""Activity aligns with standard operational baseline and security policies""]"
EVT01675,Normal,-0.0509649266117551,Brute Force,Medium Threat,39,"[""Excessive failed login attempts (14 attempts exceeded threshold of 10)"", ""Activity occurred outside standard operational hours (19:00)"", ""Escalated to Medium Threat due to strong active attack indicator combined with risk context on Normal ML baseline""]"
EVT01676,Normal,-0.055816041279126,Phishing,Normal,14,"[""Activity aligns with standard operational baseline and security policies""]"
EVT01677,Normal,-0.0558579483127346,Unauthorized File Access,Normal,20,"[""Activity aligns with standard operational baseline and security policies""]"
EVT01678,Normal,-0.0527740362841633,Brute Force,Low Threat,28,"[""Elevated failed login attempts (9 attempts)"", ""Activity occurred outside standard operational hours (19:00)"", ""Minor escalation to Low Threat due to elevated failed logins with risk context on Normal ML baseline""]"
EVT01679,Normal,-0.060047031650209,Brute Force,Low Threat,32,"[""Elevated failed login attempts (5 attempts)"", ""Activity occurred outside standard operational hours (19:00)"", ""Minor escalation to Low Threat due to elevated failed logins with risk context on Normal ML baseline""]"
EVT01680,Normal,-0.0710172616340326,Phishing,Normal,25,"[""Activity aligns with standard operational baseline and security policies""]"
EVT01681,Normal,-0.0386704925693479,USB / Removable Media,Normal,31,"[""Activity aligns with standard operational baseline and security policies""]"
EVT01682,Normal,-0.0313031069348886,Malware,Medium Threat,48,"[""Malware payload or malicious signature detected"", ""Activity occurred outside standard operational hours (20:00)"", ""Escalated to Medium Threat due to strong active attack indicator combined with risk context on Normal ML baseline""]"
EVT01683,Normal,-0.019450918863231,Brute Force,Medium Threat,50,"[""Excessive failed login attempts (14 attempts exceeded threshold of 10)"", ""Activity occurred outside standard operational hours (20:00)"", ""Escalated to Medium Threat due to strong active attack indicator combined with risk context on Normal ML baseline""]"
EVT01684,Normal,-0.0502485523760778,Port Scan,Normal,15,"[""Activity aligns with standard operational baseline and security policies""]"
EVT01685,Normal,-0.0529686338168516,Phishing,Normal,14,"[""Activity aligns with standard operational baseline and security policies""]"
EVT01686,Normal,-0.0298765142032917,Brute Force,Low Threat,38,"[""Elevated failed login attempts (7 attempts)"", ""Activity occurred outside standard operational hours (20:00)"", ""Minor escalation to Low Threat due to elevated failed logins with risk context on Normal ML baseline""]"
EVT01687,Normal,-0.0332407881800493,Port Scan,Normal,24,"[""Activity aligns with standard operational baseline and security policies""]"
EVT01688,Normal,-0.04360924682291,Malware,Medium Threat,46,"[""Malware payload or malicious signature detected"", ""Activity occurred outside standard operational hours (20:00)"", ""Escalated to Medium Threat due to strong active attack indicator combined with risk context on Normal ML baseline""]"
EVT01689,Normal,-0.0590809893106422,USB / Removable Media,Normal,13,"[""Activity aligns with standard operational baseline and security policies""]"
EVT01690,Normal,-0.0880935983479564,Unauthorized File Access,Normal,14,"[""Activity aligns with standard operational baseline and security policies""]"
EVT01691,Normal,-0.0380152379889795,Privilege Escalation,Normal,17,"[""Activity aligns with standard operational baseline and security policies""]"
EVT01692,Normal,-0.0442627197499678,USB / Removable Media,Normal,30,"[""Activity aligns with standard operational baseline and security policies""]"
EVT01693,Normal,-0.082099458101111,Unauthorized File Access,Normal,19,"[""Activity aligns with standard operational baseline and security policies""]"
EVT01694,Normal,-0.0785083406965823,Unauthorized File Access,Normal,20,"[""Activity aligns with standard operational baseline and security policies""]"
EVT01695,Suspicious,0.0030236536149137,Malware,Critical Threat,74,"[""Malware payload or malicious signature detected"", ""High asset vulnerability present (CVSS 7.6)"", ""Activity occurred outside standard operational hours (21:00)"", ""Isolation Forest flagged event as anomalous (score: 0.003024)""]"
EVT01696,Normal,-0.029813793209991,Unauthorized File Access,Normal,18,"[""Activity aligns with standard operational baseline and security policies""]"
EVT01697,Normal,-0.0578661587995698,Brute Force,Medium Threat,37,"[""Excessive failed login attempts (11 attempts exceeded threshold of 10)"", ""Activity occurred outside standard operational hours (21:00)"", ""Escalated to Medium Threat due to strong active attack indicator combined with risk context on Normal ML baseline""]"
EVT01698,Normal,-0.0149239872203275,Malware,Medium Threat,51,"[""Malware payload or malicious signature detected"", ""Activity occurred outside standard operational hours (21:00)"", ""Escalated to Medium Threat due to strong active attack indicator combined with risk context on Normal ML baseline""]"
EVT01699,Normal,-0.0293417188401766,Brute Force,Low Threat,46,"[""Elevated failed login attempts (9 attempts)"", ""Critical asset vulnerability present (CVSS 9.2)"", ""Activity occurred outside standard operational hours (21:00)"", ""Minor escalation to Low Threat due to elevated failed logins with risk context on Normal ML baseline""]"
EVT01700,Normal,-0.0389897078826826,Brute Force,Medium Threat,47,"[""Excessive failed login attempts (19 attempts exceeded threshold of 10)"", ""Activity occurred outside standard operational hours (21:00)"", ""Escalated to Medium Threat due to strong active attack indicator combined with risk context on Normal ML baseline""]"
EVT01701,Normal,-0.0107644889918204,Brute Force,Medium Threat,46,"[""Excessive failed login attempts (19 attempts exceeded threshold of 10)"", ""Activity occurred outside standard operational hours (21:00)"", ""Escalated to Medium Threat due to strong active attack indicator combined with risk context on Normal ML baseline""]"
EVT01702,Normal,-0.0160685836202328,Privilege Escalation,Normal,27,"[""Activity aligns with standard operational baseline and security policies""]"
EVT01703,Normal,-0.0190217698675068,Phishing,Normal,20,"[""Activity aligns with standard operational baseline and security policies""]"
EVT01704,Normal,-0.0459178168032495,Phishing,Normal,15,"[""Activity aligns with standard operational baseline and security policies""]"
EVT01705,Normal,-0.048303106303346,Privilege Escalation,Normal,15,"[""Activity aligns with standard operational baseline and security policies""]"
EVT01706,Suspicious,0.0243766244961763,Brute Force,Critical Threat,71,"[""Excessive failed login attempts (13 attempts exceeded threshold of 10)"", ""Activity occurred outside standard operational hours (22:00)"", ""Isolation Forest flagged event as anomalous (score: 0.024377)""]"
EVT01707,Normal,-0.051507936928226,Brute Force,Normal,20,"[""Activity aligns with standard operational baseline and security policies""]"
EVT01708,Suspicious,0.014710327166763,Malware,Critical Threat,78,"[""Malware payload or malicious signature detected"", ""High asset vulnerability present (CVSS 7.1)"", ""Activity occurred outside standard operational hours (22:00)"", ""Isolation Forest flagged event as anomalous (score: 0.014710)""]"
EVT01709,Suspicious,0.0220044962417551,Brute Force,Critical Threat,70,"[""Excessive failed login attempts (12 attempts exceeded threshold of 10)"", ""Activity occurred outside standard operational hours (22:00)"", ""Isolation Forest flagged event as anomalous (score: 0.022004)""]"
EVT01710,Suspicious,0.0026014698479231,Malware,Critical Threat,64,"[""Malware payload or malicious signature detected"", ""Activity occurred outside standard operational hours (22:00)"", ""Isolation Forest flagged event as anomalous (score: 0.002601)""]"
EVT01711,Suspicious,0.0239377486754204,Brute Force,Critical Threat,50,"[""Single failed login attempt recorded (1 attempt)"", ""Activity occurred outside standard operational hours (22:00)"", ""Isolation Forest flagged event as anomalous (score: 0.023938)""]"
EVT01712,Normal,-0.013472207796994,Malware,Medium Threat,45,"[""Malware payload or malicious signature detected"", ""Activity occurred outside standard operational hours (22:00)"", ""Escalated to Medium Threat due to strong active attack indicator combined with risk context on Normal ML baseline""]"
EVT01713,Normal,-0.0582870379147092,Privilege Escalation,Normal,19,"[""Activity aligns with standard operational baseline and security policies""]"
EVT01714,Normal,-0.0081278013562445,Phishing,Normal,28,"[""Activity aligns with standard operational baseline and security policies""]"
EVT01715,Normal,-0.0377934720614465,SQL Injection,Normal,17,"[""Activity aligns with standard operational baseline and security policies""]"
EVT01716,Normal,-0.0159738353089003,Phishing,Normal,27,"[""Activity aligns with standard operational baseline and security policies""]"
EVT01717,Suspicious,0.0039749947901561,Malware,Critical Threat,65,"[""Malware payload or malicious signature detected"", ""Activity occurred outside standard operational hours (23:00)"", ""Isolation Forest flagged event as anomalous (score: 0.003975)""]"
EVT01718,Normal,-0.0505307475894645,Brute Force,Medium Threat,45,"[""Excessive failed login attempts (13 attempts exceeded threshold of 10)"", ""Activity occurred outside standard operational hours (23:00)"", ""Escalated to Medium Threat due to strong active attack indicator combined with risk context on Normal ML baseline""]"
EVT01719,Normal,-0.0587012161977118,Brute Force,Low Threat,37,"[""Elevated failed login attempts (5 attempts)"", ""High asset vulnerability present (CVSS 7.0)"", ""Activity occurred outside standard operational hours (23:00)"", ""Minor escalation to Low Threat due to elevated failed logins with risk context on Normal ML baseline""]"
EVT01720,Normal,-0.048822128318495,Phishing,Normal,21,"[""Activity aligns with standard operational baseline and security policies""]"
EVT01721,Normal,-0.0365267847321507,Port Scan,Normal,17,"[""Activity aligns with standard operational baseline and security policies""]"
EVT01722,Normal,-0.0691672065789273,Privilege Escalation,Normal,11,"[""Activity aligns with standard operational baseline and security policies""]"
EVT01723,Normal,-0.0364166745761125,Brute Force,Low Threat,39,"[""Single failed login attempt recorded (3 attempt)"", ""Critical asset vulnerability present (CVSS 9.6)"", ""Activity occurred outside standard operational hours (23:00)"", ""Minor escalation to Low Threat due to critical asset vulnerability and after-hours context on Normal ML baseline""]"
EVT01724,Normal,-0.0356612610357002,Port Scan,Normal,17,"[""Activity aligns with standard operational baseline and security policies""]"
EVT01725,Normal,-0.0564542464131431,Phishing,Normal,20,"[""Activity aligns with standard operational baseline and security policies""]"
EVT01726,Normal,-0.0264393447877406,Privilege Escalation,Normal,25,"[""Activity aligns with standard operational baseline and security policies""]"
EVT01727,Normal,-0.0132439618013192,USB / Removable Media,Normal,27,"[""Activity aligns with standard operational baseline and security policies""]"
EVT01728,Normal,-0.0217314036325431,Malware,Medium Threat,44,"[""Malware payload or malicious signature detected"", ""Activity occurred outside standard operational hours (23:00)"", ""Escalated to Medium Threat due to strong active attack indicator combined with risk context on Normal ML baseline""]"
EVT01729,Normal,-0.0314193591961562,Phishing,Normal,24,"[""Activity aligns with standard operational baseline and security policies""]"
EVT01730,Normal,-0.0297632879746603,Brute Force,Medium Threat,48,"[""Excessive failed login attempts (15 attempts exceeded threshold of 10)"", ""Activity occurred outside standard operational hours (00:00)"", ""Escalated to Medium Threat due to strong active attack indicator combined with risk context on Normal ML baseline""]"
EVT01731,Normal,-0.0595668260321972,Unauthorized File Access,Normal,13,"[""Activity aligns with standard operational baseline and security policies""]"
EVT01732,Normal,-0.0138908855999198,Port Scan,Normal,27,"[""Activity aligns with standard operational baseline and security policies""]"
EVT01733,Normal,-0.041243565695721,Brute Force,Medium Threat,46,"[""Excessive failed login attempts (15 attempts exceeded threshold of 10)"", ""Activity occurred outside standard operational hours (00:00)"", ""Escalated to Medium Threat due to strong active attack indicator combined with risk context on Normal ML baseline""]"
EVT01734,Normal,-0.0593649777905446,Brute Force,Normal,16,"[""Activity aligns with standard operational baseline and security policies""]"
EVT01735,Normal,-0.0563580159888846,Privilege Escalation,Normal,20,"[""Activity aligns with standard operational baseline and security policies""]"
EVT01736,Normal,-0.0563081787857449,Brute Force,Normal,17,"[""Activity aligns with standard operational baseline and security policies""]"
EVT01737,Normal,-0.031004315568483,Brute Force,Medium Threat,42,"[""Excessive failed login attempts (18 attempts exceeded threshold of 10)"", ""Activity occurred outside standard operational hours (00:00)"", ""Escalated to Medium Threat due to strong active attack indicator combined with risk context on Normal ML baseline""]"
EVT01738,Normal,-0.0272443285184981,Port Scan,Normal,25,"[""Activity aligns with standard operational baseline and security policies""]"
EVT01739,Normal,-0.0423568028800829,SQL Injection,Normal,26,"[""Activity aligns with standard operational baseline and security policies""]"
EVT01740,Normal,-0.0315170816572815,Brute Force,Medium Threat,52,"[""Excessive failed login attempts (12 attempts exceeded threshold of 10)"", ""High asset vulnerability present (CVSS 7.6)"", ""Activity occurred outside standard operational hours (00:00)"", ""Escalated to Medium Threat due to strong active attack indicator combined with risk context on Normal ML baseline""]"
EVT01741,Normal,-0.0558278908236117,Brute Force,Low Threat,27,"[""Elevated failed login attempts (5 attempts)"", ""Activity occurred outside standard operational hours (01:00)"", ""Minor escalation to Low Threat due to elevated failed logins with risk context on Normal ML baseline""]"
EVT01742,Suspicious,0.0137298025637229,Brute Force,Critical Threat,68,"[""Excessive failed login attempts (17 attempts exceeded threshold of 10)"", ""Activity occurred outside standard operational hours (01:00)"", ""Isolation Forest flagged event as anomalous (score: 0.013730)""]"
EVT01743,Normal,-0.0342945571141365,USB / Removable Media,Normal,17,"[""Activity aligns with standard operational baseline and security policies""]"
EVT01744,Normal,-0.0392173275004864,Phishing,Normal,17,"[""Activity aligns with standard operational baseline and security policies""]"
EVT01745,Normal,-0.0509862027341034,Brute Force,Normal,18,"[""Activity aligns with standard operational baseline and security policies""]"
EVT01746,Normal,-0.0234655434898813,Brute Force,Medium Threat,57,"[""Excessive failed login attempts (19 attempts exceeded threshold of 10)"", ""Critical asset vulnerability present (CVSS 10.0)"", ""Activity occurred outside standard operational hours (01:00)"", ""Escalated to Medium Threat due to strong active attack indicator combined with risk context on Normal ML baseline""]"
EVT01747,Normal,-0.035501635462717,USB / Removable Media,Normal,31,"[""Activity aligns with standard operational baseline and security policies""]"
EVT01748,Normal,-0.033206623772363,Malware,Medium Threat,42,"[""Malware payload or malicious signature detected"", ""Activity occurred outside standard operational hours (01:00)"", ""Escalated to Medium Threat due to strong active attack indicator combined with risk context on Normal ML baseline""]"
EVT01749,Normal,-0.0843157662875048,Unauthorized File Access,Normal,19,"[""Activity aligns with standard operational baseline and security policies""]"
EVT01750,Normal,-0.0688969184047614,Unauthorized File Access,Normal,11,"[""Activity aligns with standard operational baseline and security policies""]"
EVT01751,Normal,-0.0117576364866515,Brute Force,Medium Threat,51,"[""Excessive failed login attempts (13 attempts exceeded threshold of 10)"", ""Activity occurred outside standard operational hours (01:00)"", ""Escalated to Medium Threat due to strong active attack indicator combined with risk context on Normal ML baseline""]"
EVT01752,Normal,-0.0256705752773821,Phishing,Normal,25,"[""Activity aligns with standard operational baseline and security policies""]"
EVT01753,Normal,-0.0399807583740141,Brute Force,Medium Threat,41,"[""Excessive failed login attempts (11 attempts exceeded threshold of 10)"", ""Activity occurred outside standard operational hours (02:00)"", ""Escalated to Medium Threat due to strong active attack indicator combined with risk context on Normal ML baseline""]"
EVT01754,Normal,-0.0546313065481851,SQL Injection,Normal,14,"[""Activity aligns with standard operational baseline and security policies""]"
EVT01755,Normal,-0.0168271696513153,USB / Removable Media,Normal,21,"[""Activity aligns with standard operational baseline and security policies""]"
EVT01756,Normal,-0.0442057599363783,Privilege Escalation,Normal,16,"[""Activity aligns with standard operational baseline and security policies""]"
EVT01757,Normal,-0.024380824769276,Brute Force,Medium Threat,53,"[""Excessive failed login attempts (14 attempts exceeded threshold of 10)"", ""High asset vulnerability present (CVSS 8.4)"", ""Activity occurred outside standard operational hours (02:00)"", ""Escalated to Medium Threat due to strong active attack indicator combined with risk context on Normal ML baseline""]"
EVT01758,Normal,-0.042894556445664,Phishing,Normal,16,"[""Activity aligns with standard operational baseline and security policies""]"
EVT01759,Normal,-0.052948800344131,Privilege Escalation,Normal,14,"[""Activity aligns with standard operational baseline and security policies""]"
EVT01760,Normal,-0.0465208865162775,SQL Injection,Normal,25,"[""Activity aligns with standard operational baseline and security policies""]"
EVT01761,Normal,-0.0454149183969149,Unauthorized File Access,Normal,16,"[""Activity aligns with standard operational baseline and security policies""]"
EVT01762,Normal,-0.0197493825770204,USB / Removable Media,Normal,30,"[""Activity aligns with standard operational baseline and security policies""]"
EVT01763,Normal,-0.0492270228537073,Privilege Escalation,Normal,21,"[""Activity aligns with standard operational baseline and security policies""]"
EVT01764,Normal,-0.0582553822778056,Brute Force,Normal,30,"[""Activity aligns with standard operational baseline and security policies""]"
EVT01765,Normal,-0.0251645786293308,Malware,Medium Threat,43,"[""Malware payload or malicious signature detected"", ""Activity occurred outside standard operational hours (03:00)"", ""Escalated to Medium Threat due to strong active attack indicator combined with risk context on Normal ML baseline""]"
EVT01766,Normal,-0.0563770790706279,Port Scan,Normal,14,"[""Activity aligns with standard operational baseline and security policies""]"
EVT01767,Normal,-0.0527034465824127,Brute Force,Normal,24,"[""Activity aligns with standard operational baseline and security policies""]"
EVT01768,Normal,-0.0636994510011559,Brute Force,Normal,22,"[""Activity aligns with standard operational baseline and security policies""]"
EVT01769,Normal,-0.0757099420410334,SQL Injection,Normal,16,"[""Activity aligns with standard operational baseline and security policies""]"
EVT01770,Normal,-0.0183542958856907,Port Scan,Normal,20,"[""Activity aligns with standard operational baseline and security policies""]"
EVT01771,Normal,-0.0417728398144459,SQL Injection,Normal,22,"[""Activity aligns with standard operational baseline and security policies""]"
EVT01772,Normal,-0.0437508959395784,USB / Removable Media,Normal,26,"[""Activity aligns with standard operational baseline and security policies""]"
EVT01773,Normal,-0.0461030146914019,Brute Force,Medium Threat,49,"[""Excessive failed login attempts (18 attempts exceeded threshold of 10)"", ""High asset vulnerability present (CVSS 8.5)"", ""Activity occurred outside standard operational hours (03:00)"", ""Escalated to Medium Threat due to strong active attack indicator combined with risk context on Normal ML baseline""]"
EVT01774,Normal,-0.0403103546360305,Phishing,Normal,26,"[""Activity aligns with standard operational baseline and security policies""]"
EVT01775,Normal,-0.0495668272618118,Phishing,Normal,15,"[""Activity aligns with standard operational baseline and security policies""]"
EVT01776,Normal,-0.0535361812123412,Phishing,Normal,20,"[""Activity aligns with standard operational baseline and security policies""]"
EVT01777,Normal,-0.0309484479181311,Normal Activity,Normal,21,"[""Activity aligns with standard operational baseline and security policies""]"
EVT01778,Normal,-0.0531684158427135,SQL Injection,Normal,28,"[""Activity aligns with standard operational baseline and security policies""]"
EVT01779,Normal,-0.0740508231410408,Privilege Escalation,Normal,11,"[""Activity aligns with standard operational baseline and security policies""]"
EVT01780,Normal,-0.026388160969051,Brute Force,Low Threat,32,"[""Elevated failed login attempts (8 attempts)"", ""Activity occurred outside standard operational hours (04:00)"", ""Minor escalation to Low Threat due to elevated failed logins with risk context on Normal ML baseline""]"
EVT01781,Normal,-0.0815895157940098,Unauthorized File Access,Normal,9,"[""Activity aligns with standard operational baseline and security policies""]"
EVT01782,Normal,-0.0485690510208193,Port Scan,Normal,15,"[""Activity aligns with standard operational baseline and security policies""]"
EVT01783,Normal,-0.0526126275973822,Brute Force,Low Threat,38,"[""Elevated failed login attempts (4 attempts)"", ""High asset vulnerability present (CVSS 7.2)"", ""Activity occurred outside standard operational hours (04:00)"", ""Minor escalation to Low Threat due to elevated failed logins with risk context on Normal ML baseline""]"
EVT01784,Normal,-0.0155435651394071,Brute Force,Medium Threat,45,"[""Excessive failed login attempts (13 attempts exceeded threshold of 10)"", ""Activity occurred outside standard operational hours (04:00)"", ""Escalated to Medium Threat due to strong active attack indicator combined with risk context on Normal ML baseline""]"
EVT01785,Normal,-0.0694459049997947,Privilege Escalation,Normal,11,"[""Activity aligns with standard operational baseline and security policies""]"
EVT01786,Normal,-0.0402472615690689,USB / Removable Media,Normal,16,"[""Activity aligns with standard operational baseline and security policies""]"
EVT01787,Normal,-0.0533027361090386,SQL Injection,Normal,14,"[""Activity aligns with standard operational baseline and security policies""]"
EVT01788,Normal,-0.0481597404403675,Unauthorized File Access,Normal,21,"[""Activity aligns with standard operational baseline and security policies""]"
EVT01789,Normal,-0.0546464634092025,Phishing,Normal,14,"[""Activity aligns with standard operational baseline and security policies""]"
EVT01790,Normal,-0.0260171613888831,Malware,Medium Threat,43,"[""Malware payload or malicious signature detected"", ""Activity occurred outside standard operational hours (05:00)"", ""Escalated to Medium Threat due to strong active attack indicator combined with risk context on Normal ML baseline""]"
EVT01791,Normal,-0.0551186664845176,Port Scan,Normal,24,"[""Activity aligns with standard operational baseline and security policies""]"
EVT01792,Normal,-0.0248067247017599,Port Scan,Normal,25,"[""Activity aligns with standard operational baseline and security policies""]"
EVT01793,Normal,-0.0398107747262382,USB / Removable Media,Normal,31,"[""Activity aligns with standard operational baseline and security policies""]"
EVT01794,Normal,-0.0096296164096632,Brute Force,Medium Threat,60,"[""Excessive failed login attempts (20 attempts exceeded threshold of 10)"", ""Critical asset vulnerability present (CVSS 9.9)"", ""Activity occurred outside standard operational hours (05:00)"", ""Escalated to Medium Threat due to strong active attack indicator combined with risk context on Normal ML baseline""]"
EVT01795,Normal,-0.0638259139505496,Privilege Escalation,Normal,22,"[""Activity aligns with standard operational baseline and security policies""]"
EVT01796,Normal,-0.0459749630725194,Brute Force,Medium Threat,49,"[""Excessive failed login attempts (17 attempts exceeded threshold of 10)"", ""High asset vulnerability present (CVSS 7.3)"", ""Activity occurred outside standard operational hours (05:00)"", ""Escalated to Medium Threat due to strong active attack indicator combined with risk context on Normal ML baseline""]"
EVT01797,Normal,-0.0550016841085708,Brute Force,Low Threat,27,"[""Elevated failed login attempts (5 attempts)"", ""Activity occurred outside standard operational hours (05:00)"", ""Minor escalation to Low Threat due to elevated failed logins with risk context on Normal ML baseline""]"
EVT01798,Normal,-0.0584592607512744,Brute Force,Low Threat,27,"[""Elevated failed login attempts (6 attempts)"", ""Activity occurred outside standard operational hours (05:00)"", ""Minor escalation to Low Threat due to elevated failed logins with risk context on Normal ML baseline""]"
EVT01799,Normal,-0.0414297410707288,Brute Force,Low Threat,40,"[""Elevated failed login attempts (9 attempts)"", ""High asset vulnerability present (CVSS 8.6)"", ""Activity occurred outside standard operational hours (05:00)"", ""Minor escalation to Low Threat due to elevated failed logins with risk context on Normal ML baseline""]"
EVT01800,Normal,-0.0538649079468398,Phishing,Normal,20,"[""Activity aligns with standard operational baseline and security policies""]"
