event_id,failed_login_attempts,raw_cvss_score,severity_score,login_hour,events_per_user_1h,login_frequency_1h,unique_destinations_24h,malware_detected,after_hours_activity,vulnerability_present,protocol_HTTP,protocol_HTTPS,protocol_SMB,protocol_SSH,protocol_TCP,event_type_Brute Force,event_type_Failed Login,event_type_File Access,event_type_Login Success,event_type_Malware Detection,event_type_Phishing Email,event_type_Port Scan,event_type_Privilege Escalation,event_type_Sql Injection Attempt,event_type_Usb Device Connected,event_status_Blocked,event_status_Detected,event_status_Failed,event_status_Success
EVT00001,0.001389678252892188,-1.6186664460163434,1.4550418273701822,-1.5877539867387354,-1.5068575230486998,0.10947155477532397,-3.6614463782325952,0.0,1.0,1.0,0.0,0.0,0.0,1.0,0.0,1.0,0.0,0.0,0.0,0.0,0.0,0.0,0.0,0.0,0.0,0.0,0.0,1.0,0.0
EVT00002,-0.5346290764341026,1.549538458657943,-1.3723154478363608,-1.5877539867387354,-1.5068575230486998,-0.985243992977916,-3.6614463782325952,0.0,1.0,0.0,0.0,1.0,0.0,0.0,0.0,0.0,0.0,0.0,0.0,0.0,1.0,0.0,0.0,0.0,0.0,0.0,0.0,0.0,1.0
EVT00003,-0.5346290764341026,1.5843538971708473,-1.3723154478363608,-1.5877539867387354,-1.5068575230486998,-0.985243992977916,-3.6614463782325952,0.0,1.0,1.0,0.0,1.0,0.0,0.0,0.0,0.0,0.0,1.0,0.0,0.0,0.0,0.0,0.0,0.0,0.0,0.0,0.0,1.0,0.0
EVT00004,-0.5346290764341026,-0.7482804831937373,-1.3723154478363608,-1.5877539867387354,-1.5068575230486998,-0.985243992977916,-3.6614463782325952,0.0,1.0,1.0,0.0,0.0,1.0,0.0,0.0,0.0,0.0,0.0,0.0,0.0,0.0,1.0,0.0,0.0,0.0,0.0,0.0,1.0,0.0
EVT00005,-0.5346290764341026,-0.19123346698726917,-1.3723154478363608,-1.5877539867387354,-1.5068575230486998,-0.985243992977916,-3.6614463782325952,0.0,1.0,0.0,0.0,0.0,1.0,0.0,0.0,0.0,0.0,0.0,0.0,0.0,1.0,0.0,0.0,0.0,0.0,1.0,0.0,0.0,0.0
EVT00006,3.038829288145863,-1.1312503068356838,1.4550418273701822,-1.5877539867387354,-0.7542649754661083,0.10947155477532397,-3.577329985578785,0.0,1.0,1.0,0.0,1.0,0.0,0.0,0.0,1.0,0.0,0.0,0.0,0.0,0.0,0.0,0.0,0.0,0.0,0.0,1.0,0.0,0.0
EVT00007,-0.5346290764341026,0.9924914424514749,1.4550418273701822,-1.5877539867387354,-1.5068575230486998,-0.985243992977916,-3.6614463782325952,1.0,1.0,1.0,0.0,1.0,0.0,0.0,0.0,0.0,0.0,0.0,0.0,1.0,0.0,0.0,0.0,0.0,0.0,0.0,0.0,0.0,1.0
EVT00008,-0.5346290764341026,-0.29567978252598215,-1.3723154478363608,-1.5877539867387354,-0.7542649754661083,-0.985243992977916,-3.577329985578785,0.0,1.0,1.0,1.0,0.0,0.0,0.0,0.0,0.0,0.0,0.0,0.0,0.0,0.0,1.0,0.0,0.0,0.0,0.0,1.0,0.0,0.0
EVT00009,-0.5346290764341026,1.305830389067613,-1.3723154478363608,-1.5877539867387354,-0.0016724278835167973,0.10947155477532397,-3.4932135929249752,0.0,1.0,0.0,0.0,0.0,1.0,0.0,0.0,0.0,0.0,0.0,0.0,0.0,0.0,0.0,0.0,0.0,1.0,0.0,0.0,0.0,1.0
EVT00010,-0.5346290764341026,-0.15641802847436506,0.5125894023013345,-1.5877539867387354,-0.7542649754661083,-0.985243992977916,-3.577329985578785,0.0,1.0,1.0,0.0,1.0,0.0,0.0,0.0,0.0,0.0,0.0,0.0,0.0,0.0,0.0,1.0,0.0,0.0,1.0,0.0,0.0,0.0
EVT00011,-0.5346290764341026,1.1317531965030918,-1.3723154478363608,-1.5877539867387354,-0.0016724278835167973,-0.985243992977916,-3.4932135929249752,0.0,1.0,1.0,0.0,1.0,0.0,0.0,0.0,0.0,0.0,0.0,0.0,0.0,0.0,0.0,0.0,0.0,1.0,0.0,0.0,1.0,0.0
EVT00012,0.7160813511688852,-0.3653106595517906,-0.4298630227675131,-1.5877539867387354,-0.7542649754661083,1.204187102528564,-3.577329985578785,0.0,1.0,0.0,0.0,0.0,1.0,0.0,0.0,0.0,0.0,0.0,1.0,0.0,0.0,0.0,0.0,0.0,0.0,0.0,1.0,0.0,0.0
EVT00013,-0.5346290764341026,0.8532296883998581,-1.3723154478363608,-1.4452266988806801,0.7509201196990747,0.10947155477532397,-3.409097200271165,0.0,1.0,1.0,0.0,1.0,0.0,0.0,0.0,0.0,0.0,1.0,0.0,0.0,0.0,0.0,0.0,0.0,0.0,1.0,0.0,0.0,0.0
EVT00014,0.537408432939887,-1.3749583764260136,0.5125894023013345,-1.4452266988806801,0.7509201196990747,0.10947155477532397,-3.409097200271165,0.0,1.0,1.0,0.0,0.0,1.0,0.0,0.0,1.0,0.0,0.0,0.0,0.0,0.0,0.0,0.0,0.0,0.0,0.0,1.0,0.0,0.0
EVT00015,-0.5346290764341026,-1.166065745348588,-1.3723154478363608,-1.4452266988806801,0.7509201196990747,0.10947155477532397,-3.324980807617355,0.0,1.0,0.0,0.0,1.0,0.0,0.0,0.0,0.0,0.0,0.0,0.0,0.0,1.0,0.0,0.0,0.0,0.0,1.0,0.0,0.0,0.0
EVT00016,-0.5346290764341026,0.8184142498869538,0.5125894023013345,-1.4452266988806801,-0.7542649754661083,-0.985243992977916,-3.577329985578785,0.0,1.0,0.0,0.0,0.0,1.0,0.0,0.0,0.0,0.0,0.0,0.0,0.0,0.0,0.0,0.0,1.0,0.0,0.0,0.0,1.0,0.0
EVT00017,0.001389678252892188,-0.8875422372453542,0.5125894023013345,-1.4452266988806801,-0.0016724278835167973,0.10947155477532397,-3.4932135929249752,0.0,1.0,1.0,0.0,1.0,0.0,0.0,0.0,1.0,0.0,0.0,0.0,0.0,0.0,0.0,0.0,0.0,0.0,1.0,0.0,0.0,0.0
EVT00018,2.8601563699168646,-1.444589253451822,1.4550418273701822,-1.4452266988806801,-0.7542649754661083,1.204187102528564,-3.4932135929249752,0.0,1.0,1.0,1.0,0.0,0.0,0.0,0.0,1.0,0.0,0.0,0.0,0.0,0.0,0.0,0.0,0.0,0.0,0.0,0.0,0.0,1.0
EVT00019,-0.5346290764341026,-1.688297323042152,-1.3723154478363608,-1.4452266988806801,0.7509201196990747,-0.985243992977916,-3.240864414963545,0.0,1.0,1.0,0.0,0.0,0.0,1.0,0.0,0.0,0.0,0.0,0.0,0.0,1.0,0.0,0.0,0.0,0.0,0.0,0.0,0.0,1.0
EVT00020,-0.5346290764341026,0.8532296883998581,-1.3723154478363608,-1.4452266988806801,0.7509201196990747,0.10947155477532397,-3.324980807617355,0.0,1.0,1.0,0.0,0.0,0.0,0.0,1.0,0.0,0.0,1.0,0.0,0.0,0.0,0.0,0.0,0.0,0.0,0.0,0.0,1.0,0.0
EVT00021,-0.5346290764341026,0.8184142498869538,-0.4298630227675131,-1.4452266988806801,-0.7542649754661083,-0.985243992977916,-3.4932135929249752,0.0,1.0,1.0,0.0,1.0,0.0,0.0,0.0,0.0,0.0,1.0,0.0,0.0,0.0,0.0,0.0,0.0,0.0,0.0,0.0,0.0,1.0
EVT00022,-0.5346290764341026,0.574706180296624,-0.4298630227675131,-1.4452266988806801,-0.7542649754661083,0.10947155477532397,-3.409097200271165,0.0,1.0,1.0,0.0,0.0,0.0,1.0,0.0,0.0,0.0,1.0,0.0,0.0,0.0,0.0,0.0,0.0,0.0,0.0,0.0,1.0,0.0
EVT00023,-0.5346290764341026,1.549538458657943,-1.3723154478363608,-1.4452266988806801,-1.5068575230486998,-0.985243992977916,-3.577329985578785,0.0,1.0,1.0,0.0,0.0,0.0,0.0,1.0,0.0,0.0,0.0,0.0,0.0,0.0,1.0,0.0,0.0,0.0,0.0,0.0,0.0,1.0
EVT00024,0.7160813511688852,-1.6534818845292476,-0.4298630227675131,-1.4452266988806801,-0.0016724278835167973,1.204187102528564,-3.324980807617355,0.0,1.0,1.0,0.0,0.0,1.0,0.0,0.0,0.0,0.0,0.0,1.0,0.0,0.0,0.0,0.0,0.0,0.0,0.0,0.0,0.0,1.0
EVT00025,0.001389678252892188,-1.444589253451822,0.5125894023013345,-1.3026994110226249,-0.7542649754661083,0.10947155477532397,-3.4932135929249752,0.0,1.0,1.0,0.0,1.0,0.0,0.0,0.0,0.0,1.0,0.0,0.0,0.0,0.0,0.0,0.0,0.0,0.0,0.0,0.0,1.0,0.0
EVT00026,2.502810533458868,0.9924914424514749,1.4550418273701822,-1.3026994110226249,0.7509201196990747,2.298902650281804,-3.240864414963545,0.0,1.0,0.0,0.0,1.0,0.0,0.0,0.0,1.0,0.0,0.0,0.0,0.0,0.0,0.0,0.0,0.0,0.0,0.0,0.0,1.0,0.0
EVT00027,2.502810533458868,0.15692091814177325,0.5125894023013345,-1.3026994110226249,-0.0016724278835167973,1.204187102528564,-3.409097200271165,0.0,1.0,1.0,0.0,0.0,0.0,0.0,1.0,1.0,0.0,0.0,0.0,0.0,0.0,0.0,0.0,0.0,0.0,0.0,1.0,0.0,0.0
EVT00028,1.4307730240848784,0.3309981107062945,-0.4298630227675131,-1.3026994110226249,-0.0016724278835167973,0.10947155477532397,-3.409097200271165,0.0,1.0,1.0,0.0,0.0,0.0,1.0,0.0,0.0,0.0,0.0,1.0,0.0,0.0,0.0,0.0,0.0,0.0,0.0,0.0,0.0,1.0
EVT00029,-0.5346290764341026,-0.8875422372453542,0.5125894023013345,-1.3026994110226249,-0.7542649754661083,-0.985243992977916,-3.240864414963545,0.0,1.0,1.0,0.0,0.0,1.0,0.0,0.0,0.0,0.0,0.0,0.0,0.0,0.0,0.0,1.0,0.0,0.0,0.0,1.0,0.0,0.0
EVT00030,-0.5346290764341026,-0.6786496061679288,1.4550418273701822,-1.3026994110226249,0.7509201196990747,1.204187102528564,-3.156748022309735,1.0,1.0,1.0,0.0,1.0,0.0,0.0,0.0,0.0,0.0,0.0,0.0,1.0,0.0,0.0,0.0,0.0,0.0,0.0,0.0,1.0,0.0
EVT00031,0.18006259648189046,-0.22604890550017362,1.4550418273701822,-1.3026994110226249,1.503512667281666,2.298902650281804,-3.0726316296559246,0.0,1.0,1.0,0.0,0.0,1.0,0.0,0.0,1.0,0.0,0.0,0.0,0.0,0.0,0.0,0.0,0.0,0.0,0.0,0.0,1.0,0.0
EVT00032,-0.5346290764341026,-0.7830959217066414,-0.4298630227675131,-1.3026994110226249,-0.0016724278835167973,0.10947155477532397,-3.324980807617355,0.0,1.0,0.0,0.0,0.0,0.0,0.0,1.0,0.0,0.0,0.0,0.0,0.0,0.0,0.0,0.0,0.0,1.0,1.0,0.0,0.0,0.0
EVT00033,-0.5346290764341026,-1.305327499400205,-1.3723154478363608,-1.3026994110226249,-0.7542649754661083,-0.985243992977916,-3.156748022309735,0.0,1.0,1.0,0.0,1.0,0.0,0.0,0.0,0.0,0.0,0.0,0.0,0.0,1.0,0.0,0.0,0.0,0.0,0.0,1.0,0.0,0.0
EVT00034,2.6814834516878663,-1.6186664460163434,0.5125894023013345,-1.3026994110226249,2.2561052148642577,3.393618198035044,-2.988515237002115,0.0,1.0,0.0,0.0,0.0,0.0,0.0,1.0,0.0,1.0,0.0,0.0,0.0,0.0,0.0,0.0,0.0,0.0,0.0,1.0,0.0,0.0
EVT00035,-0.5346290764341026,-0.26086434401307773,0.5125894023013345,-1.3026994110226249,0.7509201196990747,1.204187102528564,-3.324980807617355,0.0,1.0,1.0,0.0,0.0,0.0,1.0,0.0,0.0,0.0,0.0,0.0,0.0,0.0,0.0,1.0,0.0,0.0,1.0,0.0,0.0,0.0
EVT00036,-0.5346290764341026,0.017659164090156162,-0.4298630227675131,-1.3026994110226249,2.2561052148642577,3.393618198035044,-2.9043988443483046,0.0,1.0,0.0,0.0,0.0,0.0,0.0,1.0,0.0,0.0,0.0,0.0,0.0,1.0,0.0,0.0,0.0,0.0,0.0,0.0,1.0,0.0
EVT00037,-0.5346290764341026,0.9924914424514749,-0.4298630227675131,-1.1601721231645696,-1.5068575230486998,-0.985243992977916,-3.409097200271165,0.0,1.0,1.0,0.0,1.0,0.0,0.0,0.0,0.0,0.0,1.0,0.0,0.0,0.0,0.0,0.0,0.0,0.0,0.0,1.0,0.0,0.0
EVT00038,1.9667917787718732,1.549538458657943,0.5125894023013345,-1.1601721231645696,-0.0016724278835167973,1.204187102528564,-3.240864414963545,0.0,1.0,1.0,0.0,0.0,1.0,0.0,0.0,0.0,1.0,0.0,0.0,0.0,0.0,0.0,0.0,0.0,0.0,0.0,0.0,1.0,0.0
EVT00039,-0.5346290764341026,1.7236156512224643,-1.3723154478363608,-1.1601721231645696,-0.7542649754661083,-0.985243992977916,-3.324980807617355,0.0,1.0,1.0,0.0,1.0,0.0,0.0,0.0,0.0,0.0,0.0,0.0,0.0,0.0,0.0,0.0,0.0,1.0,0.0,0.0,0.0,1.0
EVT00040,1.4307730240848784,1.0621223194772835,-0.4298630227675131,-1.1601721231645696,-0.0016724278835167973,0.10947155477532397,-3.0726316296559246,0.0,1.0,1.0,0.0,0.0,0.0,0.0,1.0,0.0,0.0,0.0,1.0,0.0,0.0,0.0,0.0,0.0,0.0,0.0,0.0,0.0,1.0
EVT00041,-0.1772832399761061,-1.4794046919647263,0.5125894023013345,-1.1601721231645696,-0.0016724278835167973,1.204187102528564,-3.156748022309735,0.0,1.0,1.0,0.0,0.0,1.0,0.0,0.0,1.0,0.0,0.0,0.0,0.0,0.0,0.0,0.0,0.0,0.0,0.0,1.0,0.0,0.0
EVT00042,1.25210010585588,-1.4794046919647263,1.4550418273701822,-1.1601721231645696,0.7509201196990747,2.298902650281804,-3.0726316296559246,0.0,1.0,1.0,1.0,0.0,0.0,0.0,0.0,1.0,0.0,0.0,0.0,0.0,0.0,0.0,0.0,0.0,0.0,0.0,0.0,1.0,0.0
EVT00043,-0.5346290764341026,1.0273068809643795,-1.3723154478363608,-1.1601721231645696,-0.0016724278835167973,0.10947155477532397,-2.988515237002115,0.0,1.0,1.0,0.0,0.0,0.0,1.0,0.0,0.0,0.0,0.0,0.0,0.0,0.0,0.0,0.0,0.0,1.0,0.0,0.0,1.0,0.0
EVT00044,-0.5346290764341026,-1.4794046919647263,0.5125894023013345,-1.1601721231645696,1.503512667281666,2.298902650281804,-2.988515237002115,1.0,1.0,1.0,0.0,0.0,0.0,1.0,0.0,0.0,0.0,0.0,0.0,1.0,0.0,0.0,0.0,0.0,0.0,1.0,0.0,0.0,0.0
EVT00045,-0.5346290764341026,-1.305327499400205,-1.3723154478363608,-1.1601721231645696,0.7509201196990747,0.10947155477532397,-2.9043988443483046,0.0,1.0,1.0,0.0,0.0,0.0,1.0,0.0,0.0,0.0,0.0,0.0,0.0,1.0,0.0,0.0,0.0,0.0,0.0,1.0,0.0,0.0
EVT00046,0.537408432939887,-0.01715627442274796,0.5125894023013345,-1.1601721231645696,-1.5068575230486998,0.10947155477532397,-3.156748022309735,0.0,1.0,0.0,1.0,0.0,0.0,0.0,0.0,0.0,1.0,0.0,0.0,0.0,0.0,0.0,0.0,0.0,0.0,0.0,0.0,0.0,1.0
EVT00047,-0.5346290764341026,-0.8875422372453542,1.4550418273701822,-1.1601721231645696,0.7509201196990747,0.10947155477532397,-2.820282451694495,0.0,1.0,1.0,0.0,0.0,0.0,1.0,0.0,0.0,0.0,0.0,0.0,0.0,0.0,0.0,0.0,1.0,0.0,0.0,0.0,1.0,0.0
EVT00048,-0.5346290764341026,1.2710149505547088,-0.4298630227675131,-1.1601721231645696,-0.7542649754661083,0.10947155477532397,-3.0726316296559246,0.0,1.0,0.0,1.0,0.0,0.0,0.0,0.0,0.0,0.0,0.0,0.0,0.0,0.0,1.0,0.0,0.0,0.0,0.0,0.0,0.0,1.0
EVT00049,-0.5346290764341026,-0.8527267987324499,-0.4298630227675131,-1.0176448353065144,-0.0016724278835167973,0.10947155477532397,-2.988515237002115,0.0,1.0,1.0,0.0,0.0,0.0,0.0,1.0,0.0,0.0,0.0,0.0,0.0,1.0,0.0,0.0,0.0,0.0,0.0,0.0,0.0,1.0
EVT00050,-0.5346290764341026,0.5050753032708157,1.4550418273701822,-1.0176448353065144,0.7509201196990747,0.10947155477532397,-2.9043988443483046,0.0,1.0,1.0,0.0,0.0,0.0,1.0,0.0,0.0,0.0,0.0,0.0,0.0,0.0,0.0,1.0,0.0,0.0,0.0,0.0,0.0,1.0
EVT00051,-0.5346290764341026,-0.22604890550017362,-0.4298630227675131,-1.0176448353065144,1.503512667281666,0.10947155477532397,-2.7361660590406847,0.0,1.0,1.0,0.0,0.0,0.0,0.0,1.0,0.0,0.0,0.0,0.0,0.0,0.0,0.0,0.0,0.0,1.0,0.0,0.0,1.0,0.0
EVT00052,-0.5346290764341026,-1.0964348683227798,1.4550418273701822,-1.0176448353065144,-1.5068575230486998,-0.985243992977916,-3.240864414963545,0.0,1.0,1.0,0.0,1.0,0.0,0.0,0.0,0.0,0.0,0.0,0.0,0.0,0.0,0.0,0.0,1.0,0.0,0.0,0.0,0.0,1.0
EVT00053,1.25210010585588,-1.270512060887301,-1.3723154478363608,-1.0176448353065144,-1.5068575230486998,0.10947155477532397,-2.820282451694495,0.0,1.0,0.0,0.0,0.0,0.0,1.0,0.0,0.0,0.0,0.0,1.0,0.0,0.0,0.0,0.0,0.0,0.0,0.0,0.0,0.0,1.0
EVT00054,-0.35595615820510434,-1.5142201304776308,1.4550418273701822,-1.0176448353065144,1.503512667281666,1.204187102528564,-2.820282451694495,0.0,1.0,1.0,0.0,1.0,0.0,0.0,0.0,1.0,0.0,0.0,0.0,0.0,0.0,0.0,0.0,0.0,0.0,1.0,0.0,0.0,0.0
EVT00055,1.25210010585588,1.6191693356837513,0.5125894023013345,-1.0176448353065144,1.503512667281666,0.10947155477532397,-2.6520496663868744,0.0,1.0,1.0,0.0,0.0,1.0,0.0,0.0,1.0,0.0,0.0,0.0,0.0,0.0,0.0,0.0,0.0,0.0,1.0,0.0,0.0,0.0
EVT00056,0.001389678252892188,-0.5045724136034075,0.5125894023013345,-1.0176448353065144,1.503512667281666,1.204187102528564,-2.5679332737330647,0.0,1.0,1.0,1.0,0.0,0.0,0.0,0.0,0.0,1.0,0.0,0.0,0.0,0.0,0.0,0.0,0.0,0.0,1.0,0.0,0.0,0.0
EVT00057,2.3241376152298696,-1.2008811838614923,-0.4298630227675131,-1.0176448353065144,-1.5068575230486998,0.10947155477532397,-2.9043988443483046,0.0,1.0,0.0,0.0,1.0,0.0,0.0,0.0,0.0,0.0,0.0,1.0,0.0,0.0,0.0,0.0,0.0,0.0,0.0,0.0,0.0,1.0
EVT00058,-0.5346290764341026,-1.5490355689905349,-1.3723154478363608,-1.0176448353065144,-0.7542649754661083,-0.985243992977916,-3.156748022309735,0.0,1.0,1.0,0.0,0.0,0.0,1.0,0.0,0.0,0.0,0.0,0.0,0.0,1.0,0.0,0.0,0.0,0.0,0.0,0.0,0.0,1.0
EVT00059,-0.5346290764341026,-1.6186664460163434,1.4550418273701822,-1.0176448353065144,-1.5068575230486998,-0.985243992977916,-3.240864414963545,1.0,1.0,1.0,0.0,1.0,0.0,0.0,0.0,0.0,0.0,0.0,0.0,1.0,0.0,0.0,0.0,0.0,0.0,1.0,0.0,0.0,0.0
EVT00060,-0.5346290764341026,-0.8179113602195457,-1.3723154478363608,-1.0176448353065144,1.503512667281666,0.10947155477532397,-2.7361660590406847,0.0,1.0,1.0,0.0,0.0,1.0,0.0,0.0,0.0,0.0,0.0,0.0,0.0,1.0,0.0,0.0,0.0,0.0,0.0,0.0,0.0,1.0
EVT00061,0.7160813511688852,0.3658135492191986,0.5125894023013345,-0.8751175474484592,-0.7542649754661083,1.204187102528564,-2.7361660590406847,0.0,1.0,1.0,0.0,1.0,0.0,0.0,0.0,0.0,1.0,0.0,0.0,0.0,0.0,0.0,0.0,0.0,0.0,1.0,0.0,0.0,0.0
EVT00062,-0.5346290764341026,-1.444589253451822,-0.4298630227675131,-0.8751175474484592,-0.7542649754661083,0.10947155477532397,-2.820282451694495,0.0,1.0,1.0,0.0,0.0,0.0,1.0,0.0,0.0,0.0,0.0,0.0,0.0,0.0,0.0,0.0,0.0,1.0,0.0,1.0,0.0,0.0
EVT00063,2.3241376152298696,1.6539847741966553,-0.4298630227675131,-0.8751175474484592,-0.0016724278835167973,0.10947155477532397,-3.0726316296559246,0.0,1.0,1.0,0.0,0.0,0.0,0.0,1.0,0.0,0.0,0.0,1.0,0.0,0.0,0.0,0.0,0.0,0.0,1.0,0.0,0.0,0.0
EVT00064,-0.5346290764341026,0.5050753032708157,-0.4298630227675131,-0.8751175474484592,-0.0016724278835167973,1.204187102528564,-2.6520496663868744,0.0,1.0,1.0,0.0,0.0,0.0,1.0,0.0,0.0,0.0,0.0,0.0,0.0,0.0,1.0,0.0,0.0,0.0,0.0,0.0,1.0,0.0
EVT00065,-0.5346290764341026,0.5050753032708157,0.5125894023013345,-0.8751175474484592,-0.0016724278835167973,0.10947155477532397,-2.6520496663868744,0.0,1.0,1.0,0.0,0.0,0.0,1.0,0.0,0.0,0.0,0.0,0.0,0.0,0.0,0.0,0.0,1.0,0.0,1.0,0.0,0.0,0.0
EVT00066,-0.5346290764341026,0.3309981107062945,-0.4298630227675131,-0.8751175474484592,-0.0016724278835167973,1.204187102528564,-2.4838168810792545,0.0,1.0,1.0,0.0,0.0,0.0,0.0,1.0,0.0,0.0,1.0,0.0,0.0,0.0,0.0,0.0,0.0,0.0,1.0,0.0,0.0,0.0
EVT00067,-0.5346290764341026,-1.4097738149389178,1.4550418273701822,-0.8751175474484592,-0.7542649754661083,-0.985243992977916,-3.156748022309735,0.0,1.0,1.0,1.0,0.0,0.0,0.0,0.0,0.0,0.0,0.0,0.0,0.0,0.0,0.0,1.0,0.0,0.0,0.0,1.0,0.0,0.0
EVT00068,-0.5346290764341026,-0.22604890550017362,0.5125894023013345,-0.8751175474484592,-0.0016724278835167973,0.10947155477532397,-2.5679332737330647,0.0,1.0,0.0,0.0,0.0,0.0,1.0,0.0,1.0,0.0,0.0,0.0,0.0,0.0,0.0,0.0,0.0,0.0,0.0,0.0,1.0,0.0
EVT00069,-0.5346290764341026,-0.05197171293565239,-0.4298630227675131,-0.8751175474484592,-0.0016724278835167973,-0.985243992977916,-3.156748022309735,0.0,1.0,1.0,0.0,0.0,0.0,0.0,1.0,0.0,0.0,0.0,0.0,0.0,0.0,1.0,0.0,0.0,0.0,1.0,0.0,0.0,0.0
EVT00070,2.8601563699168646,-1.3401429379131093,0.5125894023013345,-0.8751175474484592,-0.0016724278835167973,1.204187102528564,-2.988515237002115,0.0,1.0,1.0,0.0,0.0,1.0,0.0,0.0,0.0,1.0,0.0,0.0,0.0,0.0,0.0,0.0,0.0,0.0,0.0,0.0,0.0,1.0
EVT00071,-0.5346290764341026,1.514723020145039,1.4550418273701822,-0.8751175474484592,-0.7542649754661083,0.10947155477532397,-2.3997004884254443,0.0,1.0,1.0,0.0,0.0,1.0,0.0,0.0,1.0,0.0,0.0,0.0,0.0,0.0,0.0,0.0,0.0,0.0,0.0,0.0,0.0,1.0
EVT00072,-0.5346290764341026,-1.0268039912969713,-0.4298630227675131,-0.8751175474484592,-0.0016724278835167973,1.204187102528564,-2.9043988443483046,0.0,1.0,1.0,1.0,0.0,0.0,0.0,0.0,0.0,0.0,0.0,0.0,0.0,0.0,1.0,0.0,0.0,0.0,0.0,0.0,1.0,0.0
EVT00073,-0.5346290764341026,-0.5393878521163118,-1.3723154478363608,-0.7325902595904039,-0.0016724278835167973,-0.985243992977916,-3.0726316296559246,0.0,1.0,1.0,1.0,0.0,0.0,0.0,0.0,0.0,0.0,0.0,0.0,0.0,0.0,1.0,0.0,0.0,0.0,0.0,1.0,0.0,0.0
EVT00074,-0.5346290764341026,-0.05197171293565239,-0.4298630227675131,-0.7325902595904039,0.7509201196990747,1.204187102528564,-2.820282451694495,0.0,1.0,1.0,1.0,0.0,0.0,0.0,0.0,0.0,0.0,0.0,0.0,0.0,1.0,0.0,0.0,0.0,0.0,1.0,0.0,0.0,0.0
EVT00075,1.7881188605428748,-1.723112761555056,1.4550418273701822,-0.7325902595904039,-0.0016724278835167973,1.204187102528564,-2.4838168810792545,0.0,1.0,1.0,1.0,0.0,0.0,0.0,0.0,1.0,0.0,0.0,0.0,0.0,0.0,0.0,0.0,0.0,0.0,1.0,0.0,0.0,0.0
EVT00076,-0.5346290764341026,-1.305327499400205,-1.3723154478363608,-0.7325902595904039,-1.5068575230486998,-0.985243992977916,-2.7361660590406847,0.0,1.0,0.0,0.0,1.0,0.0,0.0,0.0,0.0,0.0,0.0,0.0,0.0,1.0,0.0,0.0,0.0,0.0,0.0,1.0,0.0,0.0
EVT00077,0.8947542693978835,-0.46975697509050324,0.5125894023013345,-0.7325902595904039,0.7509201196990747,1.204187102528564,-2.7361660590406847,0.0,1.0,0.0,0.0,0.0,0.0,0.0,1.0,0.0,1.0,0.0,0.0,0.0,0.0,0.0,0.0,0.0,0.0,0.0,0.0,1.0,0.0
EVT00078,-0.5346290764341026,0.40062898773210276,-0.4298630227675131,-0.7325902595904039,-0.0016724278835167973,1.204187102528564,-2.3997004884254443,0.0,1.0,1.0,0.0,0.0,1.0,0.0,0.0,0.0,0.0,1.0,0.0,0.0,0.0,0.0,0.0,0.0,0.0,1.0,0.0,0.0,0.0
EVT00079,2.8601563699168646,-1.0964348683227798,0.5125894023013345,-0.7325902595904039,-0.7542649754661083,1.204187102528564,-2.3155840957716345,0.0,1.0,0.0,0.0,1.0,0.0,0.0,0.0,0.0,1.0,0.0,0.0,0.0,0.0,0.0,0.0,0.0,0.0,0.0,0.0,0.0,1.0
EVT00080,-0.5346290764341026,0.15692091814177325,1.4550418273701822,-0.7325902595904039,1.503512667281666,1.204187102528564,-2.6520496663868744,0.0,1.0,1.0,0.0,0.0,0.0,0.0,1.0,0.0,0.0,0.0,0.0,0.0,0.0,0.0,1.0,0.0,0.0,0.0,0.0,0.0,1.0
EVT00081,-0.5346290764341026,-1.166065745348588,-0.4298630227675131,-0.7325902595904039,2.2561052148642577,1.204187102528564,-2.5679332737330647,0.0,1.0,1.0,1.0,0.0,0.0,0.0,0.0,0.0,0.0,0.0,0.0,0.0,1.0,0.0,0.0,0.0,0.0,1.0,0.0,0.0,0.0
EVT00082,-0.5346290764341026,-0.40012609806469485,-1.3723154478363608,-0.7325902595904039,3.008697762446849,1.204187102528564,-2.4838168810792545,0.0,1.0,1.0,0.0,0.0,1.0,0.0,0.0,0.0,0.0,1.0,0.0,0.0,0.0,0.0,0.0,0.0,0.0,0.0,0.0,0.0,1.0
EVT00083,-0.5346290764341026,0.9924914424514749,-1.3723154478363608,-0.7325902595904039,-0.7542649754661083,-0.985243992977916,-2.988515237002115,0.0,1.0,1.0,0.0,0.0,1.0,0.0,0.0,0.0,0.0,0.0,0.0,0.0,0.0,0.0,0.0,0.0,1.0,0.0,0.0,0.0,1.0
EVT00084,2.8601563699168646,-1.3401429379131093,0.5125894023013345,-0.7325902595904039,-1.5068575230486998,0.10947155477532397,-2.5679332737330647,0.0,1.0,1.0,0.0,1.0,0.0,0.0,0.0,0.0,1.0,0.0,0.0,0.0,0.0,0.0,0.0,0.0,0.0,0.0,0.0,1.0,0.0
EVT00085,1.6094459423138765,-0.713465044680833,0.5125894023013345,-0.5900629717323487,2.2561052148642577,1.204187102528564,-2.3997004884254443,0.0,1.0,1.0,0.0,0.0,0.0,0.0,1.0,0.0,1.0,0.0,0.0,0.0,0.0,0.0,0.0,0.0,0.0,0.0,1.0,0.0,0.0
EVT00086,-0.5346290764341026,0.9228605654256664,1.4550418273701822,-0.5900629717323487,-0.7542649754661083,0.10947155477532397,-2.4838168810792545,1.0,1.0,1.0,1.0,0.0,0.0,0.0,0.0,0.0,0.0,0.0,0.0,1.0,0.0,0.0,0.0,0.0,0.0,0.0,1.0,0.0,0.0
EVT00087,-0.5346290764341026,0.8532296883998581,-1.3723154478363608,-0.5900629717323487,-0.7542649754661083,0.10947155477532397,-2.2314677031178243,0.0,1.0,1.0,0.0,1.0,0.0,0.0,0.0,0.0,0.0,0.0,0.0,0.0,0.0,0.0,0.0,0.0,1.0,0.0,0.0,1.0,0.0
EVT00088,-0.5346290764341026,1.0621223194772835,0.5125894023013345,-0.5900629717323487,-0.0016724278835167973,0.10947155477532397,-2.1473513104640145,1.0,1.0,0.0,1.0,0.0,0.0,0.0,0.0,0.0,0.0,0.0,0.0,1.0,0.0,0.0,0.0,0.0,0.0,0.0,1.0,0.0,0.0
EVT00089,-0.5346290764341026,0.15692091814177325,-0.4298630227675131,-0.5900629717323487,-0.7542649754661083,-0.985243992977916,-2.3155840957716345,0.0,1.0,1.0,0.0,1.0,0.0,0.0,0.0,0.0,0.0,0.0,0.0,0.0,0.0,0.0,0.0,0.0,1.0,0.0,1.0,0.0,0.0
EVT00090,-0.5346290764341026,0.3309981107062945,-1.3723154478363608,-0.5900629717323487,-0.0016724278835167973,-0.985243992977916,-2.2314677031178243,0.0,1.0,1.0,0.0,0.0,1.0,0.0,0.0,0.0,0.0,0.0,0.0,0.0,0.0,1.0,0.0,0.0,0.0,0.0,0.0,1.0,0.0
EVT00091,-0.5346290764341026,-1.305327499400205,-1.3723154478363608,-0.5900629717323487,-0.0016724278835167973,0.10947155477532397,-2.3997004884254443,0.0,1.0,1.0,0.0,0.0,1.0,0.0,0.0,0.0,0.0,1.0,0.0,0.0,0.0,0.0,0.0,0.0,0.0,0.0,1.0,0.0,0.0
EVT00092,1.7881188605428748,0.3309981107062945,0.5125894023013345,-0.5900629717323487,-0.0016724278835167973,0.10947155477532397,-2.1473513104640145,0.0,1.0,1.0,0.0,0.0,0.0,0.0,1.0,0.0,1.0,0.0,0.0,0.0,0.0,0.0,0.0,0.0,0.0,1.0,0.0,0.0,0.0
EVT00093,-0.5346290764341026,-0.8179113602195457,-0.4298630227675131,-0.5900629717323487,-0.7542649754661083,-0.985243992977916,-2.9043988443483046,0.0,1.0,1.0,1.0,0.0,0.0,0.0,0.0,0.0,0.0,0.0,0.0,0.0,0.0,1.0,0.0,0.0,0.0,1.0,0.0,0.0,0.0
EVT00094,-0.5346290764341026,-1.688297323042152,-1.3723154478363608,-0.5900629717323487,-1.5068575230486998,-0.985243992977916,-2.6520496663868744,0.0,1.0,1.0,0.0,1.0,0.0,0.0,0.0,0.0,0.0,0.0,0.0,0.0,1.0,0.0,0.0,0.0,0.0,1.0,0.0,0.0,0.0
EVT00095,-0.5346290764341026,0.47025986475791126,0.5125894023013345,-0.5900629717323487,-0.0016724278835167973,-0.985243992977916,-2.0632349178102043,1.0,1.0,0.0,0.0,0.0,1.0,0.0,0.0,0.0,0.0,0.0,0.0,1.0,0.0,0.0,0.0,0.0,0.0,0.0,0.0,1.0,0.0
EVT00096,0.7160813511688852,-1.2356966223743966,-1.3723154478363608,-0.5900629717323487,0.7509201196990747,1.204187102528564,-2.3155840957716345,0.0,1.0,1.0,0.0,0.0,1.0,0.0,0.0,0.0,0.0,0.0,1.0,0.0,0.0,0.0,0.0,0.0,0.0,0.0,0.0,0.0,1.0
EVT00097,-0.5346290764341026,0.7487833728611452,1.4550418273701822,-0.4475356838742935,-0.7542649754661083,-0.985243992977916,-2.820282451694495,0.0,0.0,1.0,0.0,0.0,1.0,0.0,0.0,0.0,0.0,0.0,0.0,0.0,0.0,0.0,0.0,1.0,0.0,1.0,0.0,0.0,0.0
EVT00098,-0.5346290764341026,1.2361995120418048,-1.3723154478363608,-0.4475356838742935,0.7509201196990747,0.10947155477532397,-2.0632349178102043,0.0,0.0,0.0,0.0,1.0,0.0,0.0,0.0,0.0,0.0,0.0,0.0,0.0,1.0,0.0,0.0,0.0,0.0,0.0,0.0,0.0,1.0
EVT00099,-0.5346290764341026,0.7835988113740496,1.4550418273701822,-0.4475356838742935,-0.0016724278835167973,0.10947155477532397,-2.2314677031178243,1.0,0.0,0.0,1.0,0.0,0.0,0.0,0.0,0.0,0.0,0.0,0.0,1.0,0.0,0.0,0.0,0.0,0.0,1.0,0.0,0.0,0.0
EVT00100,-0.5346290764341026,-0.3304952210388863,-1.3723154478363608,-0.4475356838742935,0.7509201196990747,0.10947155477532397,-2.1473513104640145,0.0,0.0,1.0,0.0,0.0,1.0,0.0,0.0,0.0,0.0,0.0,0.0,0.0,0.0,0.0,0.0,0.0,1.0,1.0,0.0,0.0,0.0
EVT00101,-0.1772832399761061,1.2361995120418048,0.5125894023013345,-0.4475356838742935,-1.5068575230486998,0.10947155477532397,-2.3155840957716345,0.0,0.0,0.0,0.0,0.0,1.0,0.0,0.0,1.0,0.0,0.0,0.0,0.0,0.0,0.0,0.0,0.0,0.0,0.0,0.0,0.0,1.0
EVT00102,-0.35595615820510434,-1.583851007503439,1.4550418273701822,-0.4475356838742935,-0.7542649754661083,1.204187102528564,-2.2314677031178243,0.0,0.0,1.0,0.0,0.0,1.0,0.0,0.0,1.0,0.0,0.0,0.0,0.0,0.0,0.0,0.0,0.0,0.0,1.0,0.0,0.0,0.0
EVT00103,1.6094459423138765,1.44509214311923,1.4550418273701822,-0.4475356838742935,1.503512667281666,1.204187102528564,-2.0632349178102043,0.0,0.0,1.0,0.0,0.0,0.0,1.0,0.0,1.0,0.0,0.0,0.0,0.0,0.0,0.0,0.0,0.0,0.0,1.0,0.0,0.0,0.0
EVT00104,-0.5346290764341026,1.305830389067613,-0.4298630227675131,-0.4475356838742935,-0.7542649754661083,-0.985243992977916,-1.9791185251563943,0.0,0.0,0.0,0.0,0.0,1.0,0.0,0.0,0.0,0.0,0.0,0.0,0.0,0.0,1.0,0.0,0.0,0.0,1.0,0.0,0.0,0.0
EVT00105,-0.5346290764341026,0.29618267219339006,-1.3723154478363608,-0.4475356838742935,-0.7542649754661083,-0.985243992977916,-1.9791185251563943,0.0,0.0,1.0,0.0,1.0,0.0,0.0,0.0,0.0,0.0,1.0,0.0,0.0,0.0,0.0,0.0,0.0,0.0,0.0,0.0,0.0,1.0
EVT00106,-0.5346290764341026,-0.6090187291421202,-0.4298630227675131,-0.4475356838742935,-0.0016724278835167973,-0.985243992977916,-1.895002132502584,0.0,0.0,1.0,1.0,0.0,0.0,0.0,0.0,0.0,0.0,0.0,0.0,0.0,0.0,1.0,0.0,0.0,0.0,0.0,0.0,0.0,1.0
EVT00107,-0.5346290764341026,-1.4794046919647263,1.4550418273701822,-0.4475356838742935,-0.0016724278835167973,1.204187102528564,-2.1473513104640145,0.0,0.0,0.0,1.0,0.0,0.0,0.0,0.0,0.0,0.0,0.0,0.0,0.0,0.0,0.0,0.0,1.0,0.0,1.0,0.0,0.0,0.0
EVT00108,-0.5346290764341026,1.1317531965030918,-1.3723154478363608,-0.4475356838742935,-1.5068575230486998,-0.985243992977916,-2.5679332737330647,0.0,0.0,1.0,0.0,0.0,0.0,1.0,0.0,0.0,0.0,1.0,0.0,0.0,0.0,0.0,0.0,0.0,0.0,1.0,0.0,0.0,0.0
EVT00109,-0.5346290764341026,1.3754612660934218,1.4550418273701822,-0.30500839601623825,0.7509201196990747,1.204187102528564,-2.0632349178102043,0.0,0.0,1.0,0.0,0.0,0.0,0.0,1.0,0.0,0.0,0.0,0.0,0.0,0.0,0.0,0.0,1.0,0.0,0.0,1.0,0.0,0.0
EVT00110,1.9667917787718732,0.9924914424514749,1.4550418273701822,-0.30500839601623825,0.7509201196990747,1.204187102528564,-1.9791185251563943,0.0,0.0,1.0,0.0,0.0,1.0,0.0,0.0,1.0,0.0,0.0,0.0,0.0,0.0,0.0,0.0,0.0,0.0,1.0,0.0,0.0,0.0
EVT00111,-0.5346290764341026,-1.688297323042152,1.4550418273701822,-0.30500839601623825,-0.7542649754661083,-0.985243992977916,-1.895002132502584,0.0,0.0,0.0,0.0,0.0,0.0,1.0,0.0,0.0,0.0,0.0,0.0,0.0,0.0,0.0,0.0,1.0,0.0,1.0,0.0,0.0,0.0
EVT00112,0.537408432939887,-1.0616194298098756,-1.3723154478363608,-0.30500839601623825,-0.7542649754661083,0.10947155477532397,-2.4838168810792545,0.0,0.0,1.0,0.0,1.0,0.0,0.0,0.0,0.0,0.0,0.0,1.0,0.0,0.0,0.0,0.0,0.0,0.0,0.0,0.0,0.0,1.0
EVT00113,-0.5346290764341026,-0.5393878521163118,-0.4298630227675131,-0.30500839601623825,-0.0016724278835167973,-0.985243992977916,-1.810885739848774,0.0,0.0,1.0,0.0,0.0,1.0,0.0,0.0,0.0,0.0,0.0,0.0,0.0,1.0,0.0,0.0,0.0,0.0,0.0,1.0,0.0,0.0
EVT00114,-0.5346290764341026,-0.8179113602195457,-0.4298630227675131,-0.30500839601623825,-0.0016724278835167973,0.10947155477532397,-2.3997004884254443,0.0,0.0,1.0,0.0,0.0,1.0,0.0,0.0,0.0,0.0,0.0,0.0,0.0,0.0,1.0,0.0,0.0,0.0,0.0,1.0,0.0,0.0
EVT00115,-0.5346290764341026,-0.46975697509050324,-0.4298630227675131,-0.30500839601623825,0.7509201196990747,0.10947155477532397,-2.3155840957716345,0.0,0.0,0.0,1.0,0.0,0.0,0.0,0.0,0.0,0.0,0.0,0.0,0.0,0.0,0.0,0.0,0.0,1.0,0.0,0.0,0.0,1.0
EVT00116,-0.5346290764341026,-1.305327499400205,-1.3723154478363608,-0.30500839601623825,-0.7542649754661083,0.10947155477532397,-1.895002132502584,0.0,0.0,1.0,0.0,0.0,0.0,0.0,1.0,0.0,0.0,0.0,0.0,0.0,0.0,1.0,0.0,0.0,0.0,0.0,0.0,0.0,1.0
EVT00117,-0.5346290764341026,-0.713465044680833,1.4550418273701822,-0.30500839601623825,-0.0016724278835167973,-0.985243992977916,-1.9791185251563943,0.0,0.0,1.0,1.0,0.0,0.0,0.0,0.0,0.0,0.0,0.0,0.0,0.0,0.0,0.0,1.0,0.0,0.0,1.0,0.0,0.0,0.0
EVT00118,1.6094459423138765,0.4354444262450072,0.5125894023013345,-0.30500839601623825,-0.7542649754661083,0.10947155477532397,-1.810885739848774,0.0,0.0,1.0,1.0,0.0,0.0,0.0,0.0,0.0,1.0,0.0,0.0,0.0,0.0,0.0,0.0,0.0,0.0,0.0,1.0,0.0,0.0
EVT00119,1.25210010585588,0.29618267219339006,-0.4298630227675131,-0.30500839601623825,1.503512667281666,1.204187102528564,-2.2314677031178243,0.0,0.0,0.0,0.0,0.0,0.0,1.0,0.0,0.0,0.0,0.0,1.0,0.0,0.0,0.0,0.0,0.0,0.0,0.0,1.0,0.0,0.0
EVT00120,-0.5346290764341026,-0.434941536577599,-1.3723154478363608,-0.30500839601623825,-0.0016724278835167973,0.10947155477532397,-1.810885739848774,0.0,0.0,1.0,1.0,0.0,0.0,0.0,0.0,0.0,0.0,1.0,0.0,0.0,0.0,0.0,0.0,0.0,0.0,1.0,0.0,0.0,0.0
EVT00121,1.7881188605428748,-1.4794046919647263,0.5125894023013345,-0.16248110815818304,-0.0016724278835167973,0.10947155477532397,-1.726769347194964,0.0,0.0,0.0,1.0,0.0,0.0,0.0,0.0,0.0,1.0,0.0,0.0,0.0,0.0,0.0,0.0,0.0,0.0,0.0,0.0,0.0,1.0
EVT00122,-0.5346290764341026,-1.0964348683227798,-0.4298630227675131,-0.16248110815818304,-0.7542649754661083,0.10947155477532397,-1.726769347194964,0.0,0.0,1.0,0.0,1.0,0.0,0.0,0.0,0.0,0.0,0.0,0.0,0.0,0.0,1.0,0.0,0.0,0.0,1.0,0.0,0.0,0.0
EVT00123,-0.5346290764341026,-0.9571731142711627,1.4550418273701822,-0.16248110815818304,0.7509201196990747,0.10947155477532397,-1.6426529545411541,1.0,0.0,1.0,0.0,0.0,0.0,0.0,1.0,0.0,0.0,0.0,0.0,1.0,0.0,0.0,0.0,0.0,0.0,0.0,0.0,0.0,1.0
EVT00124,-0.35595615820510434,-0.19123346698726917,0.5125894023013345,-0.16248110815818304,-0.0016724278835167973,1.204187102528564,-1.6426529545411541,0.0,0.0,0.0,0.0,0.0,0.0,0.0,1.0,0.0,1.0,0.0,0.0,0.0,0.0,0.0,0.0,0.0,0.0,1.0,0.0,0.0,0.0
EVT00125,2.3241376152298696,1.305830389067613,0.5125894023013345,-0.16248110815818304,-0.7542649754661083,0.10947155477532397,-1.895002132502584,0.0,0.0,1.0,1.0,0.0,0.0,0.0,0.0,0.0,1.0,0.0,0.0,0.0,0.0,0.0,0.0,0.0,0.0,1.0,0.0,0.0,0.0
EVT00126,-0.5346290764341026,0.3658135492191986,0.5125894023013345,-0.16248110815818304,-0.0016724278835167973,0.10947155477532397,-1.558536561887344,1.0,0.0,1.0,0.0,0.0,0.0,1.0,0.0,0.0,0.0,0.0,0.0,1.0,0.0,0.0,0.0,0.0,0.0,1.0,0.0,0.0,0.0
EVT00127,1.4307730240848784,-0.3304952210388863,0.5125894023013345,-0.16248110815818304,-0.0016724278835167973,1.204187102528564,-2.1473513104640145,0.0,0.0,1.0,0.0,1.0,0.0,0.0,0.0,0.0,1.0,0.0,0.0,0.0,0.0,0.0,0.0,0.0,0.0,1.0,0.0,0.0,0.0
EVT00128,-0.5346290764341026,-1.166065745348588,0.5125894023013345,-0.16248110815818304,-0.0016724278835167973,0.10947155477532397,-1.810885739848774,0.0,0.0,1.0,1.0,0.0,0.0,0.0,0.0,0.0,0.0,0.0,0.0,0.0,0.0,0.0,0.0,1.0,0.0,0.0,0.0,1.0,0.0
EVT00129,-0.5346290764341026,1.4799075816321343,0.5125894023013345,-0.16248110815818304,0.7509201196990747,0.10947155477532397,-1.474420169233534,1.0,0.0,1.0,0.0,0.0,0.0,1.0,0.0,0.0,0.0,0.0,0.0,1.0,0.0,0.0,0.0,0.0,0.0,1.0,0.0,0.0,0.0
EVT00130,2.3241376152298696,1.2710149505547088,0.5125894023013345,-0.16248110815818304,1.503512667281666,1.204187102528564,-1.390303776579724,0.0,0.0,1.0,1.0,0.0,0.0,0.0,0.0,0.0,1.0,0.0,0.0,0.0,0.0,0.0,0.0,0.0,0.0,1.0,0.0,0.0,0.0
EVT00131,-0.5346290764341026,0.2265517951675815,1.4550418273701822,-0.16248110815818304,-0.7542649754661083,-0.985243992977916,-1.726769347194964,0.0,0.0,1.0,1.0,0.0,0.0,0.0,0.0,0.0,0.0,0.0,0.0,0.0,0.0,0.0,0.0,1.0,0.0,1.0,0.0,0.0,0.0
EVT00132,0.7160813511688852,-0.6438341676550244,-1.3723154478363608,-0.16248110815818304,-0.7542649754661083,1.204187102528564,-2.0632349178102043,0.0,0.0,0.0,0.0,0.0,1.0,0.0,0.0,0.0,0.0,0.0,1.0,0.0,0.0,0.0,0.0,0.0,0.0,0.0,0.0,1.0,0.0
EVT00133,-0.5346290764341026,-1.6534818845292476,-0.4298630227675131,-0.019953820300127812,-0.0016724278835167973,0.10947155477532397,-1.558536561887344,0.0,0.0,1.0,1.0,0.0,0.0,0.0,0.0,0.0,0.0,0.0,0.0,0.0,0.0,0.0,0.0,0.0,1.0,0.0,0.0,1.0,0.0
EVT00134,2.6814834516878663,-0.9571731142711627,0.5125894023013345,-0.019953820300127812,-1.5068575230486998,0.10947155477532397,-2.7361660590406847,0.0,0.0,0.0,1.0,0.0,0.0,0.0,0.0,1.0,0.0,0.0,0.0,0.0,0.0,0.0,0.0,0.0,0.0,0.0,0.0,1.0,0.0
EVT00135,2.6814834516878663,-0.05197171293565239,-0.4298630227675131,-0.019953820300127812,-0.0016724278835167973,2.298902650281804,-1.9791185251563943,0.0,0.0,0.0,0.0,0.0,1.0,0.0,0.0,0.0,0.0,0.0,1.0,0.0,0.0,0.0,0.0,0.0,0.0,1.0,0.0,0.0,0.0
EVT00136,-0.5346290764341026,1.5843538971708473,0.5125894023013345,-0.019953820300127812,0.7509201196990747,2.298902650281804,-1.895002132502584,0.0,0.0,1.0,1.0,0.0,0.0,0.0,0.0,0.0,0.0,0.0,0.0,0.0,0.0,0.0,1.0,0.0,0.0,1.0,0.0,0.0,0.0
EVT00137,-0.5346290764341026,0.40062898773210276,0.5125894023013345,-0.019953820300127812,-0.7542649754661083,-0.985243992977916,-1.6426529545411541,0.0,0.0,1.0,1.0,0.0,0.0,0.0,0.0,0.0,0.0,0.0,0.0,0.0,0.0,0.0,1.0,0.0,0.0,0.0,1.0,0.0,0.0
EVT00138,-0.1772832399761061,-1.583851007503439,0.5125894023013345,-0.019953820300127812,-0.7542649754661083,1.204187102528564,-2.6520496663868744,0.0,0.0,0.0,1.0,0.0,0.0,0.0,0.0,1.0,0.0,0.0,0.0,0.0,0.0,0.0,0.0,0.0,0.0,0.0,0.0,1.0,0.0
EVT00139,-0.5346290764341026,0.3309981107062945,-0.4298630227675131,-0.019953820300127812,-0.0016724278835167973,0.10947155477532397,-1.306187383925914,0.0,0.0,1.0,0.0,0.0,0.0,1.0,0.0,0.0,0.0,0.0,0.0,0.0,1.0,0.0,0.0,0.0,0.0,0.0,1.0,0.0,0.0
EVT00140,-0.5346290764341026,1.5843538971708473,1.4550418273701822,-0.019953820300127812,0.7509201196990747,1.204187102528564,-1.810885739848774,0.0,0.0,0.0,1.0,0.0,0.0,0.0,0.0,0.0,0.0,0.0,0.0,0.0,0.0,0.0,0.0,1.0,0.0,0.0,1.0,0.0,0.0
EVT00141,1.9667917787718732,-0.6438341676550244,1.4550418273701822,-0.019953820300127812,-0.0016724278835167973,2.298902650281804,-2.5679332737330647,0.0,0.0,0.0,1.0,0.0,0.0,0.0,0.0,1.0,0.0,0.0,0.0,0.0,0.0,0.0,0.0,0.0,0.0,0.0,1.0,0.0,0.0
EVT00142,-0.5346290764341026,0.3309981107062945,0.5125894023013345,-0.019953820300127812,0.7509201196990747,2.298902650281804,-2.4838168810792545,0.0,0.0,1.0,0.0,0.0,1.0,0.0,0.0,0.0,0.0,0.0,0.0,0.0,0.0,0.0,0.0,1.0,0.0,0.0,0.0,1.0,0.0
EVT00143,1.9667917787718732,-0.46975697509050324,1.4550418273701822,-0.019953820300127812,-1.5068575230486998,0.10947155477532397,-1.726769347194964,0.0,0.0,1.0,0.0,0.0,1.0,0.0,0.0,1.0,0.0,0.0,0.0,0.0,0.0,0.0,0.0,0.0,0.0,0.0,1.0,0.0,0.0
EVT00144,2.3241376152298696,0.3309981107062945,0.5125894023013345,-0.019953820300127812,1.503512667281666,3.393618198035044,-2.3997004884254443,0.0,0.0,0.0,0.0,0.0,0.0,1.0,0.0,0.0,1.0,0.0,0.0,0.0,0.0,0.0,0.0,0.0,0.0,0.0,1.0,0.0,0.0
EVT00145,-0.5346290764341026,-0.15641802847436506,-0.4298630227675131,0.12257346755792742,-0.7542649754661083,-0.985243992977916,-1.474420169233534,0.0,0.0,1.0,0.0,0.0,0.0,0.0,1.0,0.0,0.0,0.0,0.0,0.0,0.0,0.0,0.0,0.0,1.0,0.0,0.0,0.0,1.0
EVT00146,-0.5346290764341026,-0.3304952210388863,1.4550418273701822,0.12257346755792742,2.2561052148642577,3.393618198035044,-2.3155840957716345,0.0,0.0,1.0,0.0,0.0,0.0,1.0,0.0,0.0,0.0,0.0,0.0,0.0,0.0,0.0,0.0,1.0,0.0,0.0,0.0,0.0,1.0
EVT00147,-0.5346290764341026,0.713967934348241,-1.3723154478363608,0.12257346755792742,-0.7542649754661083,-0.985243992977916,-1.390303776579724,0.0,0.0,0.0,1.0,0.0,0.0,0.0,0.0,0.0,0.0,0.0,0.0,0.0,0.0,1.0,0.0,0.0,0.0,0.0,0.0,1.0,0.0
EVT00148,-0.5346290764341026,-0.6438341676550244,-1.3723154478363608,0.12257346755792742,2.2561052148642577,2.298902650281804,-2.2314677031178243,0.0,0.0,1.0,0.0,0.0,0.0,1.0,0.0,0.0,0.0,0.0,0.0,0.0,0.0,0.0,0.0,0.0,1.0,1.0,0.0,0.0,0.0
EVT00149,2.1454646970008713,0.7835988113740496,0.5125894023013345,0.12257346755792742,-0.7542649754661083,0.10947155477532397,-1.558536561887344,0.0,0.0,1.0,0.0,0.0,0.0,0.0,1.0,0.0,1.0,0.0,0.0,0.0,0.0,0.0,0.0,0.0,0.0,1.0,0.0,0.0,0.0
EVT00150,-0.5346290764341026,-0.26086434401307773,0.5125894023013345,0.12257346755792742,-0.7542649754661083,0.10947155477532397,-1.474420169233534,0.0,0.0,1.0,1.0,0.0,0.0,0.0,0.0,0.0,0.0,0.0,0.0,0.0,0.0,0.0,0.0,1.0,0.0,0.0,0.0,0.0,1.0
EVT00151,-0.5346290764341026,-1.688297323042152,0.5125894023013345,0.12257346755792742,-0.0016724278835167973,-0.985243992977916,-1.306187383925914,0.0,0.0,1.0,0.0,1.0,0.0,0.0,0.0,0.0,0.0,0.0,0.0,0.0,0.0,0.0,0.0,1.0,0.0,0.0,1.0,0.0,0.0
EVT00152,-0.5346290764341026,-1.3401429379131093,0.5125894023013345,0.12257346755792742,2.2561052148642577,1.204187102528564,-2.1473513104640145,1.0,0.0,1.0,0.0,0.0,0.0,0.0,1.0,0.0,0.0,0.0,0.0,1.0,0.0,0.0,0.0,0.0,0.0,0.0,1.0,0.0,0.0
EVT00153,2.6814834516878663,-0.22604890550017362,0.5125894023013345,0.12257346755792742,-0.0016724278835167973,1.204187102528564,-1.390303776579724,0.0,0.0,1.0,1.0,0.0,0.0,0.0,0.0,1.0,0.0,0.0,0.0,0.0,0.0,0.0,0.0,0.0,0.0,0.0,1.0,0.0,0.0
EVT00154,-0.5346290764341026,0.12210547962886883,-1.3723154478363608,0.12257346755792742,2.2561052148642577,0.10947155477532397,-2.0632349178102043,0.0,0.0,1.0,0.0,0.0,1.0,0.0,0.0,0.0,0.0,0.0,0.0,0.0,1.0,0.0,0.0,0.0,0.0,0.0,0.0,0.0,1.0
EVT00155,-0.5346290764341026,-0.991988552784067,0.5125894023013345,0.12257346755792742,2.2561052148642577,0.10947155477532397,-1.9791185251563943,1.0,0.0,1.0,0.0,0.0,0.0,0.0,1.0,0.0,0.0,0.0,0.0,1.0,0.0,0.0,0.0,0.0,0.0,0.0,0.0,1.0,0.0
EVT00156,2.6814834516878663,0.6095216188095284,-0.4298630227675131,0.12257346755792742,-1.5068575230486998,0.10947155477532397,-1.2220709912721037,0.0,0.0,1.0,0.0,0.0,0.0,1.0,0.0,0.0,0.0,0.0,1.0,0.0,0.0,0.0,0.0,0.0,0.0,0.0,1.0,0.0,0.0
EVT00157,-0.5346290764341026,-0.8875422372453542,1.4550418273701822,0.26510075541598266,0.7509201196990747,1.204187102528564,-1.306187383925914,0.0,0.0,1.0,1.0,0.0,0.0,0.0,0.0,0.0,0.0,0.0,0.0,0.0,0.0,0.0,0.0,1.0,0.0,0.0,0.0,1.0,0.0
EVT00158,-0.5346290764341026,0.713967934348241,-0.4298630227675131,0.26510075541598266,-0.7542649754661083,0.10947155477532397,-1.1379545986182937,0.0,0.0,1.0,0.0,0.0,0.0,1.0,0.0,0.0,0.0,0.0,0.0,0.0,0.0,0.0,0.0,0.0,1.0,0.0,0.0,1.0,0.0
EVT00159,-0.5346290764341026,-0.19123346698726917,1.4550418273701822,0.26510075541598266,1.503512667281666,1.204187102528564,-1.2220709912721037,0.0,0.0,0.0,0.0,0.0,0.0,0.0,1.0,0.0,0.0,0.0,0.0,0.0,0.0,0.0,0.0,1.0,0.0,0.0,0.0,1.0,0.0
EVT00160,-0.5346290764341026,-1.270512060887301,0.5125894023013345,0.26510075541598266,-0.0016724278835167973,0.10947155477532397,-1.0538382059644837,0.0,0.0,0.0,0.0,0.0,1.0,0.0,0.0,0.0,0.0,0.0,0.0,0.0,0.0,0.0,0.0,1.0,0.0,0.0,1.0,0.0,0.0
EVT00161,-0.5346290764341026,-1.3749583764260136,1.4550418273701822,0.26510075541598266,0.7509201196990747,0.10947155477532397,-0.9697218133106736,1.0,0.0,0.0,0.0,0.0,0.0,0.0,1.0,0.0,0.0,0.0,0.0,1.0,0.0,0.0,0.0,0.0,0.0,1.0,0.0,0.0,0.0
EVT00162,2.6814834516878663,0.2265517951675815,0.5125894023013345,0.26510075541598266,-0.7542649754661083,0.10947155477532397,-1.2220709912721037,0.0,0.0,1.0,0.0,0.0,0.0,0.0,1.0,0.0,1.0,0.0,0.0,0.0,0.0,0.0,0.0,0.0,0.0,0.0,0.0,0.0,1.0
EVT00163,-0.5346290764341026,0.052474602603060284,-1.3723154478363608,0.26510075541598266,-1.5068575230486998,-0.985243992977916,-1.726769347194964,0.0,0.0,1.0,0.0,0.0,0.0,1.0,0.0,0.0,0.0,0.0,0.0,0.0,1.0,0.0,0.0,0.0,0.0,0.0,0.0,0.0,1.0
EVT00164,-0.5346290764341026,-0.6438341676550244,1.4550418273701822,0.26510075541598266,0.7509201196990747,-0.985243992977916,-1.895002132502584,0.0,0.0,1.0,0.0,0.0,1.0,0.0,0.0,0.0,0.0,0.0,0.0,0.0,0.0,0.0,1.0,0.0,0.0,0.0,1.0,0.0,0.0
EVT00165,-0.5346290764341026,1.2361995120418048,-1.3723154478363608,0.26510075541598266,0.7509201196990747,0.10947155477532397,-1.1379545986182937,0.0,0.0,1.0,0.0,1.0,0.0,0.0,0.0,0.0,0.0,0.0,0.0,0.0,0.0,0.0,0.0,0.0,1.0,0.0,0.0,1.0,0.0
EVT00166,-0.5346290764341026,-1.688297323042152,-0.4298630227675131,0.26510075541598266,-0.7542649754661083,0.10947155477532397,-1.1379545986182937,0.0,0.0,1.0,0.0,1.0,0.0,0.0,0.0,0.0,0.0,0.0,0.0,0.0,1.0,0.0,0.0,0.0,0.0,0.0,1.0,0.0,0.0
EVT00167,-0.5346290764341026,0.3309981107062945,-0.4298630227675131,0.26510075541598266,-1.5068575230486998,-0.985243992977916,-1.6426529545411541,0.0,0.0,1.0,0.0,0.0,1.0,0.0,0.0,0.0,0.0,0.0,0.0,0.0,1.0,0.0,0.0,0.0,0.0,0.0,1.0,0.0,0.0
EVT00168,0.537408432939887,0.017659164090156162,0.5125894023013345,0.26510075541598266,-0.0016724278835167973,1.204187102528564,-1.0538382059644837,0.0,0.0,0.0,1.0,0.0,0.0,0.0,0.0,1.0,0.0,0.0,0.0,0.0,0.0,0.0,0.0,0.0,0.0,0.0,0.0,1.0,0.0
EVT00169,-0.5346290764341026,-0.26086434401307773,1.4550418273701822,0.4076280432740379,0.7509201196990747,-0.985243992977916,-0.8856054206568637,0.0,0.0,1.0,0.0,0.0,0.0,0.0,1.0,0.0,0.0,0.0,0.0,0.0,0.0,0.0,1.0,0.0,0.0,1.0,0.0,0.0,0.0
EVT00170,-0.5346290764341026,-1.4794046919647263,1.4550418273701822,0.4076280432740379,0.7509201196990747,1.204187102528564,-0.9697218133106736,1.0,0.0,1.0,1.0,0.0,0.0,0.0,0.0,0.0,0.0,0.0,0.0,1.0,0.0,0.0,0.0,0.0,0.0,0.0,0.0,0.0,1.0
EVT00171,-0.5346290764341026,1.7584310897353683,0.5125894023013345,0.4076280432740379,-0.0016724278835167973,-0.985243992977916,-1.0538382059644837,1.0,0.0,1.0,0.0,0.0,0.0,0.0,1.0,0.0,0.0,0.0,0.0,1.0,0.0,0.0,0.0,0.0,0.0,1.0,0.0,0.0,0.0
EVT00172,-0.5346290764341026,-1.0268039912969713,-1.3723154478363608,0.4076280432740379,1.503512667281666,1.204187102528564,-0.8856054206568637,0.0,0.0,1.0,0.0,0.0,0.0,1.0,0.0,0.0,0.0,1.0,0.0,0.0,0.0,0.0,0.0,0.0,0.0,1.0,0.0,0.0,0.0
EVT00173,-0.5346290764341026,0.1917363566546774,0.5125894023013345,0.4076280432740379,-0.7542649754661083,-0.985243992977916,-1.558536561887344,1.0,0.0,1.0,0.0,0.0,1.0,0.0,0.0,0.0,0.0,0.0,0.0,1.0,0.0,0.0,0.0,0.0,0.0,0.0,1.0,0.0,0.0
EVT00174,-0.5346290764341026,0.3658135492191986,-1.3723154478363608,0.4076280432740379,-0.7542649754661083,-0.985243992977916,-1.810885739848774,0.0,0.0,1.0,0.0,0.0,0.0,0.0,1.0,0.0,0.0,1.0,0.0,0.0,0.0,0.0,0.0,0.0,0.0,1.0,0.0,0.0,0.0
EVT00175,-0.5346290764341026,-1.2356966223743966,1.4550418273701822,0.4076280432740379,-0.7542649754661083,-0.985243992977916,-0.8014890280030535,0.0,0.0,1.0,0.0,1.0,0.0,0.0,0.0,0.0,0.0,0.0,0.0,0.0,0.0,0.0,0.0,1.0,0.0,0.0,0.0,0.0,1.0
EVT00176,-0.5346290764341026,0.6095216188095284,-1.3723154478363608,0.4076280432740379,-0.0016724278835167973,-0.985243992977916,-0.7173726353492436,0.0,0.0,1.0,0.0,0.0,0.0,1.0,0.0,0.0,0.0,1.0,0.0,0.0,0.0,0.0,0.0,0.0,0.0,0.0,0.0,0.0,1.0
EVT00177,-0.5346290764341026,1.2361995120418048,1.4550418273701822,0.4076280432740379,-1.5068575230486998,-0.985243992977916,-1.6426529545411541,0.0,0.0,1.0,0.0,1.0,0.0,0.0,0.0,0.0,0.0,0.0,0.0,0.0,0.0,0.0,1.0,0.0,0.0,0.0,1.0,0.0,0.0
EVT00178,-0.5346290764341026,0.574706180296624,-1.3723154478363608,0.4076280432740379,-0.7542649754661083,-0.985243992977916,-1.558536561887344,0.0,0.0,0.0,0.0,0.0,1.0,0.0,0.0,0.0,0.0,0.0,0.0,0.0,0.0,1.0,0.0,0.0,0.0,1.0,0.0,0.0,0.0
EVT00179,1.25210010585588,1.44509214311923,1.4550418273701822,0.4076280432740379,0.7509201196990747,1.204187102528564,-0.8014890280030535,0.0,0.0,1.0,1.0,0.0,0.0,0.0,0.0,1.0,0.0,0.0,0.0,0.0,0.0,0.0,0.0,0.0,0.0,0.0,0.0,0.0,1.0
EVT00180,1.25210010585588,-1.4794046919647263,-0.4298630227675131,0.4076280432740379,1.503512667281666,2.298902650281804,-0.7173726353492436,0.0,0.0,0.0,0.0,1.0,0.0,0.0,0.0,0.0,0.0,0.0,1.0,0.0,0.0,0.0,0.0,0.0,0.0,0.0,1.0,0.0,0.0
EVT00181,-0.5346290764341026,-0.6438341676550244,-0.4298630227675131,0.5501553311320931,-0.7542649754661083,-0.985243992977916,-1.726769347194964,0.0,0.0,1.0,0.0,0.0,1.0,0.0,0.0,0.0,0.0,0.0,0.0,0.0,0.0,1.0,0.0,0.0,0.0,0.0,0.0,0.0,1.0
EVT00182,-0.5346290764341026,-0.15641802847436506,0.5125894023013345,0.5501553311320931,-0.0016724278835167973,-0.985243992977916,-0.6332562426954335,0.0,0.0,1.0,0.0,0.0,0.0,1.0,0.0,0.0,0.0,0.0,0.0,0.0,0.0,0.0,1.0,0.0,0.0,0.0,0.0,0.0,1.0
EVT00183,-0.5346290764341026,1.6888002127095603,1.4550418273701822,0.5501553311320931,0.7509201196990747,1.204187102528564,-0.6332562426954335,1.0,0.0,1.0,0.0,0.0,1.0,0.0,0.0,0.0,0.0,0.0,0.0,1.0,0.0,0.0,0.0,0.0,0.0,0.0,0.0,0.0,1.0
EVT00184,-0.5346290764341026,-0.3304952210388863,-1.3723154478363608,0.5501553311320931,1.503512667281666,1.204187102528564,-0.5491398500416235,0.0,0.0,1.0,0.0,1.0,0.0,0.0,0.0,0.0,0.0,0.0,0.0,0.0,0.0,0.0,0.0,0.0,1.0,1.0,0.0,0.0,0.0
EVT00185,-0.5346290764341026,-1.270512060887301,0.5125894023013345,0.5501553311320931,-0.0016724278835167973,-0.985243992977916,-1.6426529545411541,0.0,0.0,1.0,0.0,1.0,0.0,0.0,0.0,0.0,0.0,0.0,0.0,0.0,0.0,0.0,0.0,1.0,0.0,0.0,1.0,0.0,0.0
EVT00186,-0.5346290764341026,1.0621223194772835,-1.3723154478363608,0.5501553311320931,0.7509201196990747,-0.985243992977916,-1.558536561887344,0.0,0.0,0.0,0.0,0.0,0.0,0.0,1.0,0.0,0.0,0.0,0.0,0.0,0.0,1.0,0.0,0.0,0.0,0.0,1.0,0.0,0.0
EVT00187,-0.5346290764341026,1.514723020145039,-0.4298630227675131,0.5501553311320931,1.503512667281666,1.204187102528564,-0.4650234573878134,0.0,0.0,0.0,0.0,1.0,0.0,0.0,0.0,0.0,0.0,0.0,0.0,0.0,0.0,1.0,0.0,0.0,0.0,1.0,0.0,0.0,0.0
EVT00188,-0.5346290764341026,1.2013840735289005,-1.3723154478363608,0.5501553311320931,-1.5068575230486998,-0.985243992977916,-1.474420169233534,0.0,0.0,0.0,0.0,0.0,0.0,1.0,0.0,0.0,0.0,0.0,0.0,0.0,0.0,1.0,0.0,0.0,0.0,0.0,0.0,1.0,0.0
EVT00189,-0.5346290764341026,0.052474602603060284,-1.3723154478363608,0.5501553311320931,-0.7542649754661083,-0.985243992977916,-0.5491398500416235,0.0,0.0,1.0,0.0,0.0,0.0,1.0,0.0,0.0,0.0,0.0,0.0,0.0,0.0,0.0,0.0,0.0,1.0,0.0,0.0,1.0,0.0
EVT00190,-0.5346290764341026,0.679152495835337,-1.3723154478363608,0.5501553311320931,0.7509201196990747,-0.985243992977916,-1.474420169233534,0.0,0.0,1.0,0.0,0.0,1.0,0.0,0.0,0.0,0.0,1.0,0.0,0.0,0.0,0.0,0.0,0.0,0.0,0.0,0.0,0.0,1.0
EVT00191,1.25210010585588,-0.7482804831937373,0.5125894023013345,0.5501553311320931,-0.0016724278835167973,0.10947155477532397,-0.4650234573878134,0.0,0.0,0.0,1.0,0.0,0.0,0.0,0.0,0.0,1.0,0.0,0.0,0.0,0.0,0.0,0.0,0.0,0.0,0.0,0.0,0.0,1.0
EVT00192,0.001389678252892188,-0.8179113602195457,1.4550418273701822,0.5501553311320931,-0.7542649754661083,0.10947155477532397,-1.390303776579724,0.0,0.0,1.0,0.0,0.0,0.0,1.0,0.0,1.0,0.0,0.0,0.0,0.0,0.0,0.0,0.0,0.0,0.0,1.0,0.0,0.0,0.0
EVT00193,-0.5346290764341026,0.574706180296624,1.4550418273701822,0.6926826189901484,1.503512667281666,-0.985243992977916,-1.390303776579724,0.0,0.0,1.0,0.0,1.0,0.0,0.0,0.0,0.0,0.0,0.0,0.0,0.0,0.0,0.0,0.0,1.0,0.0,0.0,1.0,0.0,0.0
EVT00194,-0.5346290764341026,-1.6534818845292476,-1.3723154478363608,0.6926826189901484,-1.5068575230486998,-0.985243992977916,-1.474420169233534,0.0,0.0,1.0,0.0,1.0,0.0,0.0,0.0,0.0,0.0,0.0,0.0,0.0,1.0,0.0,0.0,0.0,0.0,0.0,1.0,0.0,0.0
EVT00195,-0.5346290764341026,-1.583851007503439,0.5125894023013345,0.6926826189901484,1.503512667281666,-0.985243992977916,-1.306187383925914,1.0,0.0,1.0,1.0,0.0,0.0,0.0,0.0,0.0,0.0,0.0,0.0,1.0,0.0,0.0,0.0,0.0,0.0,0.0,0.0,0.0,1.0
EVT00196,-0.5346290764341026,-0.3304952210388863,-1.3723154478363608,0.6926826189901484,-1.5068575230486998,-0.985243992977916,-0.9697218133106736,0.0,0.0,1.0,0.0,0.0,0.0,1.0,0.0,0.0,0.0,0.0,0.0,0.0,0.0,0.0,0.0,0.0,1.0,0.0,1.0,0.0,0.0
EVT00197,-0.5346290764341026,1.7236156512224643,-0.4298630227675131,0.6926826189901484,2.2561052148642577,-0.985243992977916,-1.2220709912721037,0.0,0.0,1.0,1.0,0.0,0.0,0.0,0.0,0.0,0.0,0.0,0.0,0.0,0.0,0.0,0.0,0.0,1.0,0.0,0.0,1.0,0.0
EVT00198,-0.5346290764341026,-1.6534818845292476,1.4550418273701822,0.6926826189901484,-0.7542649754661083,-0.985243992977916,-0.8856054206568637,0.0,0.0,1.0,0.0,0.0,1.0,0.0,0.0,0.0,0.0,0.0,0.0,0.0,0.0,0.0,0.0,1.0,0.0,0.0,0.0,1.0,0.0
EVT00199,-0.5346290764341026,-1.5142201304776308,-1.3723154478363608,0.6926826189901484,1.503512667281666,-0.985243992977916,-1.1379545986182937,0.0,0.0,1.0,0.0,0.0,0.0,0.0,1.0,0.0,0.0,1.0,0.0,0.0,0.0,0.0,0.0,0.0,0.0,0.0,0.0,0.0,1.0
EVT00200,-0.5346290764341026,-0.5393878521163118,-0.4298630227675131,0.6926826189901484,2.2561052148642577,-0.985243992977916,-1.0538382059644837,0.0,0.0,0.0,1.0,0.0,0.0,0.0,0.0,0.0,0.0,0.0,0.0,0.0,0.0,0.0,0.0,0.0,1.0,0.0,1.0,0.0,0.0
EVT00201,-0.5346290764341026,-1.0616194298098756,-0.4298630227675131,0.6926826189901484,3.008697762446849,-0.985243992977916,-0.9697218133106736,0.0,0.0,1.0,0.0,0.0,0.0,1.0,0.0,0.0,0.0,1.0,0.0,0.0,0.0,0.0,0.0,0.0,0.0,0.0,1.0,0.0,0.0
EVT00202,-0.5346290764341026,0.4354444262450072,1.4550418273701822,0.6926826189901484,-0.0016724278835167973,-0.985243992977916,-0.8856054206568637,0.0,0.0,1.0,1.0,0.0,0.0,0.0,0.0,0.0,0.0,0.0,0.0,0.0,0.0,0.0,0.0,1.0,0.0,0.0,0.0,1.0,0.0
EVT00203,-0.5346290764341026,-0.8527267987324499,0.5125894023013345,0.6926826189901484,-0.7542649754661083,0.10947155477532397,-1.306187383925914,0.0,0.0,1.0,0.0,0.0,0.0,0.0,1.0,0.0,0.0,0.0,0.0,0.0,0.0,0.0,1.0,0.0,0.0,0.0,0.0,0.0,1.0
EVT00204,-0.5346290764341026,-1.4097738149389178,-0.4298630227675131,0.6926826189901484,0.7509201196990747,-0.985243992977916,-0.8014890280030535,0.0,0.0,1.0,0.0,0.0,1.0,0.0,0.0,0.0,0.0,0.0,0.0,0.0,0.0,0.0,0.0,0.0,1.0,0.0,1.0,0.0,0.0
EVT00205,1.6094459423138765,-0.8875422372453542,0.5125894023013345,0.8352099068482035,-0.7542649754661083,0.10947155477532397,-1.390303776579724,0.0,0.0,1.0,0.0,1.0,0.0,0.0,0.0,1.0,0.0,0.0,0.0,0.0,0.0,0.0,0.0,0.0,0.0,0.0,0.0,0.0,1.0
EVT00206,-0.5346290764341026,0.29618267219339006,-1.3723154478363608,0.8352099068482035,-0.7542649754661083,-0.985243992977916,-1.2220709912721037,0.0,0.0,1.0,0.0,0.0,0.0,0.0,1.0,0.0,0.0,0.0,0.0,0.0,1.0,0.0,0.0,0.0,0.0,0.0,1.0,0.0,0.0
EVT00207,-0.5346290764341026,-1.0964348683227798,-1.3723154478363608,0.8352099068482035,-1.5068575230486998,-0.985243992977916,-0.3809070647340034,0.0,0.0,1.0,0.0,0.0,1.0,0.0,0.0,0.0,0.0,1.0,0.0,0.0,0.0,0.0,0.0,0.0,0.0,0.0,1.0,0.0,0.0
EVT00208,-0.5346290764341026,0.9924914424514749,1.4550418273701822,0.8352099068482035,-0.0016724278835167973,-0.985243992977916,-1.1379545986182937,0.0,0.0,0.0,0.0,1.0,0.0,0.0,0.0,0.0,0.0,0.0,0.0,0.0,0.0,0.0,1.0,0.0,0.0,1.0,0.0,0.0,0.0
EVT00209,1.6094459423138765,0.8184142498869538,0.5125894023013345,0.8352099068482035,0.7509201196990747,0.10947155477532397,-0.7173726353492436,0.0,0.0,1.0,0.0,0.0,1.0,0.0,0.0,1.0,0.0,0.0,0.0,0.0,0.0,0.0,0.0,0.0,0.0,1.0,0.0,0.0,0.0
EVT00210,-0.5346290764341026,0.9924914424514749,0.5125894023013345,0.8352099068482035,0.7509201196990747,-0.985243992977916,-1.0538382059644837,0.0,0.0,1.0,0.0,0.0,0.0,0.0,1.0,0.0,0.0,0.0,0.0,0.0,0.0,0.0,1.0,0.0,0.0,0.0,1.0,0.0,0.0
EVT00211,0.001389678252892188,1.2013840735289005,0.5125894023013345,0.8352099068482035,-0.7542649754661083,0.10947155477532397,-0.29679067208019333,0.0,0.0,0.0,0.0,1.0,0.0,0.0,0.0,0.0,1.0,0.0,0.0,0.0,0.0,0.0,0.0,0.0,0.0,1.0,0.0,0.0,0.0
EVT00212,2.3241376152298696,1.514723020145039,1.4550418273701822,0.8352099068482035,0.7509201196990747,1.204187102528564,-0.6332562426954335,0.0,0.0,0.0,0.0,0.0,1.0,0.0,0.0,1.0,0.0,0.0,0.0,0.0,0.0,0.0,0.0,0.0,0.0,1.0,0.0,0.0,0.0
EVT00213,-0.5346290764341026,-0.40012609806469485,-0.4298630227675131,0.8352099068482035,1.503512667281666,-0.985243992977916,-0.9697218133106736,0.0,0.0,1.0,0.0,1.0,0.0,0.0,0.0,0.0,0.0,0.0,0.0,0.0,1.0,0.0,0.0,0.0,0.0,1.0,0.0,0.0,0.0
EVT00214,0.8947542693978835,-0.574203290629216,1.4550418273701822,0.8352099068482035,-1.5068575230486998,0.10947155477532397,-0.8856054206568637,0.0,0.0,1.0,1.0,0.0,0.0,0.0,0.0,1.0,0.0,0.0,0.0,0.0,0.0,0.0,0.0,0.0,0.0,1.0,0.0,0.0,0.0
EVT00215,-0.5346290764341026,1.410276704606326,-1.3723154478363608,0.8352099068482035,2.2561052148642577,-0.985243992977916,-0.8856054206568637,0.0,0.0,1.0,1.0,0.0,0.0,0.0,0.0,0.0,0.0,0.0,0.0,0.0,0.0,1.0,0.0,0.0,0.0,1.0,0.0,0.0,0.0
EVT00216,-0.5346290764341026,1.7584310897353683,0.5125894023013345,0.8352099068482035,2.2561052148642577,-0.985243992977916,-0.8014890280030535,0.0,0.0,0.0,1.0,0.0,0.0,0.0,0.0,0.0,0.0,0.0,0.0,0.0,0.0,0.0,1.0,0.0,0.0,1.0,0.0,0.0,0.0
EVT00217,-0.5346290764341026,-1.166065745348588,-0.4298630227675131,0.9777371947062587,-0.7542649754661083,0.10947155477532397,-0.8014890280030535,0.0,1.0,1.0,1.0,0.0,0.0,0.0,0.0,0.0,0.0,1.0,0.0,0.0,0.0,0.0,0.0,0.0,0.0,0.0,1.0,0.0,0.0
EVT00218,-0.5346290764341026,1.44509214311923,0.5125894023013345,0.9777371947062587,-0.0016724278835167973,0.10947155477532397,-0.7173726353492436,0.0,1.0,0.0,0.0,0.0,1.0,0.0,0.0,0.0,0.0,0.0,0.0,0.0,0.0,0.0,0.0,1.0,0.0,1.0,0.0,0.0,0.0
EVT00219,-0.5346290764341026,0.2613672336804859,1.4550418273701822,0.9777371947062587,-1.5068575230486998,-0.985243992977916,-1.306187383925914,0.0,1.0,1.0,1.0,0.0,0.0,0.0,0.0,0.0,0.0,0.0,0.0,0.0,0.0,0.0,1.0,0.0,0.0,0.0,1.0,0.0,0.0
EVT00220,-0.5346290764341026,0.7835988113740496,-0.4298630227675131,0.9777371947062587,0.7509201196990747,0.10947155477532397,-0.6332562426954335,0.0,1.0,1.0,1.0,0.0,0.0,0.0,0.0,0.0,0.0,0.0,0.0,0.0,1.0,0.0,0.0,0.0,0.0,1.0,0.0,0.0,0.0
EVT00221,2.1454646970008713,-0.01715627442274796,1.4550418273701822,0.9777371947062587,-0.7542649754661083,1.204187102528564,-0.21267427942638328,0.0,1.0,1.0,0.0,0.0,0.0,0.0,1.0,1.0,0.0,0.0,0.0,0.0,0.0,0.0,0.0,0.0,0.0,0.0,0.0,1.0,0.0
EVT00222,-0.5346290764341026,-1.270512060887301,-1.3723154478363608,0.9777371947062587,-1.5068575230486998,-0.985243992977916,-0.3809070647340034,0.0,1.0,1.0,0.0,1.0,0.0,0.0,0.0,0.0,0.0,0.0,0.0,0.0,0.0,0.0,0.0,0.0,1.0,1.0,0.0,0.0,0.0
EVT00223,-0.5346290764341026,1.3406458275805178,0.5125894023013345,0.9777371947062587,-0.7542649754661083,-0.985243992977916,-1.2220709912721037,1.0,1.0,1.0,0.0,1.0,0.0,0.0,0.0,0.0,0.0,0.0,0.0,1.0,0.0,0.0,0.0,0.0,0.0,1.0,0.0,0.0,0.0
EVT00224,-0.35595615820510434,1.0621223194772835,1.4550418273701822,0.9777371947062587,-0.0016724278835167973,0.10947155477532397,-1.1379545986182937,0.0,1.0,1.0,0.0,0.0,0.0,0.0,1.0,1.0,0.0,0.0,0.0,0.0,0.0,0.0,0.0,0.0,0.0,1.0,0.0,0.0,0.0
EVT00225,1.25210010585588,0.5398907417837199,1.4550418273701822,0.9777371947062587,0.7509201196990747,0.10947155477532397,-0.7173726353492436,0.0,1.0,0.0,1.0,0.0,0.0,0.0,0.0,1.0,0.0,0.0,0.0,0.0,0.0,0.0,0.0,0.0,0.0,0.0,0.0,0.0,1.0
EVT00226,-0.5346290764341026,-0.713465044680833,1.4550418273701822,0.9777371947062587,-0.7542649754661083,0.10947155477532397,-0.12855788677257324,0.0,1.0,1.0,0.0,0.0,0.0,0.0,1.0,0.0,0.0,0.0,0.0,0.0,0.0,0.0,1.0,0.0,0.0,0.0,0.0,0.0,1.0
EVT00227,-0.5346290764341026,0.08729004111596471,0.5125894023013345,0.9777371947062587,-0.0016724278835167973,0.10947155477532397,-0.0444414941187632,0.0,1.0,1.0,0.0,1.0,0.0,0.0,0.0,0.0,0.0,0.0,0.0,0.0,0.0,0.0,0.0,1.0,0.0,0.0,0.0,1.0,0.0
EVT00228,-0.5346290764341026,-0.6438341676550244,-0.4298630227675131,0.9777371947062587,0.7509201196990747,0.10947155477532397,0.03967489853504685,0.0,1.0,1.0,1.0,0.0,0.0,0.0,0.0,0.0,0.0,1.0,0.0,0.0,0.0,0.0,0.0,0.0,0.0,0.0,1.0,0.0,0.0
EVT00229,-0.5346290764341026,0.8184142498869538,-1.3723154478363608,1.120264482564314,0.7509201196990747,-0.985243992977916,-0.5491398500416235,0.0,1.0,0.0,0.0,0.0,1.0,0.0,0.0,0.0,0.0,0.0,0.0,0.0,0.0,0.0,0.0,0.0,1.0,1.0,0.0,0.0,0.0
EVT00230,-0.5346290764341026,1.4799075816321343,0.5125894023013345,1.120264482564314,-0.7542649754661083,0.10947155477532397,-0.6332562426954335,0.0,1.0,1.0,0.0,0.0,0.0,1.0,0.0,0.0,0.0,0.0,0.0,0.0,0.0,0.0,1.0,0.0,0.0,0.0,0.0,0.0,1.0
EVT00231,-0.5346290764341026,0.15692091814177325,-0.4298630227675131,1.120264482564314,-0.0016724278835167973,-0.985243992977916,-0.4650234573878134,0.0,1.0,1.0,1.0,0.0,0.0,0.0,0.0,0.0,0.0,0.0,0.0,0.0,0.0,1.0,0.0,0.0,0.0,0.0,0.0,0.0,1.0
EVT00232,-0.5346290764341026,0.29618267219339006,1.4550418273701822,1.120264482564314,-0.0016724278835167973,0.10947155477532397,-1.0538382059644837,1.0,1.0,1.0,1.0,0.0,0.0,0.0,0.0,0.0,0.0,0.0,0.0,1.0,0.0,0.0,0.0,0.0,0.0,1.0,0.0,0.0,0.0
EVT00233,-0.5346290764341026,-0.3653106595517906,1.4550418273701822,1.120264482564314,0.7509201196990747,0.10947155477532397,-0.9697218133106736,1.0,1.0,1.0,1.0,0.0,0.0,0.0,0.0,0.0,0.0,0.0,0.0,1.0,0.0,0.0,0.0,0.0,0.0,0.0,0.0,0.0,1.0
EVT00234,-0.5346290764341026,-0.713465044680833,0.5125894023013345,1.120264482564314,-0.0016724278835167973,-0.985243992977916,-0.3809070647340034,0.0,1.0,1.0,0.0,1.0,0.0,0.0,0.0,0.0,0.0,0.0,0.0,0.0,0.0,0.0,1.0,0.0,0.0,1.0,0.0,0.0,0.0
EVT00235,-0.5346290764341026,1.2710149505547088,-1.3723154478363608,1.120264482564314,1.503512667281666,0.10947155477532397,-0.8856054206568637,0.0,1.0,1.0,0.0,0.0,0.0,0.0,1.0,0.0,0.0,0.0,0.0,0.0,0.0,0.0,0.0,0.0,1.0,0.0,0.0,1.0,0.0
EVT00236,-0.5346290764341026,1.2710149505547088,1.4550418273701822,1.120264482564314,1.503512667281666,0.10947155477532397,-0.8014890280030535,0.0,1.0,1.0,0.0,0.0,1.0,0.0,0.0,0.0,0.0,0.0,0.0,0.0,0.0,0.0,0.0,1.0,0.0,0.0,0.0,1.0,0.0
EVT00237,1.7881188605428748,-1.3401429379131093,0.5125894023013345,1.120264482564314,0.7509201196990747,0.10947155477532397,-0.29679067208019333,0.0,1.0,1.0,0.0,0.0,0.0,1.0,0.0,0.0,1.0,0.0,0.0,0.0,0.0,0.0,0.0,0.0,0.0,0.0,0.0,0.0,1.0
EVT00238,-0.5346290764341026,0.47025986475791126,-1.3723154478363608,1.120264482564314,1.503512667281666,-0.985243992977916,-0.7173726353492436,0.0,1.0,1.0,0.0,1.0,0.0,0.0,0.0,0.0,0.0,1.0,0.0,0.0,0.0,0.0,0.0,0.0,0.0,0.0,0.0,1.0,0.0
EVT00239,0.537408432939887,1.514723020145039,-1.3723154478363608,1.120264482564314,-1.5068575230486998,0.10947155477532397,-0.5491398500416235,0.0,1.0,0.0,0.0,0.0,0.0,0.0,1.0,0.0,0.0,0.0,1.0,0.0,0.0,0.0,0.0,0.0,0.0,1.0,0.0,0.0,0.0
EVT00240,1.6094459423138765,-1.1312503068356838,0.5125894023013345,1.120264482564314,-1.5068575230486998,0.10947155477532397,-0.29679067208019333,0.0,1.0,1.0,1.0,0.0,0.0,0.0,0.0,0.0,1.0,0.0,0.0,0.0,0.0,0.0,0.0,0.0,0.0,0.0,0.0,1.0,0.0
EVT00241,-0.5346290764341026,1.7236156512224643,0.5125894023013345,1.2627917704223692,-0.7542649754661083,0.10947155477532397,-0.4650234573878134,1.0,1.0,1.0,1.0,0.0,0.0,0.0,0.0,0.0,0.0,0.0,0.0,1.0,0.0,0.0,0.0,0.0,0.0,0.0,0.0,0.0,1.0
EVT00242,1.4307730240848784,-0.19123346698726917,1.4550418273701822,1.2627917704223692,-0.0016724278835167973,1.204187102528564,-0.3809070647340034,0.0,1.0,1.0,0.0,0.0,0.0,0.0,1.0,1.0,0.0,0.0,0.0,0.0,0.0,0.0,0.0,0.0,0.0,0.0,1.0,0.0,0.0
EVT00243,-0.5346290764341026,-0.5045724136034075,1.4550418273701822,1.2627917704223692,0.7509201196990747,1.204187102528564,-0.29679067208019333,0.0,1.0,1.0,0.0,0.0,0.0,1.0,0.0,0.0,0.0,0.0,0.0,0.0,0.0,0.0,0.0,1.0,0.0,0.0,1.0,0.0,0.0
EVT00244,-0.5346290764341026,0.052474602603060284,-0.4298630227675131,1.2627917704223692,2.2561052148642577,-0.985243992977916,-0.6332562426954335,0.0,1.0,1.0,0.0,0.0,0.0,0.0,1.0,0.0,0.0,0.0,0.0,0.0,0.0,1.0,0.0,0.0,0.0,0.0,0.0,1.0,0.0
EVT00245,1.7881188605428748,0.5398907417837199,-0.4298630227675131,1.2627917704223692,-0.7542649754661083,1.204187102528564,-0.21267427942638328,0.0,1.0,1.0,0.0,0.0,0.0,1.0,0.0,0.0,0.0,0.0,1.0,0.0,0.0,0.0,0.0,0.0,0.0,1.0,0.0,0.0,0.0
EVT00246,-0.5346290764341026,1.6191693356837513,-1.3723154478363608,1.2627917704223692,1.503512667281666,1.204187102528564,-0.21267427942638328,0.0,1.0,1.0,0.0,0.0,0.0,1.0,0.0,0.0,0.0,1.0,0.0,0.0,0.0,0.0,0.0,0.0,0.0,0.0,1.0,0.0,0.0
EVT00247,-0.5346290764341026,1.7236156512224643,-1.3723154478363608,1.2627917704223692,-1.5068575230486998,-0.985243992977916,-0.5491398500416235,0.0,1.0,1.0,1.0,0.0,0.0,0.0,0.0,0.0,0.0,0.0,0.0,0.0,0.0,1.0,0.0,0.0,0.0,0.0,0.0,1.0,0.0
EVT00248,-0.5346290764341026,-0.8875422372453542,-1.3723154478363608,1.2627917704223692,2.2561052148642577,1.204187102528564,-0.12855788677257324,0.0,1.0,1.0,0.0,0.0,0.0,1.0,0.0,0.0,0.0,0.0,0.0,0.0,0.0,1.0,0.0,0.0,0.0,0.0,0.0,1.0,0.0
EVT00249,-0.5346290764341026,1.0273068809643795,1.4550418273701822,1.2627917704223692,3.008697762446849,1.204187102528564,-0.0444414941187632,0.0,1.0,0.0,0.0,0.0,0.0,0.0,1.0,0.0,0.0,0.0,0.0,0.0,0.0,0.0,1.0,0.0,0.0,1.0,0.0,0.0,0.0
EVT00250,-0.5346290764341026,-0.12160258996146095,-1.3723154478363608,1.2627917704223692,-0.7542649754661083,-0.985243992977916,-0.4650234573878134,0.0,1.0,1.0,0.0,1.0,0.0,0.0,0.0,0.0,0.0,0.0,0.0,0.0,0.0,1.0,0.0,0.0,0.0,0.0,0.0,1.0,0.0
EVT00251,-0.5346290764341026,-0.6786496061679288,0.5125894023013345,1.2627917704223692,-1.5068575230486998,-0.985243992977916,0.1237912911888569,0.0,1.0,1.0,0.0,0.0,0.0,1.0,0.0,0.0,0.0,0.0,0.0,0.0,0.0,0.0,0.0,1.0,0.0,1.0,0.0,0.0,0.0
EVT00252,-0.5346290764341026,1.6191693356837513,0.5125894023013345,1.2627917704223692,-1.5068575230486998,-0.985243992977916,-0.21267427942638328,0.0,1.0,1.0,0.0,1.0,0.0,0.0,0.0,0.0,0.0,0.0,0.0,0.0,0.0,0.0,0.0,1.0,0.0,1.0,0.0,0.0,0.0
EVT00253,0.7160813511688852,0.08729004111596471,1.4550418273701822,1.4053190582804245,-0.7542649754661083,0.10947155477532397,-0.12855788677257324,0.0,1.0,1.0,0.0,0.0,0.0,0.0,1.0,1.0,0.0,0.0,0.0,0.0,0.0,0.0,0.0,0.0,0.0,0.0,1.0,0.0,0.0
EVT00254,0.18006259648189046,-1.2356966223743966,-1.3723154478363608,1.4053190582804245,-0.7542649754661083,0.10947155477532397,-0.5491398500416235,0.0,1.0,1.0,0.0,0.0,0.0,0.0,1.0,0.0,0.0,0.0,1.0,0.0,0.0,0.0,0.0,0.0,0.0,0.0,0.0,1.0,0.0
EVT00255,-0.5346290764341026,1.0621223194772835,0.5125894023013345,1.4053190582804245,-0.0016724278835167973,1.204187102528564,-0.4650234573878134,0.0,1.0,0.0,0.0,1.0,0.0,0.0,0.0,1.0,0.0,0.0,0.0,0.0,0.0,0.0,0.0,0.0,0.0,0.0,0.0,1.0,0.0
EVT00256,-0.5346290764341026,-0.9223576757582586,1.4550418273701822,1.4053190582804245,0.7509201196990747,1.204187102528564,-0.3809070647340034,0.0,1.0,1.0,0.0,0.0,0.0,1.0,0.0,0.0,0.0,0.0,0.0,0.0,0.0,0.0,1.0,0.0,0.0,0.0,0.0,0.0,1.0
EVT00257,0.7160813511688852,-1.0964348683227798,-1.3723154478363608,1.4053190582804245,-0.7542649754661083,1.204187102528564,-0.21267427942638328,0.0,1.0,1.0,0.0,0.0,0.0,1.0,0.0,0.0,0.0,0.0,1.0,0.0,0.0,0.0,0.0,0.0,0.0,0.0,1.0,0.0,0.0
EVT00258,-0.1772832399761061,0.2613672336804859,0.5125894023013345,1.4053190582804245,-0.7542649754661083,1.204187102528564,-0.12855788677257324,0.0,1.0,1.0,0.0,1.0,0.0,0.0,0.0,0.0,1.0,0.0,0.0,0.0,0.0,0.0,0.0,0.0,0.0,0.0,1.0,0.0,0.0
EVT00259,-0.5346290764341026,-0.3653106595517906,-1.3723154478363608,1.4053190582804245,-0.0016724278835167973,0.10947155477532397,-0.0444414941187632,0.0,1.0,1.0,1.0,0.0,0.0,0.0,0.0,0.0,0.0,0.0,0.0,0.0,1.0,0.0,0.0,0.0,0.0,1.0,0.0,0.0,0.0
EVT00260,-0.5346290764341026,1.5843538971708473,-1.3723154478363608,1.4053190582804245,-0.7542649754661083,-0.985243992977916,-0.3809070647340034,0.0,1.0,1.0,0.0,0.0,0.0,0.0,1.0,0.0,0.0,1.0,0.0,0.0,0.0,0.0,0.0,0.0,0.0,0.0,0.0,0.0,1.0
EVT00261,-0.5346290764341026,0.7487833728611452,0.5125894023013345,1.4053190582804245,-0.7542649754661083,-0.985243992977916,0.20790768384266695,1.0,1.0,1.0,0.0,0.0,0.0,0.0,1.0,0.0,0.0,0.0,0.0,1.0,0.0,0.0,0.0,0.0,0.0,0.0,0.0,0.0,1.0
EVT00262,-0.5346290764341026,0.2613672336804859,-1.3723154478363608,1.4053190582804245,0.7509201196990747,1.204187102528564,-0.29679067208019333,0.0,1.0,0.0,0.0,0.0,1.0,0.0,0.0,0.0,0.0,0.0,0.0,0.0,1.0,0.0,0.0,0.0,0.0,0.0,1.0,0.0,0.0
EVT00263,-0.5346290764341026,-1.1312503068356838,-0.4298630227675131,1.4053190582804245,-0.0016724278835167973,-0.985243992977916,0.292024076496477,0.0,1.0,1.0,0.0,1.0,0.0,0.0,0.0,0.0,0.0,1.0,0.0,0.0,0.0,0.0,0.0,0.0,0.0,0.0,1.0,0.0,0.0
EVT00264,-0.5346290764341026,-0.574203290629216,1.4550418273701822,1.4053190582804245,-0.0016724278835167973,-0.985243992977916,0.37614046915028704,1.0,1.0,1.0,1.0,0.0,0.0,0.0,0.0,0.0,0.0,0.0,0.0,1.0,0.0,0.0,0.0,0.0,0.0,0.0,0.0,1.0,0.0
EVT00265,-0.5346290764341026,1.514723020145039,1.4550418273701822,1.5478463461384797,-0.7542649754661083,-0.985243992977916,-0.29679067208019333,0.0,1.0,1.0,0.0,0.0,0.0,1.0,0.0,0.0,0.0,0.0,0.0,0.0,0.0,0.0,1.0,0.0,0.0,1.0,0.0,0.0,0.0
EVT00266,-0.5346290764341026,-0.08678715144855652,-0.4298630227675131,1.5478463461384797,0.7509201196990747,-0.985243992977916,0.4602568618040971,0.0,1.0,1.0,1.0,0.0,0.0,0.0,0.0,0.0,0.0,1.0,0.0,0.0,0.0,0.0,0.0,0.0,0.0,0.0,0.0,0.0,1.0
EVT00267,-0.5346290764341026,-1.444589253451822,0.5125894023013345,1.5478463461384797,-0.0016724278835167973,-0.985243992977916,-0.21267427942638328,0.0,1.0,1.0,0.0,0.0,1.0,0.0,0.0,0.0,0.0,0.0,0.0,0.0,0.0,0.0,0.0,1.0,0.0,0.0,1.0,0.0,0.0
EVT00268,-0.5346290764341026,1.2013840735289005,1.4550418273701822,1.5478463461384797,-0.7542649754661083,-0.985243992977916,0.03967489853504685,0.0,1.0,1.0,1.0,0.0,0.0,0.0,0.0,0.0,0.0,0.0,0.0,0.0,0.0,0.0,1.0,0.0,0.0,0.0,1.0,0.0,0.0
EVT00269,-0.5346290764341026,0.679152495835337,1.4550418273701822,1.5478463461384797,-0.7542649754661083,-0.985243992977916,-0.21267427942638328,1.0,1.0,1.0,0.0,0.0,0.0,0.0,1.0,0.0,0.0,0.0,0.0,1.0,0.0,0.0,0.0,0.0,0.0,0.0,0.0,0.0,1.0
EVT00270,-0.5346290764341026,0.29618267219339006,-1.3723154478363608,1.5478463461384797,-0.7542649754661083,0.10947155477532397,-0.0444414941187632,0.0,1.0,0.0,0.0,0.0,0.0,0.0,1.0,0.0,0.0,1.0,0.0,0.0,0.0,0.0,0.0,0.0,0.0,0.0,0.0,1.0,0.0
EVT00271,-0.5346290764341026,0.9576760039385709,0.5125894023013345,1.5478463461384797,-1.5068575230486998,-0.985243992977916,0.03967489853504685,0.0,1.0,1.0,0.0,1.0,0.0,0.0,0.0,0.0,0.0,0.0,0.0,0.0,0.0,0.0,1.0,0.0,0.0,1.0,0.0,0.0,0.0
EVT00272,-0.5346290764341026,0.08729004111596471,-0.4298630227675131,1.5478463461384797,-0.7542649754661083,-0.985243992977916,0.1237912911888569,0.0,1.0,1.0,0.0,0.0,0.0,0.0,1.0,0.0,0.0,0.0,0.0,0.0,0.0,0.0,0.0,0.0,1.0,0.0,1.0,0.0,0.0
EVT00273,-0.5346290764341026,-1.1312503068356838,0.5125894023013345,1.5478463461384797,-0.0016724278835167973,-0.985243992977916,0.1237912911888569,1.0,1.0,0.0,0.0,0.0,0.0,1.0,0.0,0.0,0.0,0.0,0.0,1.0,0.0,0.0,0.0,0.0,0.0,0.0,0.0,0.0,1.0
EVT00274,-0.5346290764341026,0.1917363566546774,0.5125894023013345,1.5478463461384797,-0.0016724278835167973,-0.985243992977916,-0.12855788677257324,1.0,1.0,1.0,0.0,0.0,0.0,1.0,0.0,0.0,0.0,0.0,0.0,1.0,0.0,0.0,0.0,0.0,0.0,1.0,0.0,0.0,0.0
EVT00275,1.9667917787718732,-0.5393878521163118,1.4550418273701822,1.5478463461384797,0.7509201196990747,0.10947155477532397,-0.0444414941187632,0.0,1.0,0.0,0.0,1.0,0.0,0.0,0.0,1.0,0.0,0.0,0.0,0.0,0.0,0.0,0.0,0.0,0.0,1.0,0.0,0.0,0.0
EVT00276,-0.5346290764341026,-0.40012609806469485,1.4550418273701822,1.5478463461384797,-0.7542649754661083,-0.985243992977916,0.1237912911888569,0.0,1.0,1.0,0.0,0.0,0.0,0.0,1.0,0.0,0.0,0.0,0.0,0.0,0.0,0.0,1.0,0.0,0.0,0.0,0.0,1.0,0.0
EVT00277,-0.5346290764341026,-1.3401429379131093,0.5125894023013345,1.690373633996535,-0.0016724278835167973,0.10947155477532397,0.20790768384266695,0.0,1.0,1.0,0.0,0.0,0.0,0.0,1.0,1.0,0.0,0.0,0.0,0.0,0.0,0.0,0.0,0.0,0.0,0.0,1.0,0.0,0.0
EVT00278,-0.5346290764341026,-1.270512060887301,-1.3723154478363608,1.690373633996535,0.7509201196990747,-0.985243992977916,0.20790768384266695,0.0,1.0,0.0,0.0,0.0,0.0,1.0,0.0,0.0,0.0,1.0,0.0,0.0,0.0,0.0,0.0,0.0,0.0,0.0,0.0,1.0,0.0
EVT00279,-0.5346290764341026,-0.46975697509050324,-1.3723154478363608,1.690373633996535,1.503512667281666,-0.985243992977916,0.292024076496477,0.0,1.0,1.0,1.0,0.0,0.0,0.0,0.0,0.0,0.0,1.0,0.0,0.0,0.0,0.0,0.0,0.0,0.0,0.0,0.0,0.0,1.0
EVT00280,2.1454646970008713,1.0969377579901876,0.5125894023013345,1.690373633996535,-1.5068575230486998,0.10947155477532397,0.5443732544579071,0.0,1.0,1.0,1.0,0.0,0.0,0.0,0.0,0.0,1.0,0.0,0.0,0.0,0.0,0.0,0.0,0.0,0.0,0.0,0.0,0.0,1.0
EVT00281,-0.5346290764341026,-0.991988552784067,1.4550418273701822,1.690373633996535,-0.7542649754661083,-0.985243992977916,0.03967489853504685,0.0,1.0,1.0,0.0,0.0,0.0,0.0,1.0,0.0,0.0,0.0,0.0,0.0,0.0,0.0,0.0,1.0,0.0,0.0,0.0,1.0,0.0
EVT00282,-0.5346290764341026,-0.7482804831937373,-1.3723154478363608,1.690373633996535,-0.0016724278835167973,0.10947155477532397,-0.0444414941187632,0.0,1.0,1.0,0.0,0.0,0.0,1.0,0.0,0.0,0.0,0.0,0.0,0.0,0.0,0.0,0.0,0.0,1.0,0.0,1.0,0.0,0.0
EVT00283,-0.5346290764341026,0.7487833728611452,-1.3723154478363608,1.690373633996535,1.503512667281666,-0.985243992977916,0.37614046915028704,0.0,1.0,1.0,0.0,0.0,0.0,1.0,0.0,0.0,0.0,1.0,0.0,0.0,0.0,0.0,0.0,0.0,0.0,0.0,0.0,0.0,1.0
EVT00284,-0.5346290764341026,1.1317531965030918,-0.4298630227675131,1.690373633996535,0.7509201196990747,0.10947155477532397,0.03967489853504685,0.0,1.0,0.0,0.0,0.0,0.0,0.0,1.0,0.0,0.0,0.0,0.0,0.0,1.0,0.0,0.0,0.0,0.0,0.0,0.0,0.0,1.0
EVT00285,-0.1772832399761061,-1.305327499400205,-1.3723154478363608,1.690373633996535,-1.5068575230486998,0.10947155477532397,-0.12855788677257324,0.0,1.0,1.0,1.0,0.0,0.0,0.0,0.0,0.0,0.0,0.0,1.0,0.0,0.0,0.0,0.0,0.0,0.0,0.0,1.0,0.0,0.0
EVT00286,-0.5346290764341026,1.6888002127095603,-1.3723154478363608,1.690373633996535,-0.7542649754661083,-0.985243992977916,0.1237912911888569,0.0,1.0,1.0,1.0,0.0,0.0,0.0,0.0,0.0,0.0,0.0,0.0,0.0,0.0,1.0,0.0,0.0,0.0,0.0,0.0,1.0,0.0
EVT00287,-0.5346290764341026,-1.6534818845292476,1.4550418273701822,1.690373633996535,-0.7542649754661083,0.10947155477532397,0.6284896471117172,0.0,1.0,1.0,0.0,0.0,0.0,0.0,1.0,0.0,0.0,0.0,0.0,0.0,0.0,0.0,0.0,1.0,0.0,0.0,0.0,0.0,1.0
EVT00288,0.3587355147108887,-0.8875422372453542,0.5125894023013345,1.690373633996535,-0.0016724278835167973,1.204187102528564,0.7126060397655272,0.0,1.0,1.0,1.0,0.0,0.0,0.0,0.0,0.0,1.0,0.0,0.0,0.0,0.0,0.0,0.0,0.0,0.0,0.0,0.0,1.0,0.0
EVT00289,1.6094459423138765,0.1917363566546774,0.5125894023013345,-1.5877539867387354,-0.7542649754661083,1.204187102528564,-0.0444414941187632,0.0,1.0,1.0,0.0,0.0,0.0,0.0,1.0,0.0,1.0,0.0,0.0,0.0,0.0,0.0,0.0,0.0,0.0,0.0,0.0,1.0,0.0
EVT00290,-0.5346290764341026,1.6191693356837513,1.4550418273701822,-1.5877539867387354,-0.0016724278835167973,-0.985243992977916,0.20790768384266695,0.0,1.0,0.0,0.0,0.0,0.0,1.0,0.0,0.0,0.0,0.0,0.0,0.0,0.0,0.0,1.0,0.0,0.0,0.0,0.0,0.0,1.0
EVT00291,0.18006259648189046,0.713967934348241,-0.4298630227675131,-1.5877539867387354,-0.0016724278835167973,0.10947155477532397,0.37614046915028704,0.0,1.0,1.0,0.0,0.0,1.0,0.0,0.0,0.0,0.0,0.0,1.0,0.0,0.0,0.0,0.0,0.0,0.0,0.0,0.0,1.0,0.0
EVT00292,-0.5346290764341026,-0.15641802847436506,-1.3723154478363608,-1.5877539867387354,-0.0016724278835167973,-0.985243992977916,0.1237912911888569,0.0,1.0,1.0,0.0,0.0,0.0,0.0,1.0,0.0,0.0,0.0,0.0,0.0,0.0,0.0,0.0,0.0,1.0,1.0,0.0,0.0,0.0
EVT00293,-0.5346290764341026,-1.3749583764260136,0.5125894023013345,-1.5877539867387354,0.7509201196990747,-0.985243992977916,0.1237912911888569,0.0,1.0,1.0,0.0,0.0,0.0,0.0,1.0,0.0,0.0,0.0,0.0,0.0,0.0,0.0,0.0,1.0,0.0,0.0,0.0,1.0,0.0
EVT00294,-0.5346290764341026,-0.6786496061679288,1.4550418273701822,-1.5877539867387354,-0.0016724278835167973,1.204187102528564,-0.0444414941187632,1.0,1.0,1.0,1.0,0.0,0.0,0.0,0.0,0.0,0.0,0.0,0.0,1.0,0.0,0.0,0.0,0.0,0.0,0.0,0.0,1.0,0.0
EVT00295,-0.5346290764341026,-0.8875422372453542,1.4550418273701822,-1.5877539867387354,-0.0016724278835167973,0.10947155477532397,0.6284896471117172,0.0,1.0,0.0,1.0,0.0,0.0,0.0,0.0,0.0,0.0,0.0,0.0,0.0,0.0,0.0,0.0,1.0,0.0,0.0,0.0,0.0,1.0
EVT00296,1.25210010585588,1.3406458275805178,1.4550418273701822,-1.5877539867387354,-1.5068575230486998,0.10947155477532397,0.20790768384266695,0.0,1.0,1.0,0.0,1.0,0.0,0.0,0.0,1.0,0.0,0.0,0.0,0.0,0.0,0.0,0.0,0.0,0.0,1.0,0.0,0.0,0.0
EVT00297,-0.5346290764341026,0.052474602603060284,-0.4298630227675131,-1.5877539867387354,0.7509201196990747,1.204187102528564,0.03967489853504685,0.0,1.0,1.0,0.0,0.0,0.0,1.0,0.0,0.0,0.0,1.0,0.0,0.0,0.0,0.0,0.0,0.0,0.0,0.0,0.0,1.0,0.0
EVT00298,-0.5346290764341026,-0.8875422372453542,0.5125894023013345,-1.5877539867387354,0.7509201196990747,0.10947155477532397,0.1237912911888569,1.0,1.0,1.0,0.0,0.0,1.0,0.0,0.0,0.0,0.0,0.0,0.0,1.0,0.0,0.0,0.0,0.0,0.0,0.0,0.0,0.0,1.0
EVT00299,-0.5346290764341026,-0.3653106595517906,-0.4298630227675131,-1.5877539867387354,-0.7542649754661083,0.10947155477532397,0.4602568618040971,0.0,1.0,0.0,0.0,0.0,0.0,0.0,1.0,0.0,0.0,0.0,0.0,0.0,0.0,0.0,0.0,0.0,1.0,0.0,1.0,0.0,0.0
EVT00300,-0.5346290764341026,0.15692091814177325,-1.3723154478363608,-1.5877539867387354,-0.0016724278835167973,0.10947155477532397,0.6284896471117172,0.0,1.0,1.0,0.0,1.0,0.0,0.0,0.0,0.0,0.0,0.0,0.0,0.0,0.0,0.0,0.0,0.0,1.0,0.0,0.0,0.0,1.0
EVT00301,1.4307730240848784,0.9924914424514749,0.5125894023013345,-1.4452266988806801,-0.7542649754661083,1.204187102528564,0.20790768384266695,0.0,1.0,1.0,0.0,0.0,0.0,1.0,0.0,0.0,1.0,0.0,0.0,0.0,0.0,0.0,0.0,0.0,0.0,0.0,1.0,0.0,0.0
EVT00302,-0.5346290764341026,0.08729004111596471,0.5125894023013345,-1.4452266988806801,-0.7542649754661083,-0.985243992977916,0.03967489853504685,0.0,1.0,1.0,0.0,0.0,1.0,0.0,0.0,0.0,0.0,0.0,0.0,0.0,0.0,0.0,1.0,0.0,0.0,1.0,0.0,0.0,0.0
EVT00303,-0.5346290764341026,-0.19123346698726917,-1.3723154478363608,-1.4452266988806801,0.7509201196990747,-0.985243992977916,0.20790768384266695,0.0,1.0,1.0,0.0,1.0,0.0,0.0,0.0,0.0,0.0,1.0,0.0,0.0,0.0,0.0,0.0,0.0,0.0,0.0,1.0,0.0,0.0
EVT00304,2.3241376152298696,-0.5393878521163118,1.4550418273701822,-1.4452266988806801,-0.0016724278835167973,2.298902650281804,0.292024076496477,0.0,1.0,1.0,0.0,0.0,0.0,1.0,0.0,1.0,0.0,0.0,0.0,0.0,0.0,0.0,0.0,0.0,0.0,1.0,0.0,0.0,0.0
EVT00305,0.3587355147108887,0.47025986475791126,1.4550418273701822,-1.4452266988806801,-0.0016724278835167973,0.10947155477532397,0.5443732544579071,0.0,1.0,1.0,0.0,0.0,1.0,0.0,0.0,1.0,0.0,0.0,0.0,0.0,0.0,0.0,0.0,0.0,0.0,1.0,0.0,0.0,0.0
EVT00306,-0.5346290764341026,-0.01715627442274796,1.4550418273701822,-1.4452266988806801,-1.5068575230486998,-0.985243992977916,0.1237912911888569,1.0,1.0,1.0,0.0,0.0,0.0,1.0,0.0,0.0,0.0,0.0,0.0,1.0,0.0,0.0,0.0,0.0,0.0,0.0,1.0,0.0,0.0
EVT00307,2.1454646970008713,1.2361995120418048,0.5125894023013345,-1.4452266988806801,-0.7542649754661083,0.10947155477532397,0.4602568618040971,0.0,1.0,1.0,0.0,0.0,1.0,0.0,0.0,1.0,0.0,0.0,0.0,0.0,0.0,0.0,0.0,0.0,0.0,0.0,0.0,1.0,0.0
EVT00308,-0.5346290764341026,-0.8527267987324499,1.4550418273701822,-1.4452266988806801,-0.7542649754661083,-0.985243992977916,0.03967489853504685,0.0,1.0,1.0,0.0,0.0,0.0,0.0,1.0,0.0,0.0,0.0,0.0,0.0,0.0,0.0,0.0,1.0,0.0,0.0,1.0,0.0,0.0
EVT00309,-0.5346290764341026,-1.6534818845292476,-0.4298630227675131,-1.4452266988806801,0.7509201196990747,-0.985243992977916,0.292024076496477,0.0,1.0,1.0,1.0,0.0,0.0,0.0,0.0,0.0,0.0,0.0,0.0,0.0,0.0,0.0,0.0,0.0,1.0,0.0,0.0,0.0,1.0
EVT00310,-0.5346290764341026,0.47025986475791126,-0.4298630227675131,-1.4452266988806801,-0.0016724278835167973,0.10947155477532397,0.5443732544579071,0.0,1.0,1.0,0.0,0.0,0.0,1.0,0.0,0.0,0.0,1.0,0.0,0.0,0.0,0.0,0.0,0.0,0.0,0.0,0.0,0.0,1.0
EVT00311,0.8947542693978835,-0.12160258996146095,0.5125894023013345,-1.4452266988806801,-0.7542649754661083,0.10947155477532397,0.1237912911888569,0.0,1.0,1.0,1.0,0.0,0.0,0.0,0.0,1.0,0.0,0.0,0.0,0.0,0.0,0.0,0.0,0.0,0.0,0.0,1.0,0.0,0.0
EVT00312,-0.5346290764341026,-1.2356966223743966,-1.3723154478363608,-1.4452266988806801,-0.7542649754661083,0.10947155477532397,0.5443732544579071,0.0,1.0,1.0,0.0,0.0,1.0,0.0,0.0,0.0,0.0,1.0,0.0,0.0,0.0,0.0,0.0,0.0,0.0,0.0,1.0,0.0,0.0
EVT00313,-0.5346290764341026,1.3754612660934218,0.5125894023013345,-1.3026994110226249,-0.0016724278835167973,0.10947155477532397,0.6284896471117172,0.0,1.0,1.0,0.0,0.0,1.0,0.0,0.0,0.0,0.0,0.0,0.0,0.0,0.0,0.0,1.0,0.0,0.0,0.0,0.0,0.0,1.0
EVT00314,-0.5346290764341026,0.6443370573224325,-1.3723154478363608,-1.3026994110226249,-0.7542649754661083,0.10947155477532397,0.1237912911888569,0.0,1.0,0.0,0.0,0.0,0.0,0.0,1.0,0.0,0.0,1.0,0.0,0.0,0.0,0.0,0.0,0.0,0.0,1.0,0.0,0.0,0.0
EVT00315,-0.5346290764341026,0.3658135492191986,-0.4298630227675131,-1.3026994110226249,0.7509201196990747,0.10947155477532397,0.7126060397655272,0.0,1.0,1.0,0.0,0.0,0.0,1.0,0.0,0.0,0.0,1.0,0.0,0.0,0.0,0.0,0.0,0.0,0.0,0.0,0.0,1.0,0.0
EVT00316,-0.5346290764341026,1.3406458275805178,0.5125894023013345,-1.3026994110226249,-0.0016724278835167973,0.10947155477532397,0.6284896471117172,0.0,1.0,0.0,1.0,0.0,0.0,0.0,0.0,0.0,0.0,0.0,0.0,0.0,0.0,0.0,0.0,1.0,0.0,0.0,0.0,0.0,1.0
EVT00317,0.7160813511688852,0.5398907417837199,0.5125894023013345,-1.3026994110226249,0.7509201196990747,1.204187102528564,0.7126060397655272,0.0,1.0,1.0,0.0,0.0,0.0,1.0,0.0,1.0,0.0,0.0,0.0,0.0,0.0,0.0,0.0,0.0,0.0,0.0,0.0,1.0,0.0
EVT00318,-0.5346290764341026,1.0273068809643795,1.4550418273701822,-1.3026994110226249,-0.7542649754661083,-0.985243992977916,-0.0444414941187632,0.0,1.0,1.0,1.0,0.0,0.0,0.0,0.0,0.0,0.0,0.0,0.0,0.0,0.0,0.0,1.0,0.0,0.0,0.0,1.0,0.0,0.0
EVT00319,-0.5346290764341026,-0.8179113602195457,-1.3723154478363608,-1.3026994110226249,0.7509201196990747,0.10947155477532397,0.7967224324193373,0.0,1.0,1.0,0.0,0.0,1.0,0.0,0.0,0.0,0.0,0.0,0.0,0.0,0.0,1.0,0.0,0.0,0.0,0.0,0.0,1.0,0.0
EVT00320,-0.5346290764341026,-0.40012609806469485,-0.4298630227675131,-1.3026994110226249,0.7509201196990747,-0.985243992977916,0.7967224324193373,0.0,1.0,1.0,0.0,1.0,0.0,0.0,0.0,0.0,0.0,0.0,0.0,0.0,1.0,0.0,0.0,0.0,0.0,0.0,1.0,0.0,0.0
EVT00321,-0.5346290764341026,-1.2356966223743966,-0.4298630227675131,-1.3026994110226249,-0.7542649754661083,0.10947155477532397,0.03967489853504685,0.0,1.0,1.0,1.0,0.0,0.0,0.0,0.0,0.0,0.0,0.0,0.0,0.0,0.0,0.0,0.0,0.0,1.0,0.0,0.0,0.0,1.0
EVT00322,-0.5346290764341026,1.1317531965030918,1.4550418273701822,-1.3026994110226249,-0.0016724278835167973,0.10947155477532397,0.1237912911888569,0.0,1.0,1.0,0.0,0.0,0.0,1.0,0.0,0.0,0.0,0.0,0.0,0.0,0.0,0.0,1.0,0.0,0.0,0.0,1.0,0.0,0.0
EVT00323,-0.5346290764341026,-0.15641802847436506,-1.3723154478363608,-1.3026994110226249,-0.7542649754661083,-0.985243992977916,-0.0444414941187632,0.0,1.0,1.0,0.0,0.0,0.0,1.0,0.0,0.0,0.0,0.0,0.0,0.0,0.0,0.0,0.0,0.0,1.0,1.0,0.0,0.0,0.0
EVT00324,-0.5346290764341026,1.1665686350159965,1.4550418273701822,-1.3026994110226249,-1.5068575230486998,-0.985243992977916,0.03967489853504685,0.0,1.0,1.0,0.0,0.0,0.0,1.0,0.0,0.0,0.0,0.0,0.0,0.0,0.0,0.0,0.0,1.0,0.0,1.0,0.0,0.0,0.0
EVT00325,-0.5346290764341026,0.3658135492191986,0.5125894023013345,-1.1601721231645696,-0.0016724278835167973,-0.985243992977916,0.03967489853504685,0.0,1.0,0.0,0.0,0.0,1.0,0.0,0.0,0.0,0.0,0.0,0.0,0.0,0.0,0.0,1.0,0.0,0.0,0.0,0.0,0.0,1.0
EVT00326,2.6814834516878663,1.6539847741966553,-0.4298630227675131,-1.1601721231645696,-0.0016724278835167973,0.10947155477532397,0.7967224324193373,0.0,1.0,1.0,0.0,0.0,1.0,0.0,0.0,0.0,0.0,0.0,1.0,0.0,0.0,0.0,0.0,0.0,0.0,1.0,0.0,0.0,0.0
EVT00327,-0.5346290764341026,-1.3401429379131093,0.5125894023013345,-1.1601721231645696,-0.7542649754661083,-0.985243992977916,0.03967489853504685,1.0,1.0,1.0,1.0,0.0,0.0,0.0,0.0,0.0,0.0,0.0,0.0,1.0,0.0,0.0,0.0,0.0,0.0,0.0,1.0,0.0,0.0
EVT00328,-0.5346290764341026,0.7835988113740496,-1.3723154478363608,-1.1601721231645696,-0.0016724278835167973,-0.985243992977916,0.1237912911888569,0.0,1.0,1.0,1.0,0.0,0.0,0.0,0.0,0.0,0.0,0.0,0.0,0.0,0.0,1.0,0.0,0.0,0.0,1.0,0.0,0.0,0.0
EVT00329,-0.5346290764341026,-0.15641802847436506,1.4550418273701822,-1.1601721231645696,0.7509201196990747,-0.985243992977916,0.20790768384266695,0.0,1.0,1.0,1.0,0.0,0.0,0.0,0.0,0.0,0.0,0.0,0.0,0.0,0.0,0.0,0.0,1.0,0.0,0.0,1.0,0.0,0.0
EVT00330,-0.5346290764341026,0.9576760039385709,0.5125894023013345,-1.1601721231645696,-0.7542649754661083,-0.985243992977916,0.8808388250731473,1.0,1.0,1.0,0.0,0.0,1.0,0.0,0.0,0.0,0.0,0.0,0.0,1.0,0.0,0.0,0.0,0.0,0.0,0.0,0.0,1.0,0.0
EVT00331,2.6814834516878663,1.514723020145039,1.4550418273701822,-1.1601721231645696,-0.0016724278835167973,0.10947155477532397,0.9649552177269574,0.0,1.0,1.0,0.0,0.0,0.0,1.0,0.0,1.0,0.0,0.0,0.0,0.0,0.0,0.0,0.0,0.0,0.0,0.0,0.0,1.0,0.0
EVT00332,-0.5346290764341026,-0.574203290629216,-1.3723154478363608,-1.1601721231645696,-0.0016724278835167973,0.10947155477532397,0.7967224324193373,0.0,1.0,1.0,1.0,0.0,0.0,0.0,0.0,0.0,0.0,1.0,0.0,0.0,0.0,0.0,0.0,0.0,0.0,0.0,0.0,1.0,0.0
EVT00333,-0.5346290764341026,-1.270512060887301,-0.4298630227675131,-1.1601721231645696,-0.0016724278835167973,-0.985243992977916,0.20790768384266695,0.0,1.0,1.0,0.0,1.0,0.0,0.0,0.0,0.0,0.0,1.0,0.0,0.0,0.0,0.0,0.0,0.0,0.0,0.0,0.0,0.0,1.0
EVT00334,-0.5346290764341026,-0.26086434401307773,0.5125894023013345,-1.1601721231645696,1.503512667281666,-0.985243992977916,0.03967489853504685,0.0,1.0,1.0,0.0,1.0,0.0,0.0,0.0,0.0,0.0,0.0,0.0,0.0,0.0,0.0,1.0,0.0,0.0,0.0,1.0,0.0,0.0
EVT00335,-0.5346290764341026,0.8880451269127623,-1.3723154478363608,-1.1601721231645696,-1.5068575230486998,-0.985243992977916,-0.21267427942638328,0.0,1.0,1.0,0.0,0.0,0.0,1.0,0.0,0.0,0.0,1.0,0.0,0.0,0.0,0.0,0.0,0.0,0.0,0.0,0.0,0.0,1.0
EVT00336,-0.5346290764341026,-1.1312503068356838,-0.4298630227675131,-1.1601721231645696,-0.7542649754661083,-0.985243992977916,-0.12855788677257324,0.0,1.0,1.0,0.0,1.0,0.0,0.0,0.0,0.0,0.0,0.0,0.0,0.0,0.0,0.0,0.0,0.0,1.0,0.0,1.0,0.0,0.0
EVT00337,-0.5346290764341026,0.40062898773210276,-1.3723154478363608,-1.0176448353065144,-0.0016724278835167973,0.10947155477532397,0.8808388250731473,0.0,1.0,1.0,0.0,0.0,1.0,0.0,0.0,0.0,0.0,1.0,0.0,0.0,0.0,0.0,0.0,0.0,0.0,1.0,0.0,0.0,0.0
EVT00338,-0.5346290764341026,-1.0616194298098756,0.5125894023013345,-1.0176448353065144,-0.7542649754661083,-0.985243992977916,0.292024076496477,0.0,1.0,1.0,0.0,0.0,0.0,0.0,1.0,0.0,0.0,0.0,0.0,0.0,0.0,0.0,1.0,0.0,0.0,0.0,0.0,1.0,0.0
EVT00339,-0.5346290764341026,1.44509214311923,-1.3723154478363608,-1.0176448353065144,-0.7542649754661083,-0.985243992977916,0.8808388250731473,0.0,1.0,1.0,1.0,0.0,0.0,0.0,0.0,0.0,0.0,1.0,0.0,0.0,0.0,0.0,0.0,0.0,0.0,0.0,0.0,0.0,1.0
EVT00340,-0.5346290764341026,0.713967934348241,1.4550418273701822,-1.0176448353065144,0.7509201196990747,-0.985243992977916,0.1237912911888569,0.0,1.0,1.0,0.0,0.0,0.0,0.0,1.0,0.0,0.0,0.0,0.0,0.0,0.0,0.0,0.0,1.0,0.0,0.0,0.0,1.0,0.0
EVT00341,-0.5346290764341026,-0.9223576757582586,-1.3723154478363608,-1.0176448353065144,-0.0016724278835167973,-0.985243992977916,-0.0444414941187632,0.0,1.0,0.0,0.0,0.0,0.0,0.0,1.0,0.0,0.0,1.0,0.0,0.0,0.0,0.0,0.0,0.0,0.0,0.0,0.0,1.0,0.0
EVT00342,-0.5346290764341026,0.574706180296624,-1.3723154478363608,-1.0176448353065144,-0.0016724278835167973,-0.985243992977916,0.292024076496477,0.0,1.0,1.0,1.0,0.0,0.0,0.0,0.0,0.0,0.0,0.0,0.0,0.0,1.0,0.0,0.0,0.0,0.0,1.0,0.0,0.0,0.0
EVT00343,-0.5346290764341026,-0.7482804831937373,1.4550418273701822,-1.0176448353065144,0.7509201196990747,-0.985243992977916,0.37614046915028704,0.0,1.0,1.0,0.0,1.0,0.0,0.0,0.0,0.0,0.0,0.0,0.0,0.0,0.0,0.0,1.0,0.0,0.0,0.0,0.0,1.0,0.0
EVT00344,-0.5346290764341026,-1.6186664460163434,-0.4298630227675131,-1.0176448353065144,-1.5068575230486998,-0.985243992977916,-0.29679067208019333,0.0,1.0,0.0,0.0,0.0,0.0,1.0,0.0,0.0,0.0,0.0,0.0,0.0,0.0,1.0,0.0,0.0,0.0,1.0,0.0,0.0,0.0
EVT00345,-0.5346290764341026,0.679152495835337,-1.3723154478363608,-1.0176448353065144,-0.7542649754661083,-0.985243992977916,0.9649552177269574,0.0,1.0,1.0,0.0,0.0,0.0,0.0,1.0,0.0,0.0,0.0,0.0,0.0,0.0,0.0,0.0,0.0,1.0,0.0,1.0,0.0,0.0
EVT00346,-0.5346290764341026,1.2710149505547088,0.5125894023013345,-1.0176448353065144,0.7509201196990747,-0.985243992977916,-0.0444414941187632,0.0,1.0,1.0,0.0,0.0,1.0,0.0,0.0,0.0,0.0,0.0,0.0,0.0,0.0,0.0,1.0,0.0,0.0,0.0,0.0,1.0,0.0
EVT00347,-0.5346290764341026,-0.6786496061679288,0.5125894023013345,-1.0176448353065144,-0.0016724278835167973,0.10947155477532397,1.0490716103807673,0.0,1.0,0.0,0.0,0.0,0.0,1.0,0.0,1.0,0.0,0.0,0.0,0.0,0.0,0.0,0.0,0.0,0.0,1.0,0.0,0.0,0.0
EVT00348,0.18006259648189046,-0.01715627442274796,-0.4298630227675131,-1.0176448353065144,0.7509201196990747,0.10947155477532397,0.03967489853504685,0.0,1.0,1.0,0.0,0.0,0.0,1.0,0.0,0.0,0.0,0.0,1.0,0.0,0.0,0.0,0.0,0.0,0.0,0.0,0.0,0.0,1.0
EVT00349,-0.5346290764341026,-0.19123346698726917,-1.3723154478363608,-0.8751175474484592,0.7509201196990747,0.10947155477532397,0.1237912911888569,0.0,1.0,1.0,0.0,0.0,0.0,1.0,0.0,0.0,0.0,0.0,0.0,0.0,0.0,1.0,0.0,0.0,0.0,1.0,0.0,0.0,0.0
EVT00350,-0.5346290764341026,0.2265517951675815,-0.4298630227675131,-0.8751175474484592,-0.7542649754661083,-0.985243992977916,-0.29679067208019333,0.0,1.0,1.0,1.0,0.0,0.0,0.0,0.0,0.0,0.0,0.0,0.0,0.0,1.0,0.0,0.0,0.0,0.0,1.0,0.0,0.0,0.0
EVT00351,-0.35595615820510434,0.5050753032708157,-1.3723154478363608,-0.8751175474484592,-0.0016724278835167973,0.10947155477532397,-0.21267427942638328,0.0,1.0,1.0,0.0,0.0,1.0,0.0,0.0,0.0,0.0,0.0,1.0,0.0,0.0,0.0,0.0,0.0,0.0,0.0,0.0,1.0,0.0
EVT00352,-0.5346290764341026,-0.8179113602195457,0.5125894023013345,-0.8751175474484592,0.7509201196990747,0.10947155477532397,-0.12855788677257324,0.0,1.0,0.0,1.0,0.0,0.0,0.0,0.0,0.0,0.0,0.0,0.0,0.0,0.0,0.0,0.0,1.0,0.0,0.0,0.0,1.0,0.0
EVT00353,-0.5346290764341026,-1.5142201304776308,1.4550418273701822,-0.8751175474484592,-1.5068575230486998,-0.985243992977916,0.6284896471117172,1.0,1.0,0.0,1.0,0.0,0.0,0.0,0.0,0.0,0.0,0.0,0.0,1.0,0.0,0.0,0.0,0.0,0.0,0.0,0.0,1.0,0.0
EVT00354,-0.5346290764341026,1.0273068809643795,-0.4298630227675131,-0.8751175474484592,1.503512667281666,0.10947155477532397,-0.0444414941187632,0.0,1.0,1.0,0.0,0.0,0.0,1.0,0.0,0.0,0.0,0.0,0.0,0.0,1.0,0.0,0.0,0.0,0.0,0.0,1.0,0.0,0.0
EVT00355,-0.5346290764341026,0.7835988113740496,0.5125894023013345,-0.8751175474484592,-1.5068575230486998,-0.985243992977916,0.03967489853504685,0.0,1.0,1.0,1.0,0.0,0.0,0.0,0.0,0.0,0.0,0.0,0.0,0.0,0.0,0.0,0.0,1.0,0.0,0.0,1.0,0.0,0.0
EVT00356,-0.5346290764341026,-1.305327499400205,-0.4298630227675131,-0.8751175474484592,-0.7542649754661083,-0.985243992977916,0.1237912911888569,0.0,1.0,1.0,0.0,0.0,0.0,0.0,1.0,0.0,0.0,0.0,0.0,0.0,0.0,0.0,0.0,0.0,1.0,0.0,0.0,1.0,0.0
EVT00357,-0.5346290764341026,0.12210547962886883,-0.4298630227675131,-0.8751175474484592,-0.0016724278835167973,0.10947155477532397,0.9649552177269574,0.0,1.0,1.0,1.0,0.0,0.0,0.0,0.0,0.0,0.0,1.0,0.0,0.0,0.0,0.0,0.0,0.0,0.0,0.0,0.0,1.0,0.0
EVT00358,-0.5346290764341026,-1.444589253451822,1.4550418273701822,-0.8751175474484592,1.503512667281666,0.10947155477532397,-0.0444414941187632,0.0,1.0,1.0,0.0,0.0,0.0,1.0,0.0,0.0,0.0,0.0,0.0,0.0,0.0,0.0,0.0,1.0,0.0,0.0,0.0,1.0,0.0
EVT00359,-0.5346290764341026,-1.0268039912969713,1.4550418273701822,-0.8751175474484592,-0.7542649754661083,-0.985243992977916,0.5443732544579071,0.0,1.0,1.0,0.0,0.0,0.0,1.0,0.0,0.0,0.0,0.0,0.0,0.0,0.0,0.0,1.0,0.0,0.0,0.0,1.0,0.0,0.0
EVT00360,1.6094459423138765,-1.583851007503439,0.5125894023013345,-0.8751175474484592,-0.0016724278835167973,0.10947155477532397,0.20790768384266695,0.0,1.0,1.0,0.0,1.0,0.0,0.0,0.0,1.0,0.0,0.0,0.0,0.0,0.0,0.0,0.0,0.0,0.0,0.0,1.0,0.0,0.0
EVT00361,1.6094459423138765,-0.3304952210388863,0.5125894023013345,-0.7325902595904039,0.7509201196990747,1.204187102528564,0.292024076496477,0.0,1.0,1.0,1.0,0.0,0.0,0.0,0.0,1.0,0.0,0.0,0.0,0.0,0.0,0.0,0.0,0.0,0.0,0.0,0.0,1.0,0.0
EVT00362,-0.5346290764341026,0.15692091814177325,-1.3723154478363608,-0.7325902595904039,-1.5068575230486998,-0.985243992977916,0.03967489853504685,0.0,1.0,1.0,0.0,0.0,1.0,0.0,0.0,0.0,0.0,0.0,0.0,0.0,0.0,0.0,0.0,0.0,1.0,0.0,1.0,0.0,0.0
EVT00363,-0.5346290764341026,-0.05197171293565239,1.4550418273701822,-0.7325902595904039,1.503512667281666,0.10947155477532397,-0.0444414941187632,0.0,1.0,1.0,1.0,0.0,0.0,0.0,0.0,0.0,0.0,0.0,0.0,0.0,0.0,0.0,0.0,1.0,0.0,1.0,0.0,0.0,0.0
EVT00364,-0.5346290764341026,-0.713465044680833,-0.4298630227675131,-0.7325902595904039,-1.5068575230486998,-0.985243992977916,0.03967489853504685,0.0,1.0,1.0,0.0,0.0,0.0,0.0,1.0,0.0,0.0,0.0,0.0,0.0,0.0,1.0,0.0,0.0,0.0,0.0,0.0,0.0,1.0
EVT00365,0.537408432939887,-0.574203290629216,0.5125894023013345,-0.7325902595904039,0.7509201196990747,0.10947155477532397,0.03967489853504685,0.0,1.0,1.0,0.0,0.0,1.0,0.0,0.0,1.0,0.0,0.0,0.0,0.0,0.0,0.0,0.0,0.0,0.0,0.0,0.0,0.0,1.0
EVT00366,1.9667917787718732,-0.5393878521163118,-0.4298630227675131,-0.7325902595904039,1.503512667281666,2.298902650281804,0.292024076496477,0.0,1.0,1.0,1.0,0.0,0.0,0.0,0.0,0.0,0.0,0.0,1.0,0.0,0.0,0.0,0.0,0.0,0.0,0.0,1.0,0.0,0.0
EVT00367,-0.5346290764341026,-0.01715627442274796,-1.3723154478363608,-0.7325902595904039,2.2561052148642577,2.298902650281804,0.37614046915028704,0.0,1.0,0.0,0.0,0.0,1.0,0.0,0.0,0.0,0.0,0.0,0.0,0.0,0.0,1.0,0.0,0.0,0.0,0.0,1.0,0.0,0.0
EVT00368,0.7160813511688852,1.3406458275805178,-0.4298630227675131,-0.7325902595904039,-0.7542649754661083,0.10947155477532397,0.1237912911888569,0.0,1.0,1.0,0.0,0.0,0.0,1.0,0.0,0.0,0.0,0.0,1.0,0.0,0.0,0.0,0.0,0.0,0.0,0.0,0.0,0.0,1.0
EVT00369,-0.5346290764341026,-1.688297323042152,0.5125894023013345,-0.7325902595904039,1.503512667281666,2.298902650281804,0.4602568618040971,0.0,1.0,0.0,0.0,0.0,0.0,1.0,0.0,0.0,0.0,0.0,0.0,0.0,0.0,0.0,1.0,0.0,0.0,0.0,0.0,0.0,1.0
EVT00370,-0.5346290764341026,1.4799075816321343,-0.4298630227675131,-0.7325902595904039,2.2561052148642577,2.298902650281804,0.5443732544579071,0.0,1.0,1.0,1.0,0.0,0.0,0.0,0.0,0.0,0.0,0.0,0.0,0.0,0.0,0.0,0.0,0.0,1.0,0.0,0.0,1.0,0.0
EVT00371,-0.5346290764341026,-1.0268039912969713,1.4550418273701822,-0.7325902595904039,3.008697762446849,2.298902650281804,0.6284896471117172,0.0,1.0,1.0,0.0,0.0,1.0,0.0,0.0,0.0,0.0,0.0,0.0,0.0,0.0,0.0,1.0,0.0,0.0,0.0,0.0,0.0,1.0
EVT00372,1.4307730240848784,-0.3304952210388863,-0.4298630227675131,-0.7325902595904039,-1.5068575230486998,0.10947155477532397,0.4602568618040971,0.0,1.0,1.0,1.0,0.0,0.0,0.0,0.0,0.0,0.0,0.0,1.0,0.0,0.0,0.0,0.0,0.0,0.0,1.0,0.0,0.0,0.0
EVT00373,-0.5346290764341026,1.6539847741966553,-0.4298630227675131,-0.5900629717323487,-0.0016724278835167973,0.10947155477532397,0.1237912911888569,0.0,1.0,1.0,0.0,0.0,0.0,1.0,0.0,0.0,0.0,0.0,0.0,0.0,0.0,0.0,0.0,0.0,1.0,0.0,0.0,0.0,1.0
EVT00374,-0.5346290764341026,1.410276704606326,-1.3723154478363608,-0.5900629717323487,0.7509201196990747,0.10947155477532397,0.20790768384266695,0.0,1.0,0.0,0.0,0.0,1.0,0.0,0.0,0.0,0.0,0.0,0.0,0.0,0.0,0.0,0.0,0.0,1.0,0.0,0.0,1.0,0.0
EVT00375,-0.5346290764341026,0.574706180296624,-0.4298630227675131,-0.5900629717323487,-0.7542649754661083,0.10947155477532397,0.5443732544579071,0.0,1.0,1.0,1.0,0.0,0.0,0.0,0.0,0.0,0.0,0.0,0.0,0.0,1.0,0.0,0.0,0.0,0.0,0.0,1.0,0.0,0.0
EVT00376,-0.5346290764341026,0.2613672336804859,-0.4298630227675131,-0.5900629717323487,-1.5068575230486998,-0.985243992977916,0.7967224324193373,0.0,1.0,0.0,1.0,0.0,0.0,0.0,0.0,0.0,0.0,0.0,0.0,0.0,1.0,0.0,0.0,0.0,0.0,0.0,0.0,1.0,0.0
EVT00377,-0.5346290764341026,0.6095216188095284,0.5125894023013345,-0.5900629717323487,-0.7542649754661083,-0.985243992977916,0.8808388250731473,0.0,1.0,1.0,0.0,0.0,1.0,0.0,0.0,0.0,0.0,0.0,0.0,0.0,0.0,0.0,1.0,0.0,0.0,0.0,0.0,1.0,0.0
EVT00378,-0.5346290764341026,1.410276704606326,0.5125894023013345,-0.5900629717323487,-1.5068575230486998,-0.985243992977916,-0.12855788677257324,1.0,1.0,0.0,0.0,0.0,0.0,0.0,1.0,0.0,0.0,0.0,0.0,1.0,0.0,0.0,0.0,0.0,0.0,0.0,0.0,1.0,0.0
EVT00379,-0.5346290764341026,-0.9223576757582586,1.4550418273701822,-0.5900629717323487,-1.5068575230486998,-0.985243992977916,-0.29679067208019333,0.0,1.0,1.0,0.0,1.0,0.0,0.0,0.0,0.0,0.0,0.0,0.0,0.0,0.0,0.0,0.0,1.0,0.0,0.0,0.0,0.0,1.0
EVT00380,-0.5346290764341026,0.3309981107062945,-0.4298630227675131,-0.5900629717323487,-0.0016724278835167973,-0.985243992977916,0.9649552177269574,0.0,1.0,1.0,0.0,1.0,0.0,0.0,0.0,0.0,0.0,1.0,0.0,0.0,0.0,0.0,0.0,0.0,0.0,0.0,1.0,0.0,0.0
EVT00381,-0.5346290764341026,-1.270512060887301,0.5125894023013345,-0.5900629717323487,0.7509201196990747,-0.985243992977916,0.7126060397655272,0.0,1.0,1.0,0.0,1.0,0.0,0.0,0.0,0.0,0.0,0.0,0.0,0.0,0.0,0.0,0.0,1.0,0.0,0.0,0.0,0.0,1.0
EVT00382,0.537408432939887,-0.434941536577599,-0.4298630227675131,-0.5900629717323487,-0.7542649754661083,0.10947155477532397,-0.0444414941187632,0.0,1.0,1.0,0.0,1.0,0.0,0.0,0.0,0.0,0.0,0.0,1.0,0.0,0.0,0.0,0.0,0.0,0.0,0.0,1.0,0.0,0.0
EVT00383,-0.5346290764341026,0.3658135492191986,-1.3723154478363608,-0.5900629717323487,-0.7542649754661083,-0.985243992977916,-0.21267427942638328,0.0,1.0,0.0,0.0,1.0,0.0,0.0,0.0,0.0,0.0,0.0,0.0,0.0,0.0,0.0,0.0,0.0,1.0,0.0,0.0,0.0,1.0
EVT00384,-0.5346290764341026,0.9924914424514749,1.4550418273701822,-0.5900629717323487,-0.0016724278835167973,0.10947155477532397,0.37614046915028704,0.0,1.0,1.0,0.0,0.0,1.0,0.0,0.0,0.0,0.0,0.0,0.0,0.0,0.0,0.0,1.0,0.0,0.0,1.0,0.0,0.0,0.0
EVT00385,-0.5346290764341026,1.305830389067613,1.4550418273701822,-0.4475356838742935,-0.0016724278835167973,-0.985243992977916,0.1237912911888569,1.0,0.0,1.0,1.0,0.0,0.0,0.0,0.0,0.0,0.0,0.0,0.0,1.0,0.0,0.0,0.0,0.0,0.0,0.0,0.0,1.0,0.0
EVT00386,0.7160813511688852,-1.1312503068356838,0.5125894023013345,-0.4475356838742935,-0.0016724278835167973,0.10947155477532397,0.20790768384266695,0.0,0.0,1.0,0.0,0.0,0.0,1.0,0.0,0.0,1.0,0.0,0.0,0.0,0.0,0.0,0.0,0.0,0.0,0.0,0.0,0.0,1.0
EVT00387,1.25210010585588,-1.2008811838614923,0.5125894023013345,-0.4475356838742935,-0.0016724278835167973,1.204187102528564,0.292024076496477,0.0,0.0,0.0,0.0,1.0,0.0,0.0,0.0,0.0,1.0,0.0,0.0,0.0,0.0,0.0,0.0,0.0,0.0,0.0,0.0,0.0,1.0
EVT00388,1.9667917787718732,0.2613672336804859,1.4550418273701822,-0.4475356838742935,0.7509201196990747,0.10947155477532397,0.8808388250731473,0.0,0.0,1.0,0.0,0.0,0.0,0.0,1.0,1.0,0.0,0.0,0.0,0.0,0.0,0.0,0.0,0.0,0.0,0.0,0.0,0.0,1.0
EVT00389,-0.5346290764341026,-0.01715627442274796,0.5125894023013345,-0.4475356838742935,0.7509201196990747,1.204187102528564,0.20790768384266695,0.0,0.0,1.0,0.0,0.0,0.0,1.0,0.0,0.0,0.0,0.0,0.0,0.0,0.0,0.0,0.0,1.0,0.0,0.0,0.0,1.0,0.0
EVT00390,-0.5346290764341026,-0.19123346698726917,-1.3723154478363608,-0.4475356838742935,1.503512667281666,1.204187102528564,0.292024076496477,0.0,0.0,1.0,0.0,0.0,0.0,0.0,1.0,0.0,0.0,0.0,0.0,0.0,1.0,0.0,0.0,0.0,0.0,0.0,1.0,0.0,0.0
EVT00391,-0.5346290764341026,-0.01715627442274796,-0.4298630227675131,-0.4475356838742935,-0.7542649754661083,-0.985243992977916,0.37614046915028704,0.0,0.0,1.0,0.0,1.0,0.0,0.0,0.0,0.0,0.0,0.0,0.0,0.0,0.0,1.0,0.0,0.0,0.0,0.0,1.0,0.0,0.0
EVT00392,0.8947542693978835,0.6443370573224325,0.5125894023013345,-0.4475356838742935,2.2561052148642577,2.298902650281804,0.292024076496477,0.0,0.0,0.0,0.0,0.0,1.0,0.0,0.0,0.0,1.0,0.0,0.0,0.0,0.0,0.0,0.0,0.0,0.0,0.0,0.0,1.0,0.0
EVT00393,2.3241376152298696,1.6888002127095603,0.5125894023013345,-0.4475356838742935,-0.7542649754661083,1.204187102528564,0.9649552177269574,0.0,0.0,1.0,0.0,1.0,0.0,0.0,0.0,0.0,1.0,0.0,0.0,0.0,0.0,0.0,0.0,0.0,0.0,0.0,0.0,0.0,1.0
EVT00394,-0.5346290764341026,-0.574203290629216,-0.4298630227675131,-0.4475356838742935,-0.0016724278835167973,-0.985243992977916,0.37614046915028704,0.0,0.0,1.0,0.0,0.0,0.0,0.0,1.0,0.0,0.0,1.0,0.0,0.0,0.0,0.0,0.0,0.0,0.0,1.0,0.0,0.0,0.0
EVT00395,-0.5346290764341026,0.12210547962886883,-1.3723154478363608,-0.4475356838742935,-1.5068575230486998,-0.985243992977916,0.7126060397655272,0.0,0.0,0.0,1.0,0.0,0.0,0.0,0.0,0.0,0.0,0.0,0.0,0.0,0.0,0.0,0.0,0.0,1.0,0.0,0.0,0.0,1.0
EVT00396,2.6814834516878663,0.08729004111596471,0.5125894023013345,-0.4475356838742935,0.7509201196990747,0.10947155477532397,0.4602568618040971,0.0,0.0,1.0,0.0,1.0,0.0,0.0,0.0,0.0,1.0,0.0,0.0,0.0,0.0,0.0,0.0,0.0,0.0,0.0,1.0,0.0,0.0
EVT00397,0.7160813511688852,-1.2008811838614923,0.5125894023013345,-0.30500839601623825,-0.7542649754661083,0.10947155477532397,0.7126060397655272,0.0,0.0,1.0,0.0,0.0,0.0,0.0,1.0,0.0,1.0,0.0,0.0,0.0,0.0,0.0,0.0,0.0,0.0,0.0,1.0,0.0,0.0
EVT00398,0.001389678252892188,-0.40012609806469485,0.5125894023013345,-0.30500839601623825,2.2561052148642577,3.393618198035044,0.37614046915028704,0.0,0.0,1.0,0.0,0.0,0.0,0.0,1.0,0.0,1.0,0.0,0.0,0.0,0.0,0.0,0.0,0.0,0.0,0.0,1.0,0.0,0.0
EVT00399,-0.5346290764341026,0.6443370573224325,-0.4298630227675131,-0.30500839601623825,-1.5068575230486998,-0.985243992977916,-0.4650234573878134,0.0,0.0,1.0,1.0,0.0,0.0,0.0,0.0,0.0,0.0,0.0,0.0,0.0,0.0,1.0,0.0,0.0,0.0,1.0,0.0,0.0,0.0
EVT00400,1.7881188605428748,1.0621223194772835,-1.3723154478363608,-0.30500839601623825,0.7509201196990747,1.204187102528564,0.4602568618040971,0.0,0.0,0.0,0.0,0.0,0.0,1.0,0.0,0.0,0.0,0.0,1.0,0.0,0.0,0.0,0.0,0.0,0.0,0.0,1.0,0.0,0.0
EVT00401,-0.5346290764341026,-0.08678715144855652,-0.4298630227675131,-0.30500839601623825,-0.0016724278835167973,0.10947155477532397,0.7126060397655272,0.0,0.0,1.0,0.0,0.0,0.0,0.0,1.0,0.0,0.0,0.0,0.0,0.0,0.0,0.0,0.0,0.0,1.0,0.0,1.0,0.0,0.0
EVT00402,3.038829288145863,1.514723020145039,-0.4298630227675131,-0.30500839601623825,0.7509201196990747,1.204187102528564,0.7967224324193373,0.0,0.0,1.0,0.0,0.0,0.0,0.0,1.0,0.0,0.0,0.0,1.0,0.0,0.0,0.0,0.0,0.0,0.0,0.0,0.0,1.0,0.0
EVT00403,-0.5346290764341026,1.2013840735289005,-1.3723154478363608,-0.30500839601623825,-1.5068575230486998,-0.985243992977916,-0.21267427942638328,0.0,0.0,0.0,0.0,1.0,0.0,0.0,0.0,0.0,0.0,0.0,0.0,0.0,0.0,0.0,0.0,0.0,1.0,0.0,0.0,1.0,0.0
EVT00404,-0.5346290764341026,-0.26086434401307773,0.5125894023013345,-0.30500839601623825,-0.7542649754661083,0.10947155477532397,1.0490716103807673,0.0,0.0,0.0,1.0,0.0,0.0,0.0,0.0,0.0,0.0,0.0,0.0,0.0,0.0,0.0,1.0,0.0,0.0,0.0,0.0,1.0,0.0
EVT00405,-0.5346290764341026,0.2613672336804859,-1.3723154478363608,-0.30500839601623825,-0.7542649754661083,0.10947155477532397,0.292024076496477,0.0,0.0,0.0,1.0,0.0,0.0,0.0,0.0,0.0,0.0,0.0,0.0,0.0,0.0,1.0,0.0,0.0,0.0,0.0,0.0,1.0,0.0
EVT00406,-0.5346290764341026,0.9576760039385709,0.5125894023013345,-0.30500839601623825,0.7509201196990747,1.204187102528564,0.4602568618040971,0.0,0.0,1.0,0.0,0.0,1.0,0.0,0.0,0.0,0.0,0.0,0.0,0.0,0.0,0.0,0.0,1.0,0.0,0.0,0.0,1.0,0.0
EVT00407,2.502810533458868,1.0969377579901876,-0.4298630227675131,-0.30500839601623825,-0.7542649754661083,0.10947155477532397,1.1331880030345773,0.0,0.0,1.0,0.0,0.0,0.0,1.0,0.0,0.0,0.0,0.0,1.0,0.0,0.0,0.0,0.0,0.0,0.0,0.0,0.0,1.0,0.0
EVT00408,-0.5346290764341026,-0.434941536577599,0.5125894023013345,-0.30500839601623825,-0.7542649754661083,-0.985243992977916,-0.21267427942638328,0.0,0.0,0.0,0.0,1.0,0.0,0.0,0.0,0.0,0.0,0.0,0.0,0.0,0.0,0.0,1.0,0.0,0.0,0.0,0.0,1.0,0.0
EVT00409,0.001389678252892188,-0.434941536577599,-0.4298630227675131,-0.16248110815818304,-0.0016724278835167973,1.204187102528564,0.5443732544579071,0.0,0.0,1.0,0.0,0.0,0.0,0.0,1.0,0.0,0.0,0.0,1.0,0.0,0.0,0.0,0.0,0.0,0.0,0.0,1.0,0.0,0.0
EVT00410,-0.5346290764341026,-1.444589253451822,-1.3723154478363608,-0.16248110815818304,-0.0016724278835167973,-0.985243992977916,-0.12855788677257324,0.0,0.0,1.0,0.0,1.0,0.0,0.0,0.0,0.0,0.0,1.0,0.0,0.0,0.0,0.0,0.0,0.0,0.0,0.0,0.0,0.0,1.0
EVT00411,3.038829288145863,0.679152495835337,0.5125894023013345,-0.16248110815818304,0.7509201196990747,2.298902650281804,0.5443732544579071,0.0,0.0,1.0,0.0,0.0,1.0,0.0,0.0,1.0,0.0,0.0,0.0,0.0,0.0,0.0,0.0,0.0,0.0,0.0,0.0,0.0,1.0
EVT00412,-0.5346290764341026,-1.1312503068356838,0.5125894023013345,-0.16248110815818304,0.7509201196990747,-0.985243992977916,-0.12855788677257324,0.0,0.0,1.0,0.0,1.0,0.0,0.0,0.0,0.0,0.0,0.0,0.0,0.0,0.0,0.0,1.0,0.0,0.0,0.0,1.0,0.0,0.0
EVT00413,-0.5346290764341026,0.2613672336804859,-1.3723154478363608,-0.16248110815818304,1.503512667281666,-0.985243992977916,-0.12855788677257324,0.0,0.0,0.0,1.0,0.0,0.0,0.0,0.0,0.0,0.0,0.0,0.0,0.0,0.0,0.0,0.0,0.0,1.0,1.0,0.0,0.0,0.0
EVT00414,1.4307730240848784,1.2710149505547088,-1.3723154478363608,-0.16248110815818304,-0.0016724278835167973,1.204187102528564,1.2173043956883876,0.0,0.0,1.0,0.0,0.0,1.0,0.0,0.0,0.0,0.0,0.0,1.0,0.0,0.0,0.0,0.0,0.0,0.0,0.0,0.0,0.0,1.0
EVT00415,-0.5346290764341026,0.8532296883998581,-1.3723154478363608,-0.16248110815818304,0.7509201196990747,1.204187102528564,0.4602568618040971,0.0,0.0,1.0,0.0,0.0,1.0,0.0,0.0,0.0,0.0,1.0,0.0,0.0,0.0,0.0,0.0,0.0,0.0,1.0,0.0,0.0,0.0
EVT00416,-0.5346290764341026,-0.01715627442274796,-0.4298630227675131,-0.16248110815818304,1.503512667281666,1.204187102528564,0.5443732544579071,0.0,0.0,1.0,1.0,0.0,0.0,0.0,0.0,0.0,0.0,0.0,0.0,0.0,0.0,1.0,0.0,0.0,0.0,0.0,1.0,0.0,0.0
EVT00417,-0.5346290764341026,1.0621223194772835,-1.3723154478363608,-0.16248110815818304,-1.5068575230486998,-0.985243992977916,-0.6332562426954335,0.0,0.0,0.0,0.0,1.0,0.0,0.0,0.0,0.0,0.0,0.0,0.0,0.0,0.0,0.0,0.0,0.0,1.0,0.0,1.0,0.0,0.0
EVT00418,-0.5346290764341026,-0.5045724136034075,1.4550418273701822,-0.16248110815818304,-1.5068575230486998,-0.985243992977916,0.292024076496477,0.0,0.0,1.0,0.0,0.0,0.0,1.0,0.0,0.0,0.0,0.0,0.0,0.0,0.0,0.0,1.0,0.0,0.0,0.0,0.0,0.0,1.0
EVT00419,-0.5346290764341026,1.2710149505547088,-0.4298630227675131,-0.16248110815818304,-0.7542649754661083,-0.985243992977916,-0.5491398500416235,0.0,0.0,1.0,0.0,1.0,0.0,0.0,0.0,0.0,0.0,0.0,0.0,0.0,0.0,1.0,0.0,0.0,0.0,0.0,0.0,1.0,0.0
EVT00420,-0.5346290764341026,-1.5142201304776308,-0.4298630227675131,-0.16248110815818304,-0.7542649754661083,0.10947155477532397,1.3014207883421975,0.0,0.0,1.0,1.0,0.0,0.0,0.0,0.0,0.0,0.0,0.0,0.0,0.0,0.0,1.0,0.0,0.0,0.0,0.0,1.0,0.0,0.0
EVT00421,-0.5346290764341026,-0.01715627442274796,-0.4298630227675131,-0.019953820300127812,-0.7542649754661083,-0.985243992977916,0.292024076496477,0.0,0.0,1.0,0.0,0.0,1.0,0.0,0.0,0.0,0.0,1.0,0.0,0.0,0.0,0.0,0.0,0.0,0.0,0.0,0.0,0.0,1.0
EVT00422,0.7160813511688852,-0.26086434401307773,0.5125894023013345,-0.019953820300127812,-1.5068575230486998,0.10947155477532397,0.4602568618040971,0.0,0.0,0.0,1.0,0.0,0.0,0.0,0.0,0.0,1.0,0.0,0.0,0.0,0.0,0.0,0.0,0.0,0.0,0.0,0.0,0.0,1.0
EVT00423,-0.5346290764341026,-1.0964348683227798,-1.3723154478363608,-0.019953820300127812,-0.0016724278835167973,0.10947155477532397,1.3014207883421975,0.0,0.0,1.0,1.0,0.0,0.0,0.0,0.0,0.0,0.0,0.0,0.0,0.0,1.0,0.0,0.0,0.0,0.0,0.0,0.0,0.0,1.0
EVT00424,-0.5346290764341026,0.15692091814177325,1.4550418273701822,-0.019953820300127812,-0.0016724278835167973,-0.985243992977916,-0.4650234573878134,1.0,0.0,1.0,0.0,1.0,0.0,0.0,0.0,0.0,0.0,0.0,0.0,1.0,0.0,0.0,0.0,0.0,0.0,1.0,0.0,0.0,0.0
EVT00425,-0.5346290764341026,-0.8179113602195457,0.5125894023013345,-0.019953820300127812,0.7509201196990747,0.10947155477532397,1.3855371809960075,0.0,0.0,1.0,0.0,0.0,0.0,1.0,0.0,0.0,0.0,0.0,0.0,0.0,0.0,0.0,0.0,1.0,0.0,0.0,0.0,0.0,1.0
EVT00426,-0.5346290764341026,-0.9571731142711627,1.4550418273701822,-0.019953820300127812,-0.0016724278835167973,-0.985243992977916,0.292024076496477,0.0,0.0,1.0,1.0,0.0,0.0,0.0,0.0,0.0,0.0,0.0,0.0,0.0,0.0,0.0,1.0,0.0,0.0,0.0,0.0,0.0,1.0
EVT00427,-0.35595615820510434,1.2710149505547088,1.4550418273701822,-0.019953820300127812,-0.7542649754661083,1.204187102528564,0.37614046915028704,0.0,0.0,1.0,0.0,0.0,0.0,0.0,1.0,1.0,0.0,0.0,0.0,0.0,0.0,0.0,0.0,0.0,0.0,0.0,0.0,1.0,0.0
EVT00428,0.001389678252892188,-0.22604890550017362,0.5125894023013345,-0.019953820300127812,0.7509201196990747,0.10947155477532397,-0.3809070647340034,0.0,0.0,1.0,0.0,0.0,0.0,0.0,1.0,1.0,0.0,0.0,0.0,0.0,0.0,0.0,0.0,0.0,0.0,0.0,0.0,1.0,0.0
EVT00429,-0.5346290764341026,0.2613672336804859,0.5125894023013345,-0.019953820300127812,-0.0016724278835167973,1.204187102528564,0.37614046915028704,0.0,0.0,1.0,1.0,0.0,0.0,0.0,0.0,0.0,0.0,0.0,0.0,0.0,0.0,0.0,1.0,0.0,0.0,1.0,0.0,0.0,0.0
EVT00430,0.537408432939887,0.2613672336804859,0.5125894023013345,-0.019953820300127812,0.7509201196990747,0.10947155477532397,0.37614046915028704,0.0,0.0,0.0,1.0,0.0,0.0,0.0,0.0,1.0,0.0,0.0,0.0,0.0,0.0,0.0,0.0,0.0,0.0,0.0,0.0,0.0,1.0
EVT00431,-0.5346290764341026,0.3658135492191986,-0.4298630227675131,-0.019953820300127812,-1.5068575230486998,-0.985243992977916,-0.12855788677257324,0.0,0.0,0.0,0.0,0.0,0.0,0.0,1.0,0.0,0.0,0.0,0.0,0.0,0.0,1.0,0.0,0.0,0.0,1.0,0.0,0.0,0.0
EVT00432,-0.5346290764341026,0.2613672336804859,1.4550418273701822,-0.019953820300127812,0.7509201196990747,0.10947155477532397,0.4602568618040971,0.0,0.0,0.0,1.0,0.0,0.0,0.0,0.0,0.0,0.0,0.0,0.0,0.0,0.0,0.0,0.0,1.0,0.0,0.0,0.0,1.0,0.0
EVT00433,-0.5346290764341026,-1.0616194298098756,1.4550418273701822,0.12257346755792742,1.503512667281666,0.10947155477532397,0.5443732544579071,1.0,0.0,1.0,0.0,0.0,0.0,1.0,0.0,0.0,0.0,0.0,0.0,1.0,0.0,0.0,0.0,0.0,0.0,0.0,0.0,1.0,0.0
EVT00434,0.001389678252892188,1.3754612660934218,0.5125894023013345,0.12257346755792742,1.503512667281666,1.204187102528564,0.6284896471117172,0.0,0.0,1.0,0.0,0.0,0.0,1.0,0.0,0.0,1.0,0.0,0.0,0.0,0.0,0.0,0.0,0.0,0.0,0.0,0.0,0.0,1.0
EVT00435,-0.5346290764341026,-0.22604890550017362,-1.3723154478363608,0.12257346755792742,2.2561052148642577,1.204187102528564,0.7126060397655272,0.0,0.0,1.0,0.0,0.0,0.0,0.0,1.0,0.0,0.0,0.0,0.0,0.0,0.0,0.0,0.0,0.0,1.0,0.0,0.0,0.0,1.0
EVT00436,-0.5346290764341026,-0.08678715144855652,1.4550418273701822,0.12257346755792742,3.008697762446849,1.204187102528564,0.7967224324193373,0.0,0.0,1.0,0.0,0.0,1.0,0.0,0.0,0.0,0.0,0.0,0.0,0.0,0.0,0.0,0.0,1.0,0.0,1.0,0.0,0.0,0.0
EVT00437,0.18006259648189046,1.44509214311923,0.5125894023013345,0.12257346755792742,-0.7542649754661083,1.204187102528564,-0.3809070647340034,0.0,0.0,0.0,1.0,0.0,0.0,0.0,0.0,1.0,0.0,0.0,0.0,0.0,0.0,0.0,0.0,0.0,0.0,1.0,0.0,0.0,0.0
EVT00438,1.25210010585588,0.9576760039385709,0.5125894023013345,0.12257346755792742,-0.0016724278835167973,2.298902650281804,-0.29679067208019333,0.0,0.0,0.0,1.0,0.0,0.0,0.0,0.0,1.0,0.0,0.0,0.0,0.0,0.0,0.0,0.0,0.0,0.0,0.0,1.0,0.0,0.0
EVT00439,-0.5346290764341026,0.7835988113740496,0.5125894023013345,0.12257346755792742,-1.5068575230486998,-0.985243992977916,0.37614046915028704,0.0,0.0,1.0,1.0,0.0,0.0,0.0,0.0,0.0,0.0,0.0,0.0,0.0,0.0,0.0,1.0,0.0,0.0,0.0,0.0,0.0,1.0
EVT00440,-0.5346290764341026,-1.5490355689905349,0.5125894023013345,0.12257346755792742,-0.7542649754661083,-0.985243992977916,0.4602568618040971,0.0,0.0,1.0,0.0,0.0,0.0,0.0,1.0,0.0,0.0,0.0,0.0,0.0,0.0,0.0,0.0,1.0,0.0,0.0,0.0,0.0,1.0
EVT00441,0.8947542693978835,-0.8179113602195457,0.5125894023013345,0.12257346755792742,3.008697762446849,2.298902650281804,0.7126060397655272,0.0,0.0,1.0,0.0,1.0,0.0,0.0,0.0,0.0,1.0,0.0,0.0,0.0,0.0,0.0,0.0,0.0,0.0,0.0,0.0,1.0,0.0
EVT00442,-0.5346290764341026,-1.0616194298098756,-0.4298630227675131,0.12257346755792742,-1.5068575230486998,-0.985243992977916,0.8808388250731473,0.0,0.0,1.0,0.0,0.0,1.0,0.0,0.0,0.0,0.0,1.0,0.0,0.0,0.0,0.0,0.0,0.0,0.0,0.0,1.0,0.0,0.0
EVT00443,-0.5346290764341026,-0.22604890550017362,-1.3723154478363608,0.12257346755792742,-0.7542649754661083,0.10947155477532397,0.4602568618040971,0.0,0.0,1.0,0.0,1.0,0.0,0.0,0.0,0.0,0.0,0.0,1.0,0.0,0.0,0.0,0.0,0.0,0.0,1.0,0.0,0.0,0.0
EVT00444,-0.5346290764341026,0.1917363566546774,0.5125894023013345,0.12257346755792742,-1.5068575230486998,0.10947155477532397,-0.29679067208019333,0.0,0.0,1.0,1.0,0.0,0.0,0.0,0.0,0.0,1.0,0.0,0.0,0.0,0.0,0.0,0.0,0.0,0.0,0.0,1.0,0.0,0.0
EVT00445,0.18006259648189046,-0.08678715144855652,0.5125894023013345,0.26510075541598266,-0.7542649754661083,1.204187102528564,-0.21267427942638328,0.0,0.0,0.0,0.0,0.0,0.0,0.0,1.0,0.0,1.0,0.0,0.0,0.0,0.0,0.0,0.0,0.0,0.0,1.0,0.0,0.0,0.0
EVT00446,1.6094459423138765,-1.1312503068356838,-1.3723154478363608,0.26510075541598266,-0.7542649754661083,0.10947155477532397,0.7967224324193373,0.0,0.0,1.0,0.0,0.0,1.0,0.0,0.0,0.0,0.0,0.0,1.0,0.0,0.0,0.0,0.0,0.0,0.0,1.0,0.0,0.0,0.0
EVT00447,-0.5346290764341026,0.08729004111596471,1.4550418273701822,0.26510075541598266,-0.7542649754661083,-0.985243992977916,0.5443732544579071,0.0,0.0,0.0,0.0,1.0,0.0,0.0,0.0,0.0,0.0,0.0,0.0,0.0,0.0,0.0,1.0,0.0,0.0,1.0,0.0,0.0,0.0
EVT00448,-0.5346290764341026,1.410276704606326,1.4550418273701822,0.26510075541598266,-0.0016724278835167973,0.10947155477532397,0.5443732544579071,0.0,0.0,0.0,0.0,0.0,1.0,0.0,0.0,0.0,0.0,0.0,0.0,0.0,0.0,0.0,0.0,1.0,0.0,0.0,0.0,1.0,0.0
EVT00449,-0.5346290764341026,-0.15641802847436506,1.4550418273701822,0.26510075541598266,-0.0016724278835167973,0.10947155477532397,0.6284896471117172,1.0,0.0,0.0,0.0,1.0,0.0,0.0,0.0,0.0,0.0,0.0,0.0,1.0,0.0,0.0,0.0,0.0,0.0,0.0,1.0,0.0,0.0
EVT00450,-0.5346290764341026,1.1317531965030918,-1.3723154478363608,0.26510075541598266,-0.0016724278835167973,0.10947155477532397,0.8808388250731473,0.0,0.0,1.0,0.0,1.0,0.0,0.0,0.0,0.0,0.0,0.0,0.0,0.0,1.0,0.0,0.0,0.0,0.0,0.0,0.0,1.0,0.0
EVT00451,-0.5346290764341026,-1.5142201304776308,-0.4298630227675131,0.26510075541598266,-0.0016724278835167973,0.10947155477532397,0.20790768384266695,0.0,0.0,1.0,1.0,0.0,0.0,0.0,0.0,0.0,0.0,0.0,0.0,0.0,0.0,0.0,0.0,0.0,1.0,0.0,0.0,0.0,1.0
EVT00452,-0.5346290764341026,0.29618267219339006,0.5125894023013345,0.26510075541598266,-1.5068575230486998,-0.985243992977916,-0.21267427942638328,0.0,0.0,1.0,1.0,0.0,0.0,0.0,0.0,0.0,0.0,0.0,0.0,0.0,0.0,0.0,1.0,0.0,0.0,0.0,1.0,0.0,0.0
EVT00453,-0.5346290764341026,-0.40012609806469485,1.4550418273701822,0.26510075541598266,0.7509201196990747,0.10947155477532397,0.8808388250731473,0.0,0.0,1.0,0.0,0.0,0.0,1.0,0.0,0.0,0.0,0.0,0.0,0.0,0.0,0.0,0.0,1.0,0.0,0.0,1.0,0.0,0.0
EVT00454,2.1454646970008713,0.9228605654256664,-1.3723154478363608,0.26510075541598266,-0.0016724278835167973,0.10947155477532397,0.6284896471117172,0.0,0.0,1.0,0.0,1.0,0.0,0.0,0.0,0.0,0.0,0.0,1.0,0.0,0.0,0.0,0.0,0.0,0.0,0.0,0.0,0.0,1.0
EVT00455,-0.5346290764341026,0.8184142498869538,-1.3723154478363608,0.26510075541598266,-0.7542649754661083,-0.985243992977916,0.5443732544579071,0.0,0.0,0.0,0.0,0.0,1.0,0.0,0.0,0.0,0.0,0.0,0.0,0.0,0.0,1.0,0.0,0.0,0.0,0.0,0.0,0.0,1.0
EVT00456,2.502810533458868,0.017659164090156162,-0.4298630227675131,0.26510075541598266,0.7509201196990747,1.204187102528564,0.9649552177269574,0.0,0.0,1.0,0.0,0.0,1.0,0.0,0.0,0.0,0.0,0.0,1.0,0.0,0.0,0.0,0.0,0.0,0.0,1.0,0.0,0.0,0.0
EVT00457,-0.5346290764341026,-0.9571731142711627,-1.3723154478363608,0.4076280432740379,-0.0016724278835167973,-0.985243992977916,0.6284896471117172,0.0,0.0,1.0,1.0,0.0,0.0,0.0,0.0,0.0,0.0,1.0,0.0,0.0,0.0,0.0,0.0,0.0,0.0,0.0,0.0,0.0,1.0
EVT00458,-0.5346290764341026,-0.574203290629216,-1.3723154478363608,0.4076280432740379,0.7509201196990747,-0.985243992977916,0.7126060397655272,0.0,0.0,0.0,0.0,0.0,1.0,0.0,0.0,0.0,0.0,1.0,0.0,0.0,0.0,0.0,0.0,0.0,0.0,0.0,0.0,0.0,1.0
EVT00459,-0.5346290764341026,0.6095216188095284,-0.4298630227675131,0.4076280432740379,-1.5068575230486998,-0.985243992977916,-0.4650234573878134,0.0,0.0,1.0,0.0,0.0,0.0,0.0,1.0,0.0,0.0,1.0,0.0,0.0,0.0,0.0,0.0,0.0,0.0,0.0,0.0,1.0,0.0
EVT00460,-0.5346290764341026,-1.305327499400205,-1.3723154478363608,0.4076280432740379,0.7509201196990747,0.10947155477532397,1.0490716103807673,0.0,0.0,1.0,0.0,1.0,0.0,0.0,0.0,0.0,0.0,0.0,0.0,0.0,1.0,0.0,0.0,0.0,0.0,0.0,0.0,1.0,0.0
EVT00461,-0.5346290764341026,-1.4097738149389178,0.5125894023013345,0.4076280432740379,-0.7542649754661083,-0.985243992977916,-0.4650234573878134,1.0,0.0,1.0,0.0,0.0,0.0,1.0,0.0,0.0,0.0,0.0,0.0,1.0,0.0,0.0,0.0,0.0,0.0,1.0,0.0,0.0,0.0
EVT00462,-0.5346290764341026,1.410276704606326,-1.3723154478363608,0.4076280432740379,-0.0016724278835167973,-0.985243992977916,-0.3809070647340034,0.0,0.0,1.0,0.0,0.0,0.0,1.0,0.0,0.0,0.0,0.0,0.0,0.0,0.0,1.0,0.0,0.0,0.0,0.0,1.0,0.0,0.0
EVT00463,-0.5346290764341026,1.0969377579901876,1.4550418273701822,0.4076280432740379,0.7509201196990747,-0.985243992977916,-0.29679067208019333,1.0,0.0,1.0,0.0,0.0,0.0,0.0,1.0,0.0,0.0,0.0,0.0,1.0,0.0,0.0,0.0,0.0,0.0,1.0,0.0,0.0,0.0
EVT00464,-0.5346290764341026,-0.29567978252598215,0.5125894023013345,0.4076280432740379,-1.5068575230486998,-0.985243992977916,0.1237912911888569,0.0,0.0,1.0,1.0,0.0,0.0,0.0,0.0,0.0,0.0,0.0,0.0,0.0,0.0,0.0,1.0,0.0,0.0,0.0,0.0,0.0,1.0
EVT00465,-0.5346290764341026,1.6888002127095603,-0.4298630227675131,0.4076280432740379,0.7509201196990747,-0.985243992977916,0.7967224324193373,0.0,0.0,1.0,0.0,0.0,1.0,0.0,0.0,0.0,0.0,1.0,0.0,0.0,0.0,0.0,0.0,0.0,0.0,0.0,1.0,0.0,0.0
EVT00466,2.502810533458868,0.08729004111596471,0.5125894023013345,0.4076280432740379,1.503512667281666,0.10947155477532397,-0.21267427942638328,0.0,0.0,1.0,1.0,0.0,0.0,0.0,0.0,0.0,1.0,0.0,0.0,0.0,0.0,0.0,0.0,0.0,0.0,0.0,1.0,0.0,0.0
EVT00467,1.0734271876268817,1.2013840735289005,1.4550418273701822,0.4076280432740379,-1.5068575230486998,0.10947155477532397,0.6284896471117172,0.0,0.0,1.0,0.0,0.0,1.0,0.0,0.0,1.0,0.0,0.0,0.0,0.0,0.0,0.0,0.0,0.0,0.0,1.0,0.0,0.0,0.0
EVT00468,-0.5346290764341026,0.4354444262450072,-1.3723154478363608,0.4076280432740379,-0.7542649754661083,-0.985243992977916,0.1237912911888569,0.0,0.0,1.0,0.0,0.0,0.0,0.0,1.0,0.0,0.0,0.0,0.0,0.0,0.0,0.0,0.0,0.0,1.0,0.0,1.0,0.0,0.0
EVT00469,-0.5346290764341026,-1.270512060887301,-1.3723154478363608,0.5501553311320931,-1.5068575230486998,-0.985243992977916,-0.21267427942638328,0.0,0.0,1.0,1.0,0.0,0.0,0.0,0.0,0.0,0.0,1.0,0.0,0.0,0.0,0.0,0.0,0.0,0.0,0.0,0.0,1.0,0.0
EVT00470,-0.5346290764341026,0.9576760039385709,-0.4298630227675131,0.5501553311320931,-0.7542649754661083,-0.985243992977916,-0.12855788677257324,0.0,0.0,1.0,0.0,1.0,0.0,0.0,0.0,0.0,0.0,1.0,0.0,0.0,0.0,0.0,0.0,0.0,0.0,1.0,0.0,0.0,0.0
EVT00471,-0.35595615820510434,-0.9571731142711627,-1.3723154478363608,0.5501553311320931,-0.7542649754661083,0.10947155477532397,0.9649552177269574,0.0,0.0,1.0,0.0,0.0,1.0,0.0,0.0,0.0,0.0,0.0,1.0,0.0,0.0,0.0,0.0,0.0,0.0,0.0,1.0,0.0,0.0
EVT00472,-0.5346290764341026,-0.15641802847436506,0.5125894023013345,0.5501553311320931,-0.0016724278835167973,-0.985243992977916,-0.12855788677257324,0.0,0.0,1.0,0.0,1.0,0.0,0.0,0.0,0.0,0.0,0.0,0.0,0.0,0.0,0.0,1.0,0.0,0.0,0.0,0.0,0.0,1.0
EVT00473,0.18006259648189046,-1.723112761555056,0.5125894023013345,0.5501553311320931,0.7509201196990747,0.10947155477532397,-0.0444414941187632,0.0,0.0,1.0,0.0,0.0,0.0,1.0,0.0,0.0,1.0,0.0,0.0,0.0,0.0,0.0,0.0,0.0,0.0,0.0,0.0,0.0,1.0
EVT00474,-0.5346290764341026,0.679152495835337,-0.4298630227675131,0.5501553311320931,1.503512667281666,0.10947155477532397,0.03967489853504685,0.0,0.0,1.0,1.0,0.0,0.0,0.0,0.0,0.0,0.0,0.0,0.0,0.0,1.0,0.0,0.0,0.0,0.0,0.0,0.0,1.0,0.0
EVT00475,-0.5346290764341026,-1.4794046919647263,0.5125894023013345,0.5501553311320931,-0.7542649754661083,-0.985243992977916,0.7126060397655272,1.0,0.0,1.0,1.0,0.0,0.0,0.0,0.0,0.0,0.0,0.0,0.0,1.0,0.0,0.0,0.0,0.0,0.0,0.0,0.0,1.0,0.0
EVT00476,2.3241376152298696,-1.166065745348588,-1.3723154478363608,0.5501553311320931,-0.7542649754661083,1.204187102528564,0.7126060397655272,0.0,0.0,1.0,0.0,0.0,0.0,0.0,1.0,0.0,0.0,0.0,1.0,0.0,0.0,0.0,0.0,0.0,0.0,1.0,0.0,0.0,0.0
EVT00477,-0.5346290764341026,-0.574203290629216,0.5125894023013345,0.5501553311320931,-0.7542649754661083,-0.985243992977916,0.1237912911888569,0.0,0.0,1.0,0.0,1.0,0.0,0.0,0.0,0.0,0.0,0.0,0.0,0.0,0.0,0.0,1.0,0.0,0.0,0.0,1.0,0.0,0.0
EVT00478,-0.5346290764341026,-1.3401429379131093,-0.4298630227675131,0.5501553311320931,-0.7542649754661083,0.10947155477532397,0.8808388250731473,0.0,0.0,0.0,0.0,1.0,0.0,0.0,0.0,0.0,0.0,0.0,0.0,0.0,0.0,1.0,0.0,0.0,0.0,0.0,0.0,1.0,0.0
EVT00479,2.3241376152298696,0.017659164090156162,0.5125894023013345,0.5501553311320931,-0.0016724278835167973,1.204187102528564,0.8808388250731473,0.0,0.0,0.0,0.0,0.0,0.0,0.0,1.0,0.0,1.0,0.0,0.0,0.0,0.0,0.0,0.0,0.0,0.0,0.0,1.0,0.0,0.0
EVT00480,-0.5346290764341026,0.6443370573224325,1.4550418273701822,0.5501553311320931,-0.7542649754661083,-0.985243992977916,0.7967224324193373,0.0,0.0,1.0,0.0,0.0,0.0,0.0,1.0,0.0,0.0,0.0,0.0,0.0,0.0,0.0,0.0,1.0,0.0,0.0,0.0,0.0,1.0
EVT00481,-0.5346290764341026,-1.166065745348588,0.5125894023013345,0.6926826189901484,2.2561052148642577,0.10947155477532397,-0.0444414941187632,0.0,0.0,1.0,0.0,1.0,0.0,0.0,0.0,0.0,0.0,0.0,0.0,0.0,0.0,0.0,0.0,1.0,0.0,1.0,0.0,0.0,0.0
EVT00482,0.7160813511688852,-1.1312503068356838,0.5125894023013345,0.6926826189901484,2.2561052148642577,1.204187102528564,-0.0444414941187632,0.0,0.0,1.0,0.0,1.0,0.0,0.0,0.0,1.0,0.0,0.0,0.0,0.0,0.0,0.0,0.0,0.0,0.0,1.0,0.0,0.0,0.0
EVT00483,0.3587355147108887,0.7835988113740496,0.5125894023013345,0.6926826189901484,-1.5068575230486998,0.10947155477532397,-0.5491398500416235,0.0,0.0,0.0,0.0,0.0,0.0,1.0,0.0,1.0,0.0,0.0,0.0,0.0,0.0,0.0,0.0,0.0,0.0,1.0,0.0,0.0,0.0
EVT00484,-0.5346290764341026,-1.6534818845292476,-0.4298630227675131,0.6926826189901484,-0.0016724278835167973,1.204187102528564,0.7967224324193373,0.0,0.0,0.0,0.0,0.0,0.0,1.0,0.0,0.0,0.0,0.0,1.0,0.0,0.0,0.0,0.0,0.0,0.0,0.0,0.0,0.0,1.0
EVT00485,-0.5346290764341026,0.12210547962886883,1.4550418273701822,0.6926826189901484,-0.7542649754661083,0.10947155477532397,0.7126060397655272,1.0,0.0,1.0,1.0,0.0,0.0,0.0,0.0,0.0,0.0,0.0,0.0,1.0,0.0,0.0,0.0,0.0,0.0,0.0,0.0,1.0,0.0
EVT00486,-0.5346290764341026,-0.29567978252598215,0.5125894023013345,0.6926826189901484,-0.7542649754661083,-0.985243992977916,0.03967489853504685,0.0,0.0,1.0,0.0,0.0,0.0,0.0,1.0,0.0,0.0,0.0,0.0,0.0,0.0,0.0,0.0,1.0,0.0,1.0,0.0,0.0,0.0
EVT00487,1.0734271876268817,-0.6786496061679288,0.5125894023013345,0.6926826189901484,-0.0016724278835167973,0.10947155477532397,0.1237912911888569,0.0,0.0,1.0,0.0,0.0,1.0,0.0,0.0,0.0,1.0,0.0,0.0,0.0,0.0,0.0,0.0,0.0,0.0,0.0,0.0,1.0,0.0
EVT00488,2.6814834516878663,1.5843538971708473,-1.3723154478363608,0.6926826189901484,-0.7542649754661083,1.204187102528564,-0.4650234573878134,0.0,0.0,1.0,0.0,0.0,0.0,0.0,1.0,0.0,0.0,0.0,1.0,0.0,0.0,0.0,0.0,0.0,0.0,0.0,0.0,0.0,1.0
EVT00489,-0.5346290764341026,1.3406458275805178,-0.4298630227675131,0.6926826189901484,-0.0016724278835167973,0.10947155477532397,0.03967489853504685,0.0,0.0,0.0,0.0,0.0,0.0,1.0,0.0,0.0,0.0,0.0,0.0,0.0,0.0,1.0,0.0,0.0,0.0,0.0,1.0,0.0,0.0
EVT00490,0.3587355147108887,-1.3401429379131093,-1.3723154478363608,0.6926826189901484,-0.0016724278835167973,2.298902650281804,-0.3809070647340034,0.0,0.0,0.0,0.0,0.0,0.0,0.0,1.0,0.0,0.0,0.0,1.0,0.0,0.0,0.0,0.0,0.0,0.0,1.0,0.0,0.0,0.0
EVT00491,2.3241376152298696,-1.0964348683227798,1.4550418273701822,0.6926826189901484,0.7509201196990747,1.204187102528564,0.1237912911888569,0.0,0.0,0.0,0.0,1.0,0.0,0.0,0.0,1.0,0.0,0.0,0.0,0.0,0.0,0.0,0.0,0.0,0.0,1.0,0.0,0.0,0.0
EVT00492,1.25210010585588,-0.15641802847436506,0.5125894023013345,0.6926826189901484,0.7509201196990747,3.393618198035044,-0.29679067208019333,0.0,0.0,0.0,0.0,1.0,0.0,0.0,0.0,0.0,1.0,0.0,0.0,0.0,0.0,0.0,0.0,0.0,0.0,0.0,0.0,0.0,1.0
EVT00493,-0.5346290764341026,-1.4794046919647263,-1.3723154478363608,0.8352099068482035,-0.7542649754661083,0.10947155477532397,0.5443732544579071,0.0,0.0,0.0,0.0,0.0,0.0,1.0,0.0,0.0,0.0,0.0,0.0,0.0,0.0,1.0,0.0,0.0,0.0,1.0,0.0,0.0,0.0
EVT00494,1.9667917787718732,0.7487833728611452,-1.3723154478363608,0.8352099068482035,0.7509201196990747,2.298902650281804,0.1237912911888569,0.0,0.0,1.0,0.0,0.0,0.0,0.0,1.0,0.0,0.0,0.0,1.0,0.0,0.0,0.0,0.0,0.0,0.0,0.0,0.0,1.0,0.0
EVT00495,-0.5346290764341026,0.9576760039385709,-0.4298630227675131,0.8352099068482035,-0.7542649754661083,-0.985243992977916,0.5443732544579071,0.0,0.0,1.0,0.0,0.0,1.0,0.0,0.0,0.0,0.0,1.0,0.0,0.0,0.0,0.0,0.0,0.0,0.0,0.0,0.0,0.0,1.0
EVT00496,-0.5346290764341026,1.549538458657943,0.5125894023013345,0.8352099068482035,-0.0016724278835167973,0.10947155477532397,0.1237912911888569,0.0,0.0,0.0,1.0,0.0,0.0,0.0,0.0,0.0,0.0,0.0,0.0,0.0,0.0,0.0,1.0,0.0,0.0,0.0,1.0,0.0,0.0
EVT00497,-0.5346290764341026,0.3658135492191986,0.5125894023013345,0.8352099068482035,-1.5068575230486998,-0.985243992977916,0.7126060397655272,0.0,0.0,0.0,1.0,0.0,0.0,0.0,0.0,0.0,0.0,0.0,0.0,0.0,0.0,0.0,1.0,0.0,0.0,0.0,0.0,1.0,0.0
EVT00498,-0.5346290764341026,-0.26086434401307773,0.5125894023013345,0.8352099068482035,0.7509201196990747,0.10947155477532397,0.20790768384266695,1.0,0.0,1.0,0.0,0.0,1.0,0.0,0.0,0.0,0.0,0.0,0.0,1.0,0.0,0.0,0.0,0.0,0.0,0.0,0.0,1.0,0.0
EVT00499,-0.5346290764341026,-0.574203290629216,1.4550418273701822,0.8352099068482035,0.7509201196990747,2.298902650281804,-0.21267427942638328,0.0,0.0,1.0,0.0,0.0,1.0,0.0,0.0,0.0,0.0,0.0,0.0,0.0,0.0,0.0,0.0,1.0,0.0,0.0,1.0,0.0,0.0
EVT00500,-0.5346290764341026,-1.1312503068356838,-0.4298630227675131,0.8352099068482035,-0.0016724278835167973,-0.985243992977916,0.20790768384266695,0.0,0.0,1.0,0.0,0.0,1.0,0.0,0.0,0.0,0.0,0.0,0.0,0.0,0.0,0.0,0.0,0.0,1.0,0.0,0.0,1.0,0.0
EVT00501,2.1454646970008713,1.2013840735289005,-1.3723154478363608,0.8352099068482035,-0.7542649754661083,0.10947155477532397,0.7967224324193373,0.0,0.0,0.0,0.0,1.0,0.0,0.0,0.0,0.0,0.0,0.0,1.0,0.0,0.0,0.0,0.0,0.0,0.0,0.0,1.0,0.0,0.0
EVT00502,-0.5346290764341026,-0.46975697509050324,-1.3723154478363608,0.8352099068482035,0.7509201196990747,-0.985243992977916,0.292024076496477,0.0,0.0,1.0,0.0,1.0,0.0,0.0,0.0,0.0,0.0,1.0,0.0,0.0,0.0,0.0,0.0,0.0,0.0,0.0,0.0,1.0,0.0
EVT00503,0.537408432939887,1.3406458275805178,0.5125894023013345,0.8352099068482035,1.503512667281666,0.10947155477532397,0.37614046915028704,0.0,0.0,1.0,0.0,1.0,0.0,0.0,0.0,0.0,1.0,0.0,0.0,0.0,0.0,0.0,0.0,0.0,0.0,0.0,1.0,0.0,0.0
EVT00504,-0.5346290764341026,-0.8527267987324499,-0.4298630227675131,0.8352099068482035,-0.7542649754661083,-0.985243992977916,0.4602568618040971,0.0,0.0,0.0,0.0,0.0,0.0,0.0,1.0,0.0,0.0,0.0,0.0,0.0,0.0,0.0,0.0,0.0,1.0,0.0,0.0,0.0,1.0
EVT00505,0.7160813511688852,-0.5045724136034075,1.4550418273701822,0.9777371947062587,-0.0016724278835167973,1.204187102528564,0.8808388250731473,0.0,1.0,1.0,1.0,0.0,0.0,0.0,0.0,1.0,0.0,0.0,0.0,0.0,0.0,0.0,0.0,0.0,0.0,1.0,0.0,0.0,0.0
EVT00506,-0.5346290764341026,-0.08678715144855652,-1.3723154478363608,0.9777371947062587,-1.5068575230486998,-0.985243992977916,0.4602568618040971,0.0,1.0,1.0,1.0,0.0,0.0,0.0,0.0,0.0,0.0,0.0,0.0,0.0,0.0,0.0,0.0,0.0,1.0,0.0,0.0,1.0,0.0
EVT00507,-0.5346290764341026,0.7487833728611452,1.4550418273701822,0.9777371947062587,-1.5068575230486998,-0.985243992977916,-0.29679067208019333,0.0,1.0,1.0,0.0,0.0,1.0,0.0,0.0,0.0,0.0,0.0,0.0,0.0,0.0,0.0,0.0,1.0,0.0,0.0,1.0,0.0,0.0
EVT00508,-0.5346290764341026,1.2361995120418048,-0.4298630227675131,0.9777371947062587,-0.7542649754661083,-0.985243992977916,0.4602568618040971,0.0,1.0,1.0,1.0,0.0,0.0,0.0,0.0,0.0,0.0,0.0,0.0,0.0,0.0,1.0,0.0,0.0,0.0,1.0,0.0,0.0,0.0
EVT00509,-0.5346290764341026,0.713967934348241,-0.4298630227675131,0.9777371947062587,1.503512667281666,0.10947155477532397,0.4602568618040971,0.0,1.0,1.0,0.0,0.0,0.0,1.0,0.0,0.0,0.0,0.0,0.0,0.0,1.0,0.0,0.0,0.0,0.0,0.0,0.0,0.0,1.0
EVT00510,-0.5346290764341026,0.3658135492191986,0.5125894023013345,0.9777371947062587,-0.0016724278835167973,-0.985243992977916,0.4602568618040971,0.0,1.0,1.0,0.0,0.0,0.0,1.0,0.0,0.0,0.0,0.0,0.0,0.0,0.0,0.0,0.0,1.0,0.0,0.0,0.0,1.0,0.0
EVT00511,1.25210010585588,0.6095216188095284,-1.3723154478363608,0.9777371947062587,1.503512667281666,1.204187102528564,0.4602568618040971,0.0,1.0,0.0,0.0,0.0,0.0,1.0,0.0,0.0,0.0,0.0,1.0,0.0,0.0,0.0,0.0,0.0,0.0,0.0,0.0,1.0,0.0
EVT00512,-0.5346290764341026,-0.574203290629216,0.5125894023013345,0.9777371947062587,-1.5068575230486998,-0.985243992977916,-0.21267427942638328,1.0,1.0,1.0,0.0,0.0,0.0,0.0,1.0,0.0,0.0,0.0,0.0,1.0,0.0,0.0,0.0,0.0,0.0,0.0,0.0,1.0,0.0
EVT00513,-0.5346290764341026,1.514723020145039,-1.3723154478363608,0.9777371947062587,-0.7542649754661083,-0.985243992977916,-0.21267427942638328,0.0,1.0,1.0,0.0,0.0,0.0,1.0,0.0,0.0,0.0,0.0,0.0,0.0,1.0,0.0,0.0,0.0,0.0,0.0,0.0,1.0,0.0
EVT00514,-0.5346290764341026,-1.688297323042152,1.4550418273701822,0.9777371947062587,-0.7542649754661083,-0.985243992977916,0.5443732544579071,0.0,1.0,0.0,0.0,1.0,0.0,0.0,0.0,0.0,0.0,0.0,0.0,0.0,0.0,0.0,1.0,0.0,0.0,0.0,0.0,1.0,0.0
EVT00515,-0.5346290764341026,-0.05197171293565239,1.4550418273701822,0.9777371947062587,-0.0016724278835167973,-0.985243992977916,-0.21267427942638328,1.0,1.0,1.0,0.0,0.0,0.0,0.0,1.0,0.0,0.0,0.0,0.0,1.0,0.0,0.0,0.0,0.0,0.0,0.0,1.0,0.0,0.0
EVT00516,-0.5346290764341026,1.3406458275805178,0.5125894023013345,0.9777371947062587,-0.7542649754661083,-0.985243992977916,-0.12855788677257324,0.0,1.0,0.0,0.0,0.0,0.0,0.0,1.0,0.0,0.0,0.0,0.0,0.0,0.0,0.0,0.0,1.0,0.0,1.0,0.0,0.0,0.0
EVT00517,1.0734271876268817,-1.5490355689905349,0.5125894023013345,1.120264482564314,0.7509201196990747,0.10947155477532397,-0.12855788677257324,0.0,1.0,1.0,0.0,0.0,0.0,0.0,1.0,1.0,0.0,0.0,0.0,0.0,0.0,0.0,0.0,0.0,0.0,0.0,1.0,0.0,0.0
EVT00518,-0.5346290764341026,-0.434941536577599,-1.3723154478363608,1.120264482564314,-0.7542649754661083,-0.985243992977916,0.6284896471117172,0.0,1.0,1.0,0.0,1.0,0.0,0.0,0.0,0.0,0.0,1.0,0.0,0.0,0.0,0.0,0.0,0.0,0.0,1.0,0.0,0.0,0.0
EVT00519,-0.5346290764341026,0.12210547962886883,-1.3723154478363608,1.120264482564314,-0.0016724278835167973,-0.985243992977916,-0.0444414941187632,0.0,1.0,1.0,0.0,0.0,0.0,0.0,1.0,0.0,0.0,0.0,0.0,0.0,1.0,0.0,0.0,0.0,0.0,0.0,0.0,0.0,1.0
EVT00520,1.6094459423138765,0.29618267219339006,0.5125894023013345,1.120264482564314,-0.0016724278835167973,0.10947155477532397,0.4602568618040971,0.0,1.0,1.0,0.0,0.0,0.0,0.0,1.0,1.0,0.0,0.0,0.0,0.0,0.0,0.0,0.0,0.0,0.0,1.0,0.0,0.0,0.0
EVT00521,-0.5346290764341026,-1.0268039912969713,-0.4298630227675131,1.120264482564314,0.7509201196990747,0.10947155477532397,-0.12855788677257324,0.0,1.0,1.0,0.0,0.0,0.0,1.0,0.0,0.0,0.0,1.0,0.0,0.0,0.0,0.0,0.0,0.0,0.0,0.0,0.0,0.0,1.0
EVT00522,2.8601563699168646,0.017659164090156162,-0.4298630227675131,1.120264482564314,0.7509201196990747,0.10947155477532397,0.03967489853504685,0.0,1.0,1.0,0.0,0.0,0.0,0.0,1.0,0.0,0.0,0.0,1.0,0.0,0.0,0.0,0.0,0.0,0.0,0.0,1.0,0.0,0.0
EVT00523,2.3241376152298696,-0.40012609806469485,0.5125894023013345,1.120264482564314,1.503512667281666,1.204187102528564,-0.0444414941187632,0.0,1.0,1.0,0.0,0.0,0.0,1.0,0.0,0.0,1.0,0.0,0.0,0.0,0.0,0.0,0.0,0.0,0.0,1.0,0.0,0.0,0.0
EVT00524,-0.5346290764341026,0.017659164090156162,0.5125894023013345,1.120264482564314,1.503512667281666,0.10947155477532397,0.1237912911888569,1.0,1.0,1.0,0.0,0.0,0.0,1.0,0.0,0.0,0.0,0.0,0.0,1.0,0.0,0.0,0.0,0.0,0.0,1.0,0.0,0.0,0.0
EVT00525,2.1454646970008713,-0.26086434401307773,0.5125894023013345,1.120264482564314,-1.5068575230486998,0.10947155477532397,0.37614046915028704,0.0,1.0,1.0,1.0,0.0,0.0,0.0,0.0,0.0,1.0,0.0,0.0,0.0,0.0,0.0,0.0,0.0,0.0,1.0,0.0,0.0,0.0
EVT00526,3.038829288145863,-0.22604890550017362,1.4550418273701822,1.120264482564314,1.503512667281666,2.298902650281804,0.03967489853504685,0.0,1.0,0.0,0.0,0.0,1.0,0.0,0.0,1.0,0.0,0.0,0.0,0.0,0.0,0.0,0.0,0.0,0.0,1.0,0.0,0.0,0.0
EVT00527,-0.5346290764341026,-1.6186664460163434,-0.4298630227675131,1.120264482564314,2.2561052148642577,2.298902650281804,0.1237912911888569,0.0,1.0,1.0,0.0,0.0,0.0,0.0,1.0,0.0,0.0,1.0,0.0,0.0,0.0,0.0,0.0,0.0,0.0,0.0,0.0,1.0,0.0
EVT00528,-0.5346290764341026,1.1665686350159965,0.5125894023013345,1.120264482564314,-1.5068575230486998,-0.985243992977916,0.292024076496477,1.0,1.0,1.0,1.0,0.0,0.0,0.0,0.0,0.0,0.0,0.0,0.0,1.0,0.0,0.0,0.0,0.0,0.0,0.0,1.0,0.0,0.0
EVT00529,1.0734271876268817,-1.3749583764260136,0.5125894023013345,1.2627917704223692,0.7509201196990747,1.204187102528564,0.1237912911888569,0.0,1.0,1.0,0.0,0.0,1.0,0.0,0.0,0.0,1.0,0.0,0.0,0.0,0.0,0.0,0.0,0.0,0.0,0.0,1.0,0.0,0.0
EVT00530,0.3587355147108887,-0.8875422372453542,1.4550418273701822,1.2627917704223692,-0.7542649754661083,1.204187102528564,0.37614046915028704,0.0,1.0,1.0,0.0,0.0,0.0,1.0,0.0,1.0,0.0,0.0,0.0,0.0,0.0,0.0,0.0,0.0,0.0,0.0,1.0,0.0,0.0
EVT00531,-0.5346290764341026,0.3658135492191986,1.4550418273701822,1.2627917704223692,-0.7542649754661083,-0.985243992977916,0.37614046915028704,0.0,1.0,0.0,1.0,0.0,0.0,0.0,0.0,0.0,0.0,0.0,0.0,0.0,0.0,0.0,1.0,0.0,0.0,0.0,0.0,0.0,1.0
EVT00532,-0.5346290764341026,0.29618267219339006,-0.4298630227675131,1.2627917704223692,0.7509201196990747,1.204187102528564,0.20790768384266695,0.0,1.0,1.0,0.0,0.0,1.0,0.0,0.0,0.0,0.0,1.0,0.0,0.0,0.0,0.0,0.0,0.0,0.0,0.0,1.0,0.0,0.0
EVT00533,-0.5346290764341026,1.305830389067613,-1.3723154478363608,1.2627917704223692,-0.7542649754661083,0.10947155477532397,0.292024076496477,0.0,1.0,1.0,0.0,0.0,1.0,0.0,0.0,0.0,0.0,0.0,0.0,0.0,0.0,1.0,0.0,0.0,0.0,0.0,0.0,0.0,1.0
EVT00534,-0.5346290764341026,-0.991988552784067,0.5125894023013345,1.2627917704223692,-1.5068575230486998,-0.985243992977916,0.37614046915028704,1.0,1.0,1.0,0.0,0.0,0.0,1.0,0.0,0.0,0.0,0.0,0.0,1.0,0.0,0.0,0.0,0.0,0.0,0.0,0.0,1.0,0.0
EVT00535,-0.5346290764341026,1.0969377579901876,0.5125894023013345,1.2627917704223692,-0.0016724278835167973,-0.985243992977916,0.4602568618040971,1.0,1.0,1.0,0.0,1.0,0.0,0.0,0.0,0.0,0.0,0.0,0.0,1.0,0.0,0.0,0.0,0.0,0.0,0.0,0.0,0.0,1.0
EVT00536,-0.5346290764341026,1.2361995120418048,0.5125894023013345,1.2627917704223692,-0.0016724278835167973,0.10947155477532397,0.1237912911888569,0.0,1.0,1.0,0.0,1.0,0.0,0.0,0.0,0.0,0.0,0.0,0.0,0.0,0.0,0.0,0.0,1.0,0.0,0.0,0.0,0.0,1.0
EVT00537,-0.5346290764341026,0.8880451269127623,1.4550418273701822,1.2627917704223692,-0.0016724278835167973,0.10947155477532397,0.37614046915028704,1.0,1.0,1.0,0.0,0.0,0.0,1.0,0.0,0.0,0.0,0.0,0.0,1.0,0.0,0.0,0.0,0.0,0.0,0.0,0.0,0.0,1.0
EVT00538,-0.5346290764341026,1.1317531965030918,-0.4298630227675131,1.2627917704223692,-0.7542649754661083,-0.985243992977916,0.20790768384266695,0.0,1.0,0.0,0.0,0.0,0.0,0.0,1.0,0.0,0.0,1.0,0.0,0.0,0.0,0.0,0.0,0.0,0.0,0.0,1.0,0.0,0.0
EVT00539,-0.5346290764341026,0.9924914424514749,1.4550418273701822,1.2627917704223692,-0.0016724278835167973,-0.985243992977916,0.1237912911888569,1.0,1.0,1.0,1.0,0.0,0.0,0.0,0.0,0.0,0.0,0.0,0.0,1.0,0.0,0.0,0.0,0.0,0.0,0.0,0.0,1.0,0.0
EVT00540,1.6094459423138765,-1.2008811838614923,-0.4298630227675131,1.2627917704223692,0.7509201196990747,0.10947155477532397,0.4602568618040971,0.0,1.0,1.0,1.0,0.0,0.0,0.0,0.0,0.0,0.0,0.0,1.0,0.0,0.0,0.0,0.0,0.0,0.0,0.0,0.0,0.0,1.0
EVT00541,-0.5346290764341026,-0.26086434401307773,1.4550418273701822,1.4053190582804245,0.7509201196990747,0.10947155477532397,0.5443732544579071,1.0,1.0,1.0,1.0,0.0,0.0,0.0,0.0,0.0,0.0,0.0,0.0,1.0,0.0,0.0,0.0,0.0,0.0,1.0,0.0,0.0,0.0
EVT00542,-0.5346290764341026,-0.434941536577599,0.5125894023013345,1.4053190582804245,-0.0016724278835167973,-0.985243992977916,0.292024076496477,1.0,1.0,1.0,0.0,0.0,1.0,0.0,0.0,0.0,0.0,0.0,0.0,1.0,0.0,0.0,0.0,0.0,0.0,1.0,0.0,0.0,0.0
EVT00543,-0.5346290764341026,-0.574203290629216,1.4550418273701822,1.4053190582804245,-0.0016724278835167973,-0.985243992977916,0.20790768384266695,0.0,1.0,1.0,0.0,0.0,0.0,1.0,0.0,0.0,0.0,0.0,0.0,0.0,0.0,0.0,0.0,1.0,0.0,0.0,0.0,1.0,0.0
EVT00544,3.038829288145863,1.1317531965030918,-0.4298630227675131,1.4053190582804245,-0.7542649754661083,0.10947155477532397,0.20790768384266695,0.0,1.0,1.0,0.0,1.0,0.0,0.0,0.0,0.0,0.0,0.0,1.0,0.0,0.0,0.0,0.0,0.0,0.0,0.0,1.0,0.0,0.0
EVT00545,-0.5346290764341026,0.017659164090156162,-0.4298630227675131,1.4053190582804245,0.7509201196990747,-0.985243992977916,0.292024076496477,0.0,1.0,1.0,0.0,1.0,0.0,0.0,0.0,0.0,0.0,1.0,0.0,0.0,0.0,0.0,0.0,0.0,0.0,0.0,0.0,1.0,0.0
EVT00546,-0.5346290764341026,-1.5142201304776308,-0.4298630227675131,1.4053190582804245,1.503512667281666,-0.985243992977916,0.37614046915028704,0.0,1.0,1.0,0.0,1.0,0.0,0.0,0.0,0.0,0.0,1.0,0.0,0.0,0.0,0.0,0.0,0.0,0.0,0.0,1.0,0.0,0.0
EVT00547,0.18006259648189046,1.549538458657943,0.5125894023013345,1.4053190582804245,2.2561052148642577,0.10947155477532397,0.4602568618040971,0.0,1.0,1.0,0.0,0.0,1.0,0.0,0.0,1.0,0.0,0.0,0.0,0.0,0.0,0.0,0.0,0.0,0.0,1.0,0.0,0.0,0.0
EVT00548,-0.5346290764341026,1.7236156512224643,-1.3723154478363608,1.4053190582804245,-1.5068575230486998,-0.985243992977916,0.20790768384266695,0.0,1.0,1.0,0.0,0.0,0.0,0.0,1.0,0.0,0.0,0.0,0.0,0.0,0.0,1.0,0.0,0.0,0.0,0.0,0.0,0.0,1.0
EVT00549,-0.5346290764341026,0.12210547962886883,-1.3723154478363608,1.4053190582804245,2.2561052148642577,0.10947155477532397,0.4602568618040971,0.0,1.0,1.0,0.0,0.0,0.0,0.0,1.0,0.0,0.0,0.0,0.0,0.0,0.0,0.0,0.0,0.0,1.0,0.0,0.0,0.0,1.0
EVT00550,-0.5346290764341026,-0.7482804831937373,1.4550418273701822,1.4053190582804245,-1.5068575230486998,-0.985243992977916,0.20790768384266695,1.0,1.0,1.0,0.0,0.0,0.0,1.0,0.0,0.0,0.0,0.0,0.0,1.0,0.0,0.0,0.0,0.0,0.0,0.0,0.0,1.0,0.0
EVT00551,-0.5346290764341026,0.5050753032708157,-0.4298630227675131,1.4053190582804245,-0.7542649754661083,-0.985243992977916,0.20790768384266695,0.0,1.0,1.0,0.0,1.0,0.0,0.0,0.0,0.0,0.0,0.0,0.0,0.0,1.0,0.0,0.0,0.0,0.0,0.0,1.0,0.0,0.0
EVT00552,0.8947542693978835,-1.3749583764260136,0.5125894023013345,1.4053190582804245,-0.0016724278835167973,0.10947155477532397,0.292024076496477,0.0,1.0,1.0,0.0,0.0,0.0,0.0,1.0,0.0,1.0,0.0,0.0,0.0,0.0,0.0,0.0,0.0,0.0,0.0,0.0,1.0,0.0
EVT00553,-0.5346290764341026,1.44509214311923,1.4550418273701822,1.5478463461384797,-0.7542649754661083,0.10947155477532397,0.1237912911888569,0.0,1.0,1.0,0.0,1.0,0.0,0.0,0.0,0.0,0.0,0.0,0.0,0.0,0.0,0.0,0.0,1.0,0.0,1.0,0.0,0.0,0.0
EVT00554,-0.5346290764341026,0.15692091814177325,0.5125894023013345,1.5478463461384797,-1.5068575230486998,-0.985243992977916,0.37614046915028704,0.0,1.0,1.0,0.0,0.0,1.0,0.0,0.0,0.0,0.0,0.0,0.0,0.0,0.0,0.0,1.0,0.0,0.0,0.0,1.0,0.0,0.0
EVT00555,-0.5346290764341026,-1.2356966223743966,0.5125894023013345,1.5478463461384797,-0.7542649754661083,-0.985243992977916,0.37614046915028704,0.0,1.0,1.0,0.0,0.0,0.0,0.0,1.0,0.0,0.0,0.0,0.0,0.0,0.0,0.0,1.0,0.0,0.0,1.0,0.0,0.0,0.0
EVT00556,-0.5346290764341026,-1.6534818845292476,0.5125894023013345,1.5478463461384797,-0.7542649754661083,-0.985243992977916,0.292024076496477,0.0,1.0,1.0,0.0,0.0,0.0,1.0,0.0,0.0,0.0,0.0,0.0,0.0,0.0,0.0,0.0,1.0,0.0,0.0,1.0,0.0,0.0
EVT00557,-0.5346290764341026,1.3406458275805178,-0.4298630227675131,1.5478463461384797,-0.7542649754661083,-0.985243992977916,0.20790768384266695,0.0,1.0,0.0,0.0,0.0,1.0,0.0,0.0,0.0,0.0,0.0,0.0,0.0,0.0,1.0,0.0,0.0,0.0,1.0,0.0,0.0,0.0
EVT00558,0.18006259648189046,-0.5045724136034075,-0.4298630227675131,1.5478463461384797,0.7509201196990747,1.204187102528564,0.292024076496477,0.0,1.0,1.0,1.0,0.0,0.0,0.0,0.0,0.0,0.0,0.0,1.0,0.0,0.0,0.0,0.0,0.0,0.0,1.0,0.0,0.0,0.0
EVT00559,-0.5346290764341026,1.2013840735289005,-0.4298630227675131,1.5478463461384797,-0.0016724278835167973,-0.985243992977916,0.4602568618040971,0.0,1.0,0.0,0.0,0.0,0.0,1.0,0.0,0.0,0.0,0.0,0.0,0.0,0.0,1.0,0.0,0.0,0.0,1.0,0.0,0.0,0.0
EVT00560,-0.5346290764341026,-0.08678715144855652,1.4550418273701822,1.5478463461384797,-1.5068575230486998,-0.985243992977916,0.292024076496477,0.0,1.0,1.0,0.0,1.0,0.0,0.0,0.0,0.0,0.0,0.0,0.0,0.0,0.0,0.0,0.0,1.0,0.0,0.0,1.0,0.0,0.0
EVT00561,-0.5346290764341026,-0.574203290629216,0.5125894023013345,1.5478463461384797,1.503512667281666,1.204187102528564,0.37614046915028704,0.0,1.0,1.0,0.0,0.0,1.0,0.0,0.0,0.0,0.0,0.0,0.0,0.0,0.0,0.0,0.0,1.0,0.0,0.0,0.0,1.0,0.0
EVT00562,1.6094459423138765,-0.40012609806469485,1.4550418273701822,1.5478463461384797,2.2561052148642577,2.298902650281804,0.4602568618040971,0.0,1.0,1.0,0.0,0.0,0.0,1.0,0.0,1.0,0.0,0.0,0.0,0.0,0.0,0.0,0.0,0.0,0.0,0.0,0.0,0.0,1.0
EVT00563,2.6814834516878663,-1.4097738149389178,0.5125894023013345,1.5478463461384797,-1.5068575230486998,0.10947155477532397,0.292024076496477,0.0,1.0,1.0,0.0,1.0,0.0,0.0,0.0,0.0,1.0,0.0,0.0,0.0,0.0,0.0,0.0,0.0,0.0,0.0,0.0,0.0,1.0
EVT00564,-0.5346290764341026,0.47025986475791126,-0.4298630227675131,1.5478463461384797,-0.7542649754661083,-0.985243992977916,0.37614046915028704,0.0,1.0,1.0,0.0,0.0,0.0,0.0,1.0,0.0,0.0,0.0,0.0,0.0,0.0,1.0,0.0,0.0,0.0,0.0,0.0,0.0,1.0
EVT00565,-0.5346290764341026,-1.5490355689905349,-1.3723154478363608,1.690373633996535,-0.0016724278835167973,-0.985243992977916,0.37614046915028704,0.0,1.0,1.0,1.0,0.0,0.0,0.0,0.0,0.0,0.0,0.0,0.0,0.0,0.0,1.0,0.0,0.0,0.0,0.0,0.0,0.0,1.0
EVT00566,-0.5346290764341026,1.7584310897353683,-1.3723154478363608,1.690373633996535,-0.7542649754661083,-0.985243992977916,0.1237912911888569,0.0,1.0,1.0,0.0,0.0,1.0,0.0,0.0,0.0,0.0,0.0,0.0,0.0,1.0,0.0,0.0,0.0,0.0,0.0,0.0,0.0,1.0
EVT00567,-0.5346290764341026,-0.01715627442274796,-0.4298630227675131,1.690373633996535,-0.0016724278835167973,-0.985243992977916,0.1237912911888569,0.0,1.0,1.0,1.0,0.0,0.0,0.0,0.0,0.0,0.0,0.0,0.0,0.0,0.0,0.0,0.0,0.0,1.0,0.0,1.0,0.0,0.0
EVT00568,-0.5346290764341026,0.9924914424514749,0.5125894023013345,1.690373633996535,-0.7542649754661083,0.10947155477532397,0.292024076496477,1.0,1.0,1.0,0.0,0.0,1.0,0.0,0.0,0.0,0.0,0.0,0.0,1.0,0.0,0.0,0.0,0.0,0.0,0.0,1.0,0.0,0.0
EVT00569,-0.5346290764341026,-0.5393878521163118,-0.4298630227675131,1.690373633996535,0.7509201196990747,1.204187102528564,0.5443732544579071,0.0,1.0,1.0,0.0,0.0,1.0,0.0,0.0,0.0,0.0,0.0,0.0,0.0,0.0,1.0,0.0,0.0,0.0,0.0,0.0,1.0,0.0
EVT00570,-0.5346290764341026,1.514723020145039,-0.4298630227675131,1.690373633996535,-0.7542649754661083,-0.985243992977916,0.4602568618040971,0.0,1.0,0.0,0.0,0.0,0.0,1.0,0.0,0.0,0.0,0.0,0.0,0.0,1.0,0.0,0.0,0.0,0.0,0.0,0.0,1.0,0.0
EVT00571,-0.5346290764341026,0.5050753032708157,0.5125894023013345,1.690373633996535,0.7509201196990747,0.10947155477532397,0.6284896471117172,0.0,1.0,1.0,0.0,0.0,1.0,0.0,0.0,0.0,0.0,0.0,0.0,0.0,0.0,0.0,0.0,1.0,0.0,0.0,0.0,1.0,0.0
EVT00572,-0.5346290764341026,1.410276704606326,1.4550418273701822,1.690373633996535,1.503512667281666,0.10947155477532397,0.7126060397655272,1.0,1.0,1.0,0.0,0.0,0.0,0.0,1.0,0.0,0.0,0.0,0.0,1.0,0.0,0.0,0.0,0.0,0.0,0.0,0.0,1.0,0.0
EVT00573,1.7881188605428748,-1.0616194298098756,1.4550418273701822,1.690373633996535,-0.7542649754661083,0.10947155477532397,0.5443732544579071,0.0,1.0,1.0,0.0,0.0,1.0,0.0,0.0,1.0,0.0,0.0,0.0,0.0,0.0,0.0,0.0,0.0,0.0,0.0,0.0,0.0,1.0
EVT00574,-0.5346290764341026,-0.574203290629216,-0.4298630227675131,1.690373633996535,-0.0016724278835167973,-0.985243992977916,-0.0444414941187632,0.0,1.0,1.0,0.0,0.0,1.0,0.0,0.0,0.0,0.0,0.0,0.0,0.0,0.0,0.0,0.0,0.0,1.0,1.0,0.0,0.0,0.0
EVT00575,-0.5346290764341026,0.4354444262450072,1.4550418273701822,1.690373633996535,-0.0016724278835167973,0.10947155477532397,0.5443732544579071,0.0,1.0,1.0,1.0,0.0,0.0,0.0,0.0,0.0,0.0,0.0,0.0,0.0,0.0,0.0,1.0,0.0,0.0,1.0,0.0,0.0,0.0
EVT00576,1.4307730240848784,-1.305327499400205,0.5125894023013345,1.690373633996535,-1.5068575230486998,0.10947155477532397,0.03967489853504685,0.0,1.0,1.0,0.0,0.0,0.0,1.0,0.0,0.0,1.0,0.0,0.0,0.0,0.0,0.0,0.0,0.0,0.0,1.0,0.0,0.0,0.0
EVT00577,-0.5346290764341026,-0.9223576757582586,0.5125894023013345,-1.5877539867387354,0.7509201196990747,-0.985243992977916,0.03967489853504685,1.0,1.0,0.0,0.0,0.0,0.0,0.0,1.0,0.0,0.0,0.0,0.0,1.0,0.0,0.0,0.0,0.0,0.0,0.0,0.0,1.0,0.0
EVT00578,2.502810533458868,0.017659164090156162,0.5125894023013345,-1.5877539867387354,0.7509201196990747,0.10947155477532397,0.6284896471117172,0.0,1.0,1.0,0.0,0.0,1.0,0.0,0.0,0.0,1.0,0.0,0.0,0.0,0.0,0.0,0.0,0.0,0.0,0.0,0.0,1.0,0.0
EVT00579,-0.5346290764341026,1.1317531965030918,1.4550418273701822,-1.5877539867387354,-0.7542649754661083,0.10947155477532397,0.03967489853504685,0.0,1.0,1.0,1.0,0.0,0.0,0.0,0.0,0.0,0.0,0.0,0.0,0.0,0.0,0.0,1.0,0.0,0.0,1.0,0.0,0.0,0.0
EVT00580,-0.5346290764341026,1.2013840735289005,0.5125894023013345,-1.5877539867387354,-0.7542649754661083,-0.985243992977916,0.20790768384266695,1.0,1.0,1.0,1.0,0.0,0.0,0.0,0.0,0.0,0.0,0.0,0.0,1.0,0.0,0.0,0.0,0.0,0.0,0.0,0.0,1.0,0.0
EVT00581,-0.5346290764341026,-0.3653106595517906,-1.3723154478363608,-1.5877539867387354,-0.0016724278835167973,-0.985243992977916,0.03967489853504685,0.0,1.0,1.0,0.0,0.0,1.0,0.0,0.0,0.0,0.0,0.0,0.0,0.0,0.0,1.0,0.0,0.0,0.0,0.0,0.0,1.0,0.0
EVT00582,2.1454646970008713,-0.15641802847436506,0.5125894023013345,-1.5877539867387354,-0.0016724278835167973,1.204187102528564,0.1237912911888569,0.0,1.0,1.0,0.0,0.0,0.0,1.0,0.0,0.0,1.0,0.0,0.0,0.0,0.0,0.0,0.0,0.0,0.0,0.0,0.0,0.0,1.0
EVT00583,-0.5346290764341026,-1.583851007503439,-1.3723154478363608,-1.5877539867387354,-1.5068575230486998,-0.985243992977916,0.37614046915028704,0.0,1.0,1.0,1.0,0.0,0.0,0.0,0.0,0.0,0.0,1.0,0.0,0.0,0.0,0.0,0.0,0.0,0.0,0.0,1.0,0.0,0.0
EVT00584,0.7160813511688852,0.7835988113740496,0.5125894023013345,-1.5877539867387354,-0.7542649754661083,0.10947155477532397,0.4602568618040971,0.0,1.0,1.0,0.0,0.0,0.0,0.0,1.0,0.0,1.0,0.0,0.0,0.0,0.0,0.0,0.0,0.0,0.0,0.0,0.0,0.0,1.0
EVT00585,-0.5346290764341026,-0.6786496061679288,-0.4298630227675131,-1.5877539867387354,-0.0016724278835167973,0.10947155477532397,0.4602568618040971,0.0,1.0,1.0,0.0,0.0,0.0,0.0,1.0,0.0,0.0,0.0,0.0,0.0,1.0,0.0,0.0,0.0,0.0,0.0,0.0,0.0,1.0
EVT00586,-0.5346290764341026,0.47025986475791126,0.5125894023013345,-1.5877539867387354,-0.7542649754661083,-0.985243992977916,0.1237912911888569,1.0,1.0,1.0,0.0,0.0,0.0,1.0,0.0,0.0,0.0,0.0,0.0,1.0,0.0,0.0,0.0,0.0,0.0,0.0,0.0,0.0,1.0
EVT00587,-0.5346290764341026,-1.1312503068356838,0.5125894023013345,-1.5877539867387354,-0.0016724278835167973,-0.985243992977916,0.20790768384266695,0.0,1.0,1.0,0.0,0.0,0.0,1.0,0.0,0.0,0.0,0.0,0.0,0.0,0.0,0.0,1.0,0.0,0.0,1.0,0.0,0.0,0.0
EVT00588,-0.5346290764341026,0.12210547962886883,-1.3723154478363608,-1.5877539867387354,-1.5068575230486998,-0.985243992977916,0.37614046915028704,0.0,1.0,1.0,1.0,0.0,0.0,0.0,0.0,0.0,0.0,1.0,0.0,0.0,0.0,0.0,0.0,0.0,0.0,0.0,0.0,1.0,0.0
EVT00589,-0.5346290764341026,-0.6090187291421202,-0.4298630227675131,-1.4452266988806801,-0.7542649754661083,0.10947155477532397,0.4602568618040971,0.0,1.0,0.0,0.0,1.0,0.0,0.0,0.0,0.0,0.0,0.0,0.0,0.0,1.0,0.0,0.0,0.0,0.0,1.0,0.0,0.0,0.0
EVT00590,0.8947542693978835,-0.40012609806469485,-1.3723154478363608,-1.4452266988806801,-0.7542649754661083,0.10947155477532397,0.37614046915028704,0.0,1.0,1.0,0.0,0.0,0.0,1.0,0.0,0.0,0.0,0.0,1.0,0.0,0.0,0.0,0.0,0.0,0.0,0.0,1.0,0.0,0.0
EVT00591,-0.5346290764341026,0.2613672336804859,0.5125894023013345,-1.4452266988806801,0.7509201196990747,-0.985243992977916,0.292024076496477,0.0,1.0,0.0,1.0,0.0,0.0,0.0,0.0,0.0,0.0,0.0,0.0,0.0,0.0,0.0,0.0,1.0,0.0,1.0,0.0,0.0,0.0
EVT00592,-0.5346290764341026,-1.166065745348588,-1.3723154478363608,-1.4452266988806801,-0.0016724278835167973,0.10947155477532397,0.4602568618040971,0.0,1.0,1.0,0.0,0.0,1.0,0.0,0.0,0.0,0.0,0.0,0.0,0.0,0.0,1.0,0.0,0.0,0.0,0.0,0.0,1.0,0.0
EVT00593,-0.5346290764341026,1.6539847741966553,0.5125894023013345,-1.4452266988806801,-0.7542649754661083,0.10947155477532397,0.1237912911888569,1.0,1.0,1.0,0.0,1.0,0.0,0.0,0.0,0.0,0.0,0.0,0.0,1.0,0.0,0.0,0.0,0.0,0.0,1.0,0.0,0.0,0.0
EVT00594,-0.5346290764341026,0.3309981107062945,0.5125894023013345,-1.4452266988806801,-0.7542649754661083,-0.985243992977916,0.4602568618040971,1.0,1.0,1.0,0.0,1.0,0.0,0.0,0.0,0.0,0.0,0.0,0.0,1.0,0.0,0.0,0.0,0.0,0.0,0.0,1.0,0.0,0.0
EVT00595,-0.35595615820510434,1.4799075816321343,1.4550418273701822,-1.4452266988806801,-1.5068575230486998,0.10947155477532397,0.03967489853504685,0.0,1.0,1.0,0.0,0.0,0.0,0.0,1.0,1.0,0.0,0.0,0.0,0.0,0.0,0.0,0.0,0.0,0.0,0.0,0.0,1.0,0.0
EVT00596,-0.35595615820510434,-1.305327499400205,1.4550418273701822,-1.4452266988806801,-0.0016724278835167973,1.204187102528564,0.37614046915028704,0.0,1.0,1.0,0.0,0.0,0.0,0.0,1.0,1.0,0.0,0.0,0.0,0.0,0.0,0.0,0.0,0.0,0.0,0.0,0.0,0.0,1.0
EVT00597,-0.35595615820510434,-0.5393878521163118,-0.4298630227675131,-1.4452266988806801,-0.7542649754661083,1.204187102528564,0.03967489853504685,0.0,1.0,0.0,0.0,0.0,0.0,0.0,1.0,0.0,0.0,0.0,1.0,0.0,0.0,0.0,0.0,0.0,0.0,0.0,0.0,0.0,1.0
EVT00598,-0.5346290764341026,-0.19123346698726917,1.4550418273701822,-1.4452266988806801,-0.7542649754661083,0.10947155477532397,0.4602568618040971,0.0,1.0,1.0,0.0,0.0,0.0,1.0,0.0,0.0,0.0,0.0,0.0,0.0,0.0,0.0,1.0,0.0,0.0,1.0,0.0,0.0,0.0
EVT00599,0.18006259648189046,0.4354444262450072,1.4550418273701822,-1.4452266988806801,-0.0016724278835167973,0.10947155477532397,0.4602568618040971,0.0,1.0,1.0,0.0,0.0,0.0,0.0,1.0,1.0,0.0,0.0,0.0,0.0,0.0,0.0,0.0,0.0,0.0,0.0,0.0,1.0,0.0
EVT00600,-0.5346290764341026,0.40062898773210276,0.5125894023013345,-1.4452266988806801,0.7509201196990747,0.10947155477532397,0.5443732544579071,0.0,1.0,1.0,0.0,1.0,0.0,0.0,0.0,0.0,0.0,0.0,0.0,0.0,0.0,0.0,0.0,1.0,0.0,0.0,0.0,0.0,1.0
EVT00601,-0.5346290764341026,1.514723020145039,1.4550418273701822,-1.3026994110226249,-0.7542649754661083,-0.985243992977916,0.1237912911888569,0.0,1.0,1.0,0.0,1.0,0.0,0.0,0.0,0.0,0.0,0.0,0.0,0.0,0.0,0.0,1.0,0.0,0.0,0.0,1.0,0.0,0.0
EVT00602,-0.1772832399761061,0.9228605654256664,-1.3723154478363608,-1.3026994110226249,0.7509201196990747,1.204187102528564,0.6284896471117172,0.0,1.0,0.0,1.0,0.0,0.0,0.0,0.0,0.0,0.0,0.0,1.0,0.0,0.0,0.0,0.0,0.0,0.0,0.0,0.0,0.0,1.0
EVT00603,-0.5346290764341026,0.8880451269127623,1.4550418273701822,-1.3026994110226249,-0.0016724278835167973,0.10947155477532397,0.4602568618040971,0.0,1.0,1.0,0.0,1.0,0.0,0.0,0.0,0.0,0.0,0.0,0.0,0.0,0.0,0.0,0.0,1.0,0.0,0.0,0.0,0.0,1.0
EVT00604,1.9667917787718732,-1.0616194298098756,0.5125894023013345,-1.3026994110226249,-0.0016724278835167973,2.298902650281804,-0.12855788677257324,0.0,1.0,1.0,0.0,1.0,0.0,0.0,0.0,0.0,1.0,0.0,0.0,0.0,0.0,0.0,0.0,0.0,0.0,0.0,1.0,0.0,0.0
EVT00605,-0.5346290764341026,1.0273068809643795,-1.3723154478363608,-1.3026994110226249,-1.5068575230486998,-0.985243992977916,0.292024076496477,0.0,1.0,1.0,0.0,0.0,1.0,0.0,0.0,0.0,0.0,1.0,0.0,0.0,0.0,0.0,0.0,0.0,0.0,0.0,0.0,0.0,1.0
EVT00606,0.7160813511688852,-0.6438341676550244,1.4550418273701822,-1.3026994110226249,-0.7542649754661083,0.10947155477532397,0.292024076496477,0.0,1.0,1.0,0.0,0.0,0.0,0.0,1.0,1.0,0.0,0.0,0.0,0.0,0.0,0.0,0.0,0.0,0.0,0.0,1.0,0.0,0.0
EVT00607,-0.35595615820510434,1.0621223194772835,0.5125894023013345,-1.3026994110226249,-1.5068575230486998,0.10947155477532397,0.1237912911888569,0.0,1.0,1.0,0.0,1.0,0.0,0.0,0.0,1.0,0.0,0.0,0.0,0.0,0.0,0.0,0.0,0.0,0.0,1.0,0.0,0.0,0.0
EVT00608,1.7881188605428748,-1.583851007503439,1.4550418273701822,-1.3026994110226249,-0.0016724278835167973,1.204187102528564,0.292024076496477,0.0,1.0,1.0,0.0,1.0,0.0,0.0,0.0,1.0,0.0,0.0,0.0,0.0,0.0,0.0,0.0,0.0,0.0,0.0,1.0,0.0,0.0
EVT00609,1.7881188605428748,1.0273068809643795,-1.3723154478363608,-1.3026994110226249,-0.0016724278835167973,2.298902650281804,-0.12855788677257324,0.0,1.0,0.0,0.0,1.0,0.0,0.0,0.0,0.0,0.0,0.0,1.0,0.0,0.0,0.0,0.0,0.0,0.0,0.0,1.0,0.0,0.0
EVT00610,-0.5346290764341026,-1.4794046919647263,0.5125894023013345,-1.3026994110226249,-0.7542649754661083,0.10947155477532397,0.1237912911888569,0.0,1.0,1.0,0.0,0.0,1.0,0.0,0.0,0.0,0.0,0.0,0.0,0.0,0.0,0.0,1.0,0.0,0.0,1.0,0.0,0.0,0.0
EVT00611,-0.5346290764341026,0.47025986475791126,1.4550418273701822,-1.3026994110226249,-0.7542649754661083,-0.985243992977916,0.1237912911888569,1.0,1.0,1.0,0.0,1.0,0.0,0.0,0.0,0.0,0.0,0.0,0.0,1.0,0.0,0.0,0.0,0.0,0.0,0.0,0.0,1.0,0.0
EVT00612,-0.1772832399761061,1.3406458275805178,0.5125894023013345,-1.3026994110226249,-0.0016724278835167973,1.204187102528564,0.7126060397655272,0.0,1.0,1.0,0.0,0.0,0.0,1.0,0.0,1.0,0.0,0.0,0.0,0.0,0.0,0.0,0.0,0.0,0.0,1.0,0.0,0.0,0.0
EVT00613,-0.5346290764341026,-0.6438341676550244,0.5125894023013345,-1.1601721231645696,-0.0016724278835167973,-0.985243992977916,0.1237912911888569,0.0,1.0,1.0,0.0,0.0,0.0,0.0,1.0,0.0,0.0,0.0,0.0,0.0,0.0,0.0,0.0,1.0,0.0,0.0,1.0,0.0,0.0
EVT00614,1.0734271876268817,0.9228605654256664,0.5125894023013345,-1.1601721231645696,-0.7542649754661083,0.10947155477532397,0.5443732544579071,0.0,1.0,0.0,0.0,0.0,1.0,0.0,0.0,0.0,1.0,0.0,0.0,0.0,0.0,0.0,0.0,0.0,0.0,0.0,0.0,1.0,0.0
EVT00615,-0.5346290764341026,-0.713465044680833,1.4550418273701822,-1.1601721231645696,0.7509201196990747,1.204187102528564,0.37614046915028704,0.0,1.0,1.0,0.0,1.0,0.0,0.0,0.0,0.0,0.0,0.0,0.0,0.0,0.0,0.0,0.0,1.0,0.0,1.0,0.0,0.0,0.0
EVT00616,-0.5346290764341026,0.2265517951675815,-0.4298630227675131,-1.1601721231645696,-0.0016724278835167973,-0.985243992977916,0.1237912911888569,0.0,1.0,0.0,1.0,0.0,0.0,0.0,0.0,0.0,0.0,0.0,0.0,0.0,0.0,0.0,0.0,0.0,1.0,0.0,0.0,0.0,1.0
EVT00617,-0.5346290764341026,0.713967934348241,-0.4298630227675131,-1.1601721231645696,-0.0016724278835167973,0.10947155477532397,0.1237912911888569,0.0,1.0,1.0,0.0,0.0,1.0,0.0,0.0,0.0,0.0,1.0,0.0,0.0,0.0,0.0,0.0,0.0,0.0,1.0,0.0,0.0,0.0
EVT00618,-0.35595615820510434,-0.8179113602195457,-0.4298630227675131,-1.1601721231645696,0.7509201196990747,2.298902650281804,0.4602568618040971,0.0,1.0,1.0,0.0,0.0,1.0,0.0,0.0,0.0,0.0,0.0,1.0,0.0,0.0,0.0,0.0,0.0,0.0,1.0,0.0,0.0,0.0
EVT00619,-0.5346290764341026,-0.8179113602195457,0.5125894023013345,-1.1601721231645696,-0.7542649754661083,0.10947155477532397,0.6284896471117172,1.0,1.0,1.0,0.0,0.0,1.0,0.0,0.0,0.0,0.0,0.0,0.0,1.0,0.0,0.0,0.0,0.0,0.0,0.0,0.0,1.0,0.0
EVT00620,-0.5346290764341026,0.7487833728611452,1.4550418273701822,-1.1601721231645696,0.7509201196990747,-0.985243992977916,0.20790768384266695,0.0,1.0,1.0,0.0,0.0,0.0,1.0,0.0,0.0,0.0,0.0,0.0,0.0,0.0,0.0,0.0,1.0,0.0,0.0,0.0,0.0,1.0
EVT00621,2.8601563699168646,-0.08678715144855652,0.5125894023013345,-1.1601721231645696,1.503512667281666,0.10947155477532397,0.292024076496477,0.0,1.0,1.0,0.0,0.0,0.0,0.0,1.0,0.0,1.0,0.0,0.0,0.0,0.0,0.0,0.0,0.0,0.0,1.0,0.0,0.0,0.0
EVT00622,-0.5346290764341026,0.2265517951675815,-1.3723154478363608,-1.1601721231645696,-0.0016724278835167973,-0.985243992977916,0.20790768384266695,0.0,1.0,0.0,0.0,0.0,0.0,1.0,0.0,0.0,0.0,0.0,0.0,0.0,0.0,0.0,0.0,0.0,1.0,0.0,0.0,0.0,1.0
EVT00623,-0.5346290764341026,-0.713465044680833,0.5125894023013345,-1.1601721231645696,-0.7542649754661083,0.10947155477532397,0.37614046915028704,0.0,1.0,1.0,1.0,0.0,0.0,0.0,0.0,0.0,0.0,0.0,0.0,0.0,0.0,0.0,0.0,1.0,0.0,0.0,0.0,0.0,1.0
EVT00624,-0.35595615820510434,-1.305327499400205,-1.3723154478363608,-1.1601721231645696,-0.0016724278835167973,1.204187102528564,0.6284896471117172,0.0,1.0,0.0,0.0,1.0,0.0,0.0,0.0,0.0,0.0,0.0,1.0,0.0,0.0,0.0,0.0,0.0,0.0,1.0,0.0,0.0,0.0
EVT00625,0.537408432939887,-0.15641802847436506,0.5125894023013345,-1.0176448353065144,-0.7542649754661083,0.10947155477532397,0.4602568618040971,0.0,1.0,1.0,0.0,0.0,1.0,0.0,0.0,1.0,0.0,0.0,0.0,0.0,0.0,0.0,0.0,0.0,0.0,0.0,0.0,1.0,0.0
EVT00626,-0.1772832399761061,0.15692091814177325,-1.3723154478363608,-1.0176448353065144,-0.0016724278835167973,1.204187102528564,0.5443732544579071,0.0,1.0,1.0,0.0,1.0,0.0,0.0,0.0,0.0,0.0,0.0,1.0,0.0,0.0,0.0,0.0,0.0,0.0,1.0,0.0,0.0,0.0
EVT00627,-0.5346290764341026,-0.8875422372453542,-0.4298630227675131,-1.0176448353065144,-0.0016724278835167973,0.10947155477532397,0.292024076496477,0.0,1.0,1.0,0.0,0.0,0.0,1.0,0.0,0.0,0.0,0.0,0.0,0.0,1.0,0.0,0.0,0.0,0.0,0.0,0.0,0.0,1.0
EVT00628,-0.5346290764341026,-0.7482804831937373,1.4550418273701822,-1.0176448353065144,0.7509201196990747,0.10947155477532397,0.37614046915028704,0.0,1.0,0.0,0.0,0.0,1.0,0.0,0.0,0.0,0.0,0.0,0.0,0.0,0.0,0.0,1.0,0.0,0.0,0.0,1.0,0.0,0.0
EVT00629,-0.5346290764341026,0.8880451269127623,-0.4298630227675131,-1.0176448353065144,-0.0016724278835167973,0.10947155477532397,0.5443732544579071,0.0,1.0,0.0,1.0,0.0,0.0,0.0,0.0,0.0,0.0,0.0,0.0,0.0,0.0,1.0,0.0,0.0,0.0,0.0,0.0,0.0,1.0
EVT00630,-0.5346290764341026,-0.08678715144855652,-0.4298630227675131,-1.0176448353065144,-0.0016724278835167973,0.10947155477532397,0.37614046915028704,0.0,1.0,1.0,0.0,0.0,1.0,0.0,0.0,0.0,0.0,0.0,0.0,0.0,1.0,0.0,0.0,0.0,0.0,0.0,0.0,1.0,0.0
EVT00631,2.6814834516878663,-0.12160258996146095,-1.3723154478363608,-1.0176448353065144,0.7509201196990747,1.204187102528564,0.4602568618040971,0.0,1.0,1.0,0.0,0.0,1.0,0.0,0.0,0.0,0.0,0.0,1.0,0.0,0.0,0.0,0.0,0.0,0.0,0.0,0.0,0.0,1.0
EVT00632,-0.5346290764341026,1.3754612660934218,-0.4298630227675131,-1.0176448353065144,0.7509201196990747,1.204187102528564,0.5443732544579071,0.0,1.0,1.0,0.0,0.0,0.0,1.0,0.0,0.0,0.0,1.0,0.0,0.0,0.0,0.0,0.0,0.0,0.0,0.0,0.0,0.0,1.0
EVT00633,-0.5346290764341026,1.2361995120418048,-1.3723154478363608,-1.0176448353065144,-0.7542649754661083,-0.985243992977916,0.03967489853504685,0.0,1.0,1.0,0.0,0.0,0.0,1.0,0.0,0.0,0.0,0.0,0.0,0.0,0.0,1.0,0.0,0.0,0.0,0.0,0.0,0.0,1.0
EVT00634,-0.5346290764341026,-1.3401429379131093,-0.4298630227675131,-1.0176448353065144,1.503512667281666,1.204187102528564,0.6284896471117172,0.0,1.0,0.0,1.0,0.0,0.0,0.0,0.0,0.0,0.0,1.0,0.0,0.0,0.0,0.0,0.0,0.0,0.0,0.0,0.0,0.0,1.0
EVT00635,1.6094459423138765,1.0621223194772835,-1.3723154478363608,-1.0176448353065144,-0.0016724278835167973,0.10947155477532397,0.4602568618040971,0.0,1.0,0.0,0.0,0.0,0.0,1.0,0.0,0.0,0.0,0.0,1.0,0.0,0.0,0.0,0.0,0.0,0.0,0.0,0.0,0.0,1.0
EVT00636,-0.5346290764341026,-0.29567978252598215,0.5125894023013345,-1.0176448353065144,-1.5068575230486998,-0.985243992977916,-0.4650234573878134,0.0,1.0,1.0,0.0,0.0,0.0,1.0,0.0,0.0,0.0,0.0,0.0,0.0,0.0,0.0,0.0,1.0,0.0,0.0,1.0,0.0,0.0
EVT00637,2.6814834516878663,0.9228605654256664,-1.3723154478363608,-0.8751175474484592,-0.0016724278835167973,1.204187102528564,0.4602568618040971,0.0,1.0,0.0,0.0,0.0,1.0,0.0,0.0,0.0,0.0,0.0,1.0,0.0,0.0,0.0,0.0,0.0,0.0,0.0,1.0,0.0,0.0
EVT00638,-0.5346290764341026,1.3406458275805178,-0.4298630227675131,-0.8751175474484592,0.7509201196990747,1.204187102528564,0.5443732544579071,0.0,1.0,1.0,0.0,0.0,0.0,1.0,0.0,0.0,0.0,0.0,0.0,0.0,1.0,0.0,0.0,0.0,0.0,0.0,0.0,0.0,1.0
EVT00639,-0.1772832399761061,-0.434941536577599,0.5125894023013345,-0.8751175474484592,-0.7542649754661083,0.10947155477532397,0.292024076496477,0.0,1.0,1.0,0.0,0.0,1.0,0.0,0.0,0.0,1.0,0.0,0.0,0.0,0.0,0.0,0.0,0.0,0.0,0.0,1.0,0.0,0.0
EVT00640,-0.5346290764341026,-0.26086434401307773,-1.3723154478363608,-0.8751175474484592,-0.7542649754661083,-0.985243992977916,-0.3809070647340034,0.0,1.0,1.0,0.0,0.0,0.0,0.0,1.0,0.0,0.0,0.0,0.0,0.0,1.0,0.0,0.0,0.0,0.0,0.0,0.0,0.0,1.0
EVT00641,-0.5346290764341026,1.549538458657943,-0.4298630227675131,-0.8751175474484592,-0.0016724278835167973,0.10947155477532397,0.37614046915028704,0.0,1.0,0.0,0.0,0.0,1.0,0.0,0.0,0.0,0.0,0.0,0.0,0.0,0.0,0.0,0.0,0.0,1.0,1.0,0.0,0.0,0.0
EVT00642,-0.5346290764341026,-0.26086434401307773,0.5125894023013345,-0.8751175474484592,0.7509201196990747,1.204187102528564,0.292024076496477,1.0,1.0,1.0,0.0,0.0,1.0,0.0,0.0,0.0,0.0,0.0,0.0,1.0,0.0,0.0,0.0,0.0,0.0,0.0,0.0,0.0,1.0
EVT00643,-0.5346290764341026,-1.3749583764260136,0.5125894023013345,-0.8751175474484592,-0.7542649754661083,-0.985243992977916,0.1237912911888569,1.0,1.0,1.0,0.0,0.0,0.0,0.0,1.0,0.0,0.0,0.0,0.0,1.0,0.0,0.0,0.0,0.0,0.0,1.0,0.0,0.0,0.0
EVT00644,-0.5346290764341026,-1.1312503068356838,-0.4298630227675131,-0.8751175474484592,-0.0016724278835167973,-0.985243992977916,0.6284896471117172,0.0,1.0,1.0,1.0,0.0,0.0,0.0,0.0,0.0,0.0,0.0,0.0,0.0,1.0,0.0,0.0,0.0,0.0,1.0,0.0,0.0,0.0
EVT00645,-0.5346290764341026,-0.46975697509050324,-0.4298630227675131,-0.8751175474484592,-0.0016724278835167973,-0.985243992977916,0.20790768384266695,0.0,1.0,1.0,1.0,0.0,0.0,0.0,0.0,0.0,0.0,0.0,0.0,0.0,0.0,0.0,0.0,0.0,1.0,0.0,0.0,0.0,1.0
EVT00646,1.6094459423138765,0.5398907417837199,1.4550418273701822,-0.8751175474484592,0.7509201196990747,1.204187102528564,0.292024076496477,0.0,1.0,1.0,0.0,1.0,0.0,0.0,0.0,1.0,0.0,0.0,0.0,0.0,0.0,0.0,0.0,0.0,0.0,1.0,0.0,0.0,0.0
EVT00647,-0.5346290764341026,1.1317531965030918,1.4550418273701822,-0.8751175474484592,-0.0016724278835167973,-0.985243992977916,-0.3809070647340034,0.0,1.0,1.0,0.0,0.0,1.0,0.0,0.0,0.0,0.0,0.0,0.0,0.0,0.0,0.0,0.0,1.0,0.0,0.0,0.0,0.0,1.0
EVT00648,0.7160813511688852,0.08729004111596471,-1.3723154478363608,-0.8751175474484592,0.7509201196990747,0.10947155477532397,-0.29679067208019333,0.0,1.0,0.0,0.0,0.0,0.0,1.0,0.0,0.0,0.0,0.0,1.0,0.0,0.0,0.0,0.0,0.0,0.0,0.0,1.0,0.0,0.0
EVT00649,-0.5346290764341026,1.410276704606326,-1.3723154478363608,-0.7325902595904039,-0.0016724278835167973,0.10947155477532397,0.4602568618040971,0.0,1.0,1.0,0.0,0.0,0.0,0.0,1.0,0.0,0.0,0.0,0.0,0.0,0.0,0.0,0.0,0.0,1.0,1.0,0.0,0.0,0.0
EVT00650,-0.5346290764341026,1.7584310897353683,-0.4298630227675131,-0.7325902595904039,-0.0016724278835167973,-0.985243992977916,0.292024076496477,0.0,1.0,0.0,0.0,0.0,0.0,1.0,0.0,0.0,0.0,0.0,0.0,0.0,1.0,0.0,0.0,0.0,0.0,0.0,0.0,1.0,0.0
EVT00651,-0.5346290764341026,0.3658135492191986,-1.3723154478363608,-0.7325902595904039,-0.0016724278835167973,0.10947155477532397,0.292024076496477,0.0,1.0,1.0,1.0,0.0,0.0,0.0,0.0,0.0,0.0,0.0,0.0,0.0,0.0,1.0,0.0,0.0,0.0,1.0,0.0,0.0,0.0
EVT00652,-0.35595615820510434,0.8532296883998581,0.5125894023013345,-0.7325902595904039,0.7509201196990747,1.204187102528564,-0.21267427942638328,0.0,1.0,1.0,0.0,1.0,0.0,0.0,0.0,0.0,1.0,0.0,0.0,0.0,0.0,0.0,0.0,0.0,0.0,0.0,1.0,0.0,0.0
EVT00653,-0.5346290764341026,-0.991988552784067,-0.4298630227675131,-0.7325902595904039,-1.5068575230486998,-0.985243992977916,0.4602568618040971,0.0,1.0,1.0,0.0,0.0,0.0,0.0,1.0,0.0,0.0,0.0,0.0,0.0,1.0,0.0,0.0,0.0,0.0,0.0,0.0,1.0,0.0
EVT00654,-0.5346290764341026,-0.12160258996146095,-1.3723154478363608,-0.7325902595904039,-0.7542649754661083,-0.985243992977916,0.5443732544579071,0.0,1.0,0.0,1.0,0.0,0.0,0.0,0.0,0.0,0.0,0.0,0.0,0.0,0.0,0.0,0.0,0.0,1.0,0.0,0.0,1.0,0.0
EVT00655,-0.5346290764341026,0.3658135492191986,0.5125894023013345,-0.7325902595904039,-0.7542649754661083,-0.985243992977916,0.37614046915028704,0.0,1.0,0.0,0.0,0.0,0.0,0.0,1.0,0.0,0.0,0.0,0.0,0.0,0.0,0.0,0.0,1.0,0.0,0.0,1.0,0.0,0.0
EVT00656,-0.5346290764341026,-1.5490355689905349,-1.3723154478363608,-0.7325902595904039,0.7509201196990747,1.204187102528564,-0.12855788677257324,0.0,1.0,1.0,0.0,1.0,0.0,0.0,0.0,0.0,0.0,0.0,0.0,0.0,0.0,1.0,0.0,0.0,0.0,0.0,0.0,0.0,1.0
EVT00657,-0.5346290764341026,-0.574203290629216,-0.4298630227675131,-0.7325902595904039,-0.0016724278835167973,0.10947155477532397,0.20790768384266695,0.0,1.0,1.0,1.0,0.0,0.0,0.0,0.0,0.0,0.0,0.0,0.0,0.0,0.0,0.0,0.0,0.0,1.0,0.0,0.0,0.0,1.0
EVT00658,1.7881188605428748,1.6888002127095603,-0.4298630227675131,-0.7325902595904039,-0.0016724278835167973,0.10947155477532397,0.6284896471117172,0.0,1.0,1.0,0.0,0.0,0.0,1.0,0.0,0.0,0.0,0.0,1.0,0.0,0.0,0.0,0.0,0.0,0.0,1.0,0.0,0.0,0.0
EVT00659,0.537408432939887,0.8184142498869538,-0.4298630227675131,-0.7325902595904039,0.7509201196990747,1.204187102528564,0.7126060397655272,0.0,1.0,1.0,0.0,0.0,0.0,0.0,1.0,0.0,0.0,0.0,1.0,0.0,0.0,0.0,0.0,0.0,0.0,1.0,0.0,0.0,0.0
EVT00660,0.18006259648189046,-1.0964348683227798,-0.4298630227675131,-0.7325902595904039,1.503512667281666,2.298902650281804,0.7967224324193373,0.0,1.0,1.0,0.0,1.0,0.0,0.0,0.0,0.0,0.0,0.0,1.0,0.0,0.0,0.0,0.0,0.0,0.0,0.0,0.0,0.0,1.0
EVT00661,-0.5346290764341026,-1.2356966223743966,-1.3723154478363608,-0.5900629717323487,-0.7542649754661083,-0.985243992977916,0.1237912911888569,0.0,1.0,0.0,0.0,0.0,0.0,1.0,0.0,0.0,0.0,1.0,0.0,0.0,0.0,0.0,0.0,0.0,0.0,1.0,0.0,0.0,0.0
EVT00662,-0.5346290764341026,-1.3401429379131093,-1.3723154478363608,-0.5900629717323487,-0.0016724278835167973,0.10947155477532397,-0.0444414941187632,0.0,1.0,1.0,1.0,0.0,0.0,0.0,0.0,0.0,0.0,0.0,0.0,0.0,0.0,0.0,0.0,0.0,1.0,1.0,0.0,0.0,0.0
EVT00663,-0.5346290764341026,-0.40012609806469485,-1.3723154478363608,-0.5900629717323487,-0.0016724278835167973,-0.985243992977916,0.292024076496477,0.0,1.0,1.0,0.0,0.0,1.0,0.0,0.0,0.0,0.0,0.0,0.0,0.0,0.0,1.0,0.0,0.0,0.0,0.0,0.0,1.0,0.0
EVT00664,-0.5346290764341026,-0.15641802847436506,-1.3723154478363608,-0.5900629717323487,0.7509201196990747,0.10947155477532397,0.03967489853504685,0.0,1.0,0.0,0.0,1.0,0.0,0.0,0.0,0.0,0.0,1.0,0.0,0.0,0.0,0.0,0.0,0.0,0.0,0.0,0.0,1.0,0.0
EVT00665,-0.5346290764341026,1.6888002127095603,-1.3723154478363608,-0.5900629717323487,2.2561052148642577,2.298902650281804,0.7126060397655272,0.0,1.0,0.0,0.0,1.0,0.0,0.0,0.0,0.0,0.0,0.0,0.0,0.0,0.0,1.0,0.0,0.0,0.0,0.0,1.0,0.0,0.0
EVT00666,-0.5346290764341026,-0.6438341676550244,-0.4298630227675131,-0.5900629717323487,-1.5068575230486998,-0.985243992977916,0.20790768384266695,0.0,1.0,1.0,0.0,0.0,0.0,0.0,1.0,0.0,0.0,0.0,0.0,0.0,0.0,1.0,0.0,0.0,0.0,0.0,0.0,1.0,0.0
EVT00667,-0.5346290764341026,-0.7830959217066414,0.5125894023013345,-0.5900629717323487,-1.5068575230486998,0.10947155477532397,0.292024076496477,0.0,1.0,1.0,0.0,0.0,0.0,1.0,0.0,1.0,0.0,0.0,0.0,0.0,0.0,0.0,0.0,0.0,0.0,0.0,0.0,0.0,1.0
EVT00668,-0.5346290764341026,0.3309981107062945,-0.4298630227675131,-0.5900629717323487,-0.0016724278835167973,-0.985243992977916,0.292024076496477,0.0,1.0,1.0,0.0,0.0,0.0,1.0,0.0,0.0,0.0,1.0,0.0,0.0,0.0,0.0,0.0,0.0,0.0,0.0,0.0,0.0,1.0
EVT00669,-0.5346290764341026,1.7584310897353683,-0.4298630227675131,-0.5900629717323487,-0.0016724278835167973,-0.985243992977916,-0.12855788677257324,0.0,1.0,0.0,0.0,0.0,0.0,1.0,0.0,0.0,0.0,0.0,0.0,0.0,0.0,1.0,0.0,0.0,0.0,0.0,1.0,0.0,0.0
EVT00670,-0.5346290764341026,-1.444589253451822,0.5125894023013345,-0.5900629717323487,0.7509201196990747,-0.985243992977916,-0.0444414941187632,0.0,1.0,0.0,0.0,0.0,0.0,0.0,1.0,0.0,0.0,0.0,0.0,0.0,0.0,0.0,1.0,0.0,0.0,1.0,0.0,0.0,0.0
EVT00671,-0.5346290764341026,1.410276704606326,0.5125894023013345,-0.5900629717323487,0.7509201196990747,1.204187102528564,0.7967224324193373,0.0,1.0,0.0,1.0,0.0,0.0,0.0,0.0,0.0,0.0,0.0,0.0,0.0,0.0,0.0,1.0,0.0,0.0,0.0,0.0,0.0,1.0
EVT00672,-0.5346290764341026,-1.4097738149389178,-1.3723154478363608,-0.5900629717323487,1.503512667281666,-0.985243992977916,0.03967489853504685,0.0,1.0,1.0,1.0,0.0,0.0,0.0,0.0,0.0,0.0,0.0,0.0,0.0,1.0,0.0,0.0,0.0,0.0,0.0,1.0,0.0,0.0
EVT00673,-0.5346290764341026,0.2265517951675815,-1.3723154478363608,-0.4475356838742935,-0.7542649754661083,0.10947155477532397,0.20790768384266695,0.0,0.0,1.0,0.0,0.0,1.0,0.0,0.0,0.0,0.0,0.0,0.0,0.0,0.0,1.0,0.0,0.0,0.0,0.0,1.0,0.0,0.0
EVT00674,2.6814834516878663,-1.305327499400205,0.5125894023013345,-0.4475356838742935,-0.0016724278835167973,0.10947155477532397,0.7967224324193373,0.0,0.0,1.0,0.0,0.0,0.0,0.0,1.0,1.0,0.0,0.0,0.0,0.0,0.0,0.0,0.0,0.0,0.0,0.0,0.0,0.0,1.0
EVT00675,-0.5346290764341026,0.7835988113740496,0.5125894023013345,-0.4475356838742935,-0.0016724278835167973,0.10947155477532397,0.292024076496477,0.0,0.0,1.0,1.0,0.0,0.0,0.0,0.0,0.0,0.0,0.0,0.0,0.0,0.0,0.0,0.0,1.0,0.0,0.0,0.0,0.0,1.0
EVT00676,-0.5346290764341026,-0.46975697509050324,-1.3723154478363608,-0.4475356838742935,0.7509201196990747,0.10947155477532397,0.37614046915028704,0.0,0.0,0.0,0.0,0.0,0.0,1.0,0.0,0.0,0.0,0.0,0.0,0.0,0.0,0.0,0.0,0.0,1.0,1.0,0.0,0.0,0.0
EVT00677,2.8601563699168646,-1.6186664460163434,-1.3723154478363608,-0.4475356838742935,1.503512667281666,1.204187102528564,0.4602568618040971,0.0,0.0,1.0,0.0,1.0,0.0,0.0,0.0,0.0,0.0,0.0,1.0,0.0,0.0,0.0,0.0,0.0,0.0,0.0,0.0,1.0,0.0
EVT00678,-0.35595615820510434,-1.0268039912969713,0.5125894023013345,-0.4475356838742935,-1.5068575230486998,0.10947155477532397,0.1237912911888569,0.0,0.0,1.0,0.0,0.0,0.0,0.0,1.0,0.0,1.0,0.0,0.0,0.0,0.0,0.0,0.0,0.0,0.0,0.0,1.0,0.0,0.0
EVT00679,2.6814834516878663,-1.4097738149389178,-0.4298630227675131,-0.4475356838742935,0.7509201196990747,0.10947155477532397,0.03967489853504685,0.0,0.0,1.0,0.0,1.0,0.0,0.0,0.0,0.0,0.0,0.0,1.0,0.0,0.0,0.0,0.0,0.0,0.0,0.0,1.0,0.0,0.0
EVT00680,-0.5346290764341026,1.0969377579901876,-0.4298630227675131,-0.4475356838742935,-0.7542649754661083,-0.985243992977916,0.292024076496477,0.0,0.0,1.0,0.0,0.0,0.0,0.0,1.0,0.0,0.0,0.0,0.0,0.0,0.0,0.0,0.0,0.0,1.0,0.0,0.0,0.0,1.0
EVT00681,-0.5346290764341026,-1.2356966223743966,0.5125894023013345,-0.4475356838742935,-1.5068575230486998,-0.985243992977916,-0.12855788677257324,0.0,0.0,1.0,0.0,0.0,1.0,0.0,0.0,0.0,0.0,0.0,0.0,0.0,0.0,0.0,0.0,1.0,0.0,1.0,0.0,0.0,0.0
EVT00682,-0.5346290764341026,-0.9223576757582586,1.4550418273701822,-0.4475356838742935,1.503512667281666,0.10947155477532397,0.5443732544579071,0.0,0.0,1.0,0.0,0.0,1.0,0.0,0.0,0.0,0.0,0.0,0.0,0.0,0.0,0.0,0.0,1.0,0.0,0.0,1.0,0.0,0.0
EVT00683,-0.5346290764341026,1.2361995120418048,-1.3723154478363608,-0.4475356838742935,-0.0016724278835167973,0.10947155477532397,0.7126060397655272,0.0,0.0,1.0,0.0,0.0,0.0,1.0,0.0,0.0,0.0,0.0,0.0,0.0,0.0,0.0,0.0,0.0,1.0,0.0,0.0,1.0,0.0
EVT00684,-0.5346290764341026,0.9924914424514749,1.4550418273701822,-0.4475356838742935,-0.7542649754661083,0.10947155477532397,0.1237912911888569,0.0,0.0,0.0,0.0,0.0,1.0,0.0,0.0,0.0,0.0,0.0,0.0,0.0,0.0,0.0,0.0,1.0,0.0,0.0,0.0,1.0,0.0
EVT00685,-0.5346290764341026,-1.1312503068356838,1.4550418273701822,-0.30500839601623825,-0.0016724278835167973,0.10947155477532397,0.7126060397655272,0.0,0.0,1.0,0.0,0.0,0.0,0.0,1.0,0.0,0.0,0.0,0.0,0.0,0.0,0.0,1.0,0.0,0.0,0.0,1.0,0.0,0.0
EVT00686,0.001389678252892188,-0.15641802847436506,0.5125894023013345,-0.30500839601623825,-0.0016724278835167973,1.204187102528564,0.1237912911888569,0.0,0.0,1.0,0.0,0.0,0.0,0.0,1.0,0.0,1.0,0.0,0.0,0.0,0.0,0.0,0.0,0.0,0.0,1.0,0.0,0.0,0.0
EVT00687,-0.5346290764341026,-0.01715627442274796,-1.3723154478363608,-0.30500839601623825,0.7509201196990747,1.204187102528564,0.1237912911888569,0.0,0.0,1.0,0.0,1.0,0.0,0.0,0.0,0.0,0.0,0.0,0.0,0.0,0.0,1.0,0.0,0.0,0.0,0.0,1.0,0.0,0.0
EVT00688,1.6094459423138765,1.2710149505547088,0.5125894023013345,-0.30500839601623825,-0.7542649754661083,0.10947155477532397,-0.12855788677257324,0.0,0.0,1.0,0.0,0.0,1.0,0.0,0.0,0.0,1.0,0.0,0.0,0.0,0.0,0.0,0.0,0.0,0.0,0.0,1.0,0.0,0.0
EVT00689,2.3241376152298696,-1.0616194298098756,0.5125894023013345,-0.30500839601623825,-0.0016724278835167973,0.10947155477532397,0.7126060397655272,0.0,0.0,1.0,0.0,0.0,0.0,0.0,1.0,1.0,0.0,0.0,0.0,0.0,0.0,0.0,0.0,0.0,0.0,1.0,0.0,0.0,0.0
EVT00690,-0.5346290764341026,-1.4097738149389178,-0.4298630227675131,-0.30500839601623825,1.503512667281666,1.204187102528564,0.1237912911888569,0.0,0.0,1.0,0.0,1.0,0.0,0.0,0.0,0.0,0.0,0.0,0.0,0.0,0.0,1.0,0.0,0.0,0.0,0.0,0.0,1.0,0.0
EVT00691,-0.5346290764341026,-0.12160258996146095,0.5125894023013345,-0.30500839601623825,1.503512667281666,0.10947155477532397,0.1237912911888569,0.0,0.0,1.0,0.0,0.0,1.0,0.0,0.0,0.0,0.0,0.0,0.0,0.0,0.0,0.0,0.0,1.0,0.0,0.0,0.0,0.0,1.0
EVT00692,0.7160813511688852,-1.4794046919647263,-1.3723154478363608,-0.30500839601623825,-0.7542649754661083,0.10947155477532397,0.5443732544579071,0.0,0.0,1.0,0.0,0.0,1.0,0.0,0.0,0.0,0.0,0.0,1.0,0.0,0.0,0.0,0.0,0.0,0.0,0.0,1.0,0.0,0.0
EVT00693,0.8947542693978835,-1.1312503068356838,0.5125894023013345,-0.30500839601623825,-0.0016724278835167973,1.204187102528564,-0.0444414941187632,0.0,0.0,1.0,1.0,0.0,0.0,0.0,0.0,1.0,0.0,0.0,0.0,0.0,0.0,0.0,0.0,0.0,0.0,0.0,0.0,1.0,0.0
EVT00694,-0.5346290764341026,1.6888002127095603,-0.4298630227675131,-0.30500839601623825,-0.0016724278835167973,0.10947155477532397,0.6284896471117172,0.0,0.0,1.0,0.0,1.0,0.0,0.0,0.0,0.0,0.0,0.0,0.0,0.0,0.0,1.0,0.0,0.0,0.0,0.0,0.0,1.0,0.0
EVT00695,-0.5346290764341026,0.15692091814177325,-0.4298630227675131,-0.30500839601623825,-0.0016724278835167973,0.10947155477532397,0.7126060397655272,0.0,0.0,1.0,0.0,0.0,0.0,0.0,1.0,0.0,0.0,1.0,0.0,0.0,0.0,0.0,0.0,0.0,0.0,1.0,0.0,0.0,0.0
EVT00696,1.9667917787718732,-0.434941536577599,-1.3723154478363608,-0.30500839601623825,0.7509201196990747,1.204187102528564,0.7967224324193373,0.0,0.0,1.0,0.0,0.0,0.0,0.0,1.0,0.0,0.0,0.0,1.0,0.0,0.0,0.0,0.0,0.0,0.0,0.0,0.0,0.0,1.0
EVT00697,-0.1772832399761061,-0.29567978252598215,-1.3723154478363608,-0.16248110815818304,-0.0016724278835167973,1.204187102528564,0.7126060397655272,0.0,0.0,1.0,0.0,1.0,0.0,0.0,0.0,0.0,0.0,0.0,1.0,0.0,0.0,0.0,0.0,0.0,0.0,0.0,0.0,1.0,0.0
EVT00698,-0.5346290764341026,-0.6090187291421202,-1.3723154478363608,-0.16248110815818304,-1.5068575230486998,-0.985243992977916,0.20790768384266695,0.0,0.0,1.0,0.0,0.0,0.0,0.0,1.0,0.0,0.0,0.0,0.0,0.0,0.0,1.0,0.0,0.0,0.0,0.0,1.0,0.0,0.0
EVT00699,-0.5346290764341026,0.9924914424514749,0.5125894023013345,-0.16248110815818304,1.503512667281666,1.204187102528564,0.8808388250731473,1.0,0.0,1.0,0.0,0.0,1.0,0.0,0.0,0.0,0.0,0.0,0.0,1.0,0.0,0.0,0.0,0.0,0.0,0.0,0.0,1.0,0.0
EVT00700,-0.5346290764341026,-0.574203290629216,-0.4298630227675131,-0.16248110815818304,-1.5068575230486998,-0.985243992977916,-0.12855788677257324,0.0,0.0,1.0,1.0,0.0,0.0,0.0,0.0,0.0,0.0,1.0,0.0,0.0,0.0,0.0,0.0,0.0,0.0,0.0,0.0,0.0,1.0
EVT00701,-0.5346290764341026,-1.270512060887301,1.4550418273701822,-0.16248110815818304,-0.7542649754661083,-0.985243992977916,-0.0444414941187632,0.0,0.0,1.0,1.0,0.0,0.0,0.0,0.0,0.0,0.0,0.0,0.0,0.0,0.0,0.0,0.0,1.0,0.0,0.0,1.0,0.0,0.0
EVT00702,-0.5346290764341026,-0.8179113602195457,0.5125894023013345,-0.16248110815818304,-0.0016724278835167973,0.10947155477532397,0.20790768384266695,0.0,0.0,0.0,0.0,1.0,0.0,0.0,0.0,0.0,1.0,0.0,0.0,0.0,0.0,0.0,0.0,0.0,0.0,1.0,0.0,0.0,0.0
EVT00703,2.502810533458868,-0.6786496061679288,0.5125894023013345,-0.16248110815818304,-0.0016724278835167973,0.10947155477532397,-0.0444414941187632,0.0,0.0,1.0,1.0,0.0,0.0,0.0,0.0,1.0,0.0,0.0,0.0,0.0,0.0,0.0,0.0,0.0,0.0,0.0,0.0,0.0,1.0
EVT00704,0.18006259648189046,1.549538458657943,-0.4298630227675131,-0.16248110815818304,-0.7542649754661083,0.10947155477532397,-0.0444414941187632,0.0,0.0,0.0,0.0,0.0,1.0,0.0,0.0,0.0,0.0,0.0,1.0,0.0,0.0,0.0,0.0,0.0,0.0,1.0,0.0,0.0,0.0
EVT00705,-0.5346290764341026,1.1665686350159965,-0.4298630227675131,-0.16248110815818304,-0.7542649754661083,0.10947155477532397,0.292024076496477,0.0,0.0,0.0,0.0,0.0,1.0,0.0,0.0,0.0,0.0,0.0,0.0,0.0,0.0,1.0,0.0,0.0,0.0,0.0,0.0,0.0,1.0
EVT00706,0.537408432939887,0.8532296883998581,0.5125894023013345,-0.16248110815818304,-0.7542649754661083,1.204187102528564,0.4602568618040971,0.0,0.0,1.0,0.0,0.0,1.0,0.0,0.0,0.0,1.0,0.0,0.0,0.0,0.0,0.0,0.0,0.0,0.0,0.0,0.0,0.0,1.0
EVT00707,-0.5346290764341026,0.5398907417837199,1.4550418273701822,-0.16248110815818304,-0.0016724278835167973,1.204187102528564,0.5443732544579071,0.0,0.0,1.0,0.0,0.0,1.0,0.0,0.0,0.0,0.0,0.0,0.0,0.0,0.0,0.0,1.0,0.0,0.0,0.0,0.0,1.0,0.0
EVT00708,0.7160813511688852,-0.26086434401307773,-1.3723154478363608,-0.16248110815818304,-0.0016724278835167973,1.204187102528564,0.03967489853504685,0.0,0.0,0.0,1.0,0.0,0.0,0.0,0.0,0.0,0.0,0.0,1.0,0.0,0.0,0.0,0.0,0.0,0.0,0.0,0.0,1.0,0.0
EVT00709,3.038829288145863,1.6539847741966553,0.5125894023013345,-0.019953820300127812,0.7509201196990747,1.204187102528564,-0.0444414941187632,0.0,0.0,1.0,0.0,0.0,0.0,1.0,0.0,1.0,0.0,0.0,0.0,0.0,0.0,0.0,0.0,0.0,0.0,0.0,0.0,1.0,0.0
EVT00710,-0.5346290764341026,-0.29567978252598215,-0.4298630227675131,-0.019953820300127812,-0.7542649754661083,-0.985243992977916,0.7967224324193373,0.0,0.0,1.0,0.0,0.0,0.0,0.0,1.0,0.0,0.0,1.0,0.0,0.0,0.0,0.0,0.0,0.0,0.0,0.0,0.0,1.0,0.0
EVT00711,2.1454646970008713,-0.7830959217066414,1.4550418273701822,-0.019953820300127812,-0.0016724278835167973,2.298902650281804,0.1237912911888569,0.0,0.0,1.0,0.0,0.0,1.0,0.0,0.0,1.0,0.0,0.0,0.0,0.0,0.0,0.0,0.0,0.0,0.0,0.0,0.0,1.0,0.0
EVT00712,-0.5346290764341026,-1.3401429379131093,-1.3723154478363608,-0.019953820300127812,-1.5068575230486998,-0.985243992977916,-0.21267427942638328,0.0,0.0,1.0,0.0,0.0,1.0,0.0,0.0,0.0,0.0,0.0,0.0,0.0,0.0,0.0,0.0,0.0,1.0,0.0,1.0,0.0,0.0
EVT00713,-0.5346290764341026,0.47025986475791126,1.4550418273701822,-0.019953820300127812,-0.7542649754661083,-0.985243992977916,-0.12855788677257324,0.0,0.0,1.0,0.0,1.0,0.0,0.0,0.0,0.0,0.0,0.0,0.0,0.0,0.0,0.0,0.0,1.0,0.0,1.0,0.0,0.0,0.0
EVT00714,1.4307730240848784,0.12210547962886883,0.5125894023013345,-0.019953820300127812,-0.0016724278835167973,1.204187102528564,0.6284896471117172,0.0,0.0,1.0,0.0,0.0,0.0,0.0,1.0,1.0,0.0,0.0,0.0,0.0,0.0,0.0,0.0,0.0,0.0,0.0,1.0,0.0,0.0
EVT00715,-0.5346290764341026,-1.2008811838614923,-1.3723154478363608,-0.019953820300127812,0.7509201196990747,1.204187102528564,0.7126060397655272,0.0,0.0,1.0,0.0,0.0,1.0,0.0,0.0,0.0,0.0,0.0,0.0,0.0,0.0,0.0,0.0,0.0,1.0,0.0,0.0,0.0,1.0
EVT00716,-0.5346290764341026,-0.40012609806469485,-1.3723154478363608,-0.019953820300127812,-0.7542649754661083,-0.985243992977916,0.20790768384266695,0.0,0.0,1.0,0.0,0.0,1.0,0.0,0.0,0.0,0.0,1.0,0.0,0.0,0.0,0.0,0.0,0.0,0.0,0.0,0.0,1.0,0.0
EVT00717,-0.5346290764341026,-0.6090187291421202,-0.4298630227675131,-0.019953820300127812,-0.0016724278835167973,1.204187102528564,0.20790768384266695,0.0,0.0,0.0,1.0,0.0,0.0,0.0,0.0,0.0,0.0,1.0,0.0,0.0,0.0,0.0,0.0,0.0,0.0,0.0,0.0,0.0,1.0
EVT00718,-0.5346290764341026,0.713967934348241,-1.3723154478363608,-0.019953820300127812,-0.7542649754661083,-0.985243992977916,0.20790768384266695,0.0,0.0,0.0,0.0,0.0,0.0,1.0,0.0,0.0,0.0,0.0,0.0,0.0,0.0,0.0,0.0,0.0,1.0,0.0,0.0,1.0,0.0
EVT00719,0.001389678252892188,0.3658135492191986,0.5125894023013345,-0.019953820300127812,-0.7542649754661083,0.10947155477532397,0.7967224324193373,0.0,0.0,1.0,0.0,1.0,0.0,0.0,0.0,0.0,1.0,0.0,0.0,0.0,0.0,0.0,0.0,0.0,0.0,0.0,0.0,0.0,1.0
EVT00720,0.3587355147108887,-0.8875422372453542,0.5125894023013345,-0.019953820300127812,-0.0016724278835167973,0.10947155477532397,-0.21267427942638328,0.0,0.0,0.0,0.0,0.0,0.0,0.0,1.0,1.0,0.0,0.0,0.0,0.0,0.0,0.0,0.0,0.0,0.0,0.0,0.0,1.0,0.0
EVT00721,-0.5346290764341026,0.017659164090156162,1.4550418273701822,0.12257346755792742,-0.0016724278835167973,0.10947155477532397,0.20790768384266695,1.0,0.0,0.0,0.0,0.0,0.0,1.0,0.0,0.0,0.0,0.0,0.0,1.0,0.0,0.0,0.0,0.0,0.0,0.0,0.0,0.0,1.0
EVT00722,0.8947542693978835,-1.166065745348588,-1.3723154478363608,0.12257346755792742,0.7509201196990747,1.204187102528564,-0.29679067208019333,0.0,0.0,1.0,0.0,0.0,0.0,0.0,1.0,0.0,0.0,0.0,1.0,0.0,0.0,0.0,0.0,0.0,0.0,0.0,0.0,0.0,1.0
EVT00723,1.9667917787718732,-1.305327499400205,0.5125894023013345,0.12257346755792742,-1.5068575230486998,0.10947155477532397,-0.12855788677257324,0.0,0.0,0.0,0.0,0.0,0.0,0.0,1.0,0.0,1.0,0.0,0.0,0.0,0.0,0.0,0.0,0.0,0.0,0.0,0.0,0.0,1.0
EVT00724,1.0734271876268817,0.12210547962886883,-1.3723154478363608,0.12257346755792742,1.503512667281666,2.298902650281804,-0.3809070647340034,0.0,0.0,0.0,0.0,0.0,1.0,0.0,0.0,0.0,0.0,0.0,1.0,0.0,0.0,0.0,0.0,0.0,0.0,0.0,0.0,1.0,0.0
EVT00725,-0.5346290764341026,0.6443370573224325,-0.4298630227675131,0.12257346755792742,-0.7542649754661083,0.10947155477532397,-0.0444414941187632,0.0,0.0,1.0,1.0,0.0,0.0,0.0,0.0,0.0,0.0,0.0,0.0,0.0,0.0,1.0,0.0,0.0,0.0,0.0,0.0,0.0,1.0
EVT00726,-0.5346290764341026,0.8184142498869538,-1.3723154478363608,0.12257346755792742,-0.0016724278835167973,0.10947155477532397,0.03967489853504685,0.0,0.0,0.0,0.0,1.0,0.0,0.0,0.0,0.0,0.0,0.0,0.0,0.0,0.0,1.0,0.0,0.0,0.0,1.0,0.0,0.0,0.0
EVT00727,1.0734271876268817,-0.5393878521163118,1.4550418273701822,0.12257346755792742,-0.0016724278835167973,0.10947155477532397,0.292024076496477,0.0,0.0,1.0,0.0,0.0,0.0,0.0,1.0,1.0,0.0,0.0,0.0,0.0,0.0,0.0,0.0,0.0,0.0,0.0,0.0,1.0,0.0
EVT00728,2.6814834516878663,0.8184142498869538,0.5125894023013345,0.12257346755792742,0.7509201196990747,1.204187102528564,0.1237912911888569,0.0,0.0,1.0,1.0,0.0,0.0,0.0,0.0,0.0,1.0,0.0,0.0,0.0,0.0,0.0,0.0,0.0,0.0,0.0,1.0,0.0,0.0
EVT00729,-0.5346290764341026,-0.40012609806469485,1.4550418273701822,0.12257346755792742,-0.7542649754661083,0.10947155477532397,0.7126060397655272,0.0,0.0,1.0,0.0,1.0,0.0,0.0,0.0,0.0,0.0,0.0,0.0,0.0,0.0,0.0,1.0,0.0,0.0,1.0,0.0,0.0,0.0
EVT00730,-0.5346290764341026,-1.4794046919647263,-0.4298630227675131,0.12257346755792742,-0.7542649754661083,-0.985243992977916,0.292024076496477,0.0,0.0,1.0,0.0,0.0,1.0,0.0,0.0,0.0,0.0,0.0,0.0,0.0,0.0,0.0,0.0,0.0,1.0,0.0,0.0,1.0,0.0
EVT00731,-0.5346290764341026,-0.3653106595517906,1.4550418273701822,0.12257346755792742,1.503512667281666,1.204187102528564,0.1237912911888569,1.0,0.0,1.0,0.0,0.0,0.0,0.0,1.0,0.0,0.0,0.0,0.0,1.0,0.0,0.0,0.0,0.0,0.0,0.0,1.0,0.0,0.0
EVT00732,-0.5346290764341026,-0.6090187291421202,-1.3723154478363608,0.12257346755792742,-0.7542649754661083,0.10947155477532397,0.292024076496477,0.0,0.0,1.0,0.0,0.0,0.0,1.0,0.0,0.0,0.0,1.0,0.0,0.0,0.0,0.0,0.0,0.0,0.0,0.0,0.0,1.0,0.0
EVT00733,2.502810533458868,-0.29567978252598215,-0.4298630227675131,0.26510075541598266,-0.0016724278835167973,1.204187102528564,0.37614046915028704,0.0,0.0,1.0,0.0,1.0,0.0,0.0,0.0,0.0,0.0,0.0,1.0,0.0,0.0,0.0,0.0,0.0,0.0,1.0,0.0,0.0,0.0
EVT00734,-0.5346290764341026,-0.7830959217066414,1.4550418273701822,0.26510075541598266,-1.5068575230486998,-0.985243992977916,0.6284896471117172,0.0,0.0,1.0,0.0,0.0,0.0,1.0,0.0,0.0,0.0,0.0,0.0,0.0,0.0,0.0,0.0,1.0,0.0,1.0,0.0,0.0,0.0
EVT00735,0.8947542693978835,-0.9571731142711627,-0.4298630227675131,0.26510075541598266,-0.7542649754661083,1.204187102528564,-0.4650234573878134,0.0,0.0,1.0,0.0,0.0,0.0,1.0,0.0,0.0,0.0,0.0,1.0,0.0,0.0,0.0,0.0,0.0,0.0,0.0,0.0,0.0,1.0
EVT00736,1.4307730240848784,-1.6534818845292476,0.5125894023013345,0.26510075541598266,-0.7542649754661083,0.10947155477532397,0.7967224324193373,0.0,0.0,1.0,0.0,0.0,0.0,1.0,0.0,0.0,1.0,0.0,0.0,0.0,0.0,0.0,0.0,0.0,0.0,0.0,1.0,0.0,0.0
EVT00737,2.3241376152298696,1.6888002127095603,1.4550418273701822,0.26510075541598266,-0.7542649754661083,0.10947155477532397,0.292024076496477,0.0,0.0,1.0,0.0,0.0,1.0,0.0,0.0,1.0,0.0,0.0,0.0,0.0,0.0,0.0,0.0,0.0,0.0,0.0,1.0,0.0,0.0
EVT00738,-0.5346290764341026,1.3406458275805178,-0.4298630227675131,0.26510075541598266,0.7509201196990747,0.10947155477532397,0.20790768384266695,0.0,0.0,1.0,0.0,1.0,0.0,0.0,0.0,0.0,0.0,0.0,0.0,0.0,0.0,1.0,0.0,0.0,0.0,1.0,0.0,0.0,0.0
EVT00739,1.25210010585588,0.574706180296624,0.5125894023013345,0.26510075541598266,-0.0016724278835167973,1.204187102528564,0.8808388250731473,0.0,0.0,1.0,0.0,0.0,0.0,0.0,1.0,0.0,1.0,0.0,0.0,0.0,0.0,0.0,0.0,0.0,0.0,0.0,0.0,1.0,0.0
EVT00740,-0.5346290764341026,1.6539847741966553,1.4550418273701822,0.26510075541598266,-0.0016724278835167973,0.10947155477532397,0.37614046915028704,1.0,0.0,1.0,0.0,0.0,0.0,0.0,1.0,0.0,0.0,0.0,0.0,1.0,0.0,0.0,0.0,0.0,0.0,0.0,0.0,0.0,1.0
EVT00741,-0.5346290764341026,-0.26086434401307773,-0.4298630227675131,0.26510075541598266,0.7509201196990747,1.204187102528564,0.8808388250731473,0.0,0.0,0.0,0.0,1.0,0.0,0.0,0.0,0.0,0.0,1.0,0.0,0.0,0.0,0.0,0.0,0.0,0.0,0.0,0.0,1.0,0.0
EVT00742,-0.5346290764341026,-0.12160258996146095,-0.4298630227675131,0.26510075541598266,-0.7542649754661083,0.10947155477532397,-0.5491398500416235,0.0,0.0,1.0,1.0,0.0,0.0,0.0,0.0,0.0,0.0,1.0,0.0,0.0,0.0,0.0,0.0,0.0,0.0,0.0,1.0,0.0,0.0
EVT00743,-0.5346290764341026,0.8532296883998581,-0.4298630227675131,0.26510075541598266,-0.0016724278835167973,-0.985243992977916,0.1237912911888569,0.0,0.0,1.0,0.0,0.0,0.0,0.0,1.0,0.0,0.0,0.0,0.0,0.0,0.0,1.0,0.0,0.0,0.0,1.0,0.0,0.0,0.0
EVT00744,-0.5346290764341026,0.5398907417837199,0.5125894023013345,0.26510075541598266,-0.0016724278835167973,-0.985243992977916,0.20790768384266695,0.0,0.0,1.0,0.0,0.0,1.0,0.0,0.0,0.0,0.0,0.0,0.0,0.0,0.0,0.0,0.0,1.0,0.0,0.0,0.0,0.0,1.0
EVT00745,-0.5346290764341026,-0.7482804831937373,-0.4298630227675131,0.4076280432740379,0.7509201196990747,1.204187102528564,0.8808388250731473,0.0,0.0,0.0,1.0,0.0,0.0,0.0,0.0,0.0,0.0,1.0,0.0,0.0,0.0,0.0,0.0,0.0,0.0,0.0,1.0,0.0,0.0
EVT00746,-0.5346290764341026,0.47025986475791126,0.5125894023013345,0.4076280432740379,-0.0016724278835167973,0.10947155477532397,-0.5491398500416235,0.0,0.0,1.0,1.0,0.0,0.0,0.0,0.0,0.0,0.0,0.0,0.0,0.0,0.0,0.0,1.0,0.0,0.0,0.0,0.0,0.0,1.0
EVT00747,-0.5346290764341026,-0.26086434401307773,0.5125894023013345,0.4076280432740379,-1.5068575230486998,-0.985243992977916,0.6284896471117172,0.0,0.0,1.0,0.0,0.0,1.0,0.0,0.0,0.0,0.0,0.0,0.0,0.0,0.0,0.0,0.0,1.0,0.0,0.0,0.0,1.0,0.0
EVT00748,-0.5346290764341026,1.2013840735289005,-1.3723154478363608,0.4076280432740379,-0.7542649754661083,-0.985243992977916,0.6284896471117172,0.0,0.0,1.0,0.0,1.0,0.0,0.0,0.0,0.0,0.0,0.0,0.0,0.0,1.0,0.0,0.0,0.0,0.0,1.0,0.0,0.0,0.0
EVT00749,-0.5346290764341026,-0.5393878521163118,0.5125894023013345,0.4076280432740379,0.7509201196990747,0.10947155477532397,0.9649552177269574,1.0,0.0,1.0,1.0,0.0,0.0,0.0,0.0,0.0,0.0,0.0,0.0,1.0,0.0,0.0,0.0,0.0,0.0,0.0,1.0,0.0,0.0
EVT00750,-0.5346290764341026,-1.2008811838614923,1.4550418273701822,0.4076280432740379,-1.5068575230486998,-0.985243992977916,0.20790768384266695,0.0,0.0,1.0,0.0,0.0,1.0,0.0,0.0,0.0,0.0,0.0,0.0,0.0,0.0,0.0,0.0,1.0,0.0,0.0,0.0,1.0,0.0
EVT00751,0.537408432939887,0.47025986475791126,0.5125894023013345,0.4076280432740379,-0.0016724278835167973,0.10947155477532397,0.7126060397655272,0.0,0.0,1.0,0.0,0.0,0.0,1.0,0.0,1.0,0.0,0.0,0.0,0.0,0.0,0.0,0.0,0.0,0.0,0.0,1.0,0.0,0.0
EVT00752,-0.5346290764341026,-0.08678715144855652,-0.4298630227675131,0.4076280432740379,-0.0016724278835167973,-0.985243992977916,0.1237912911888569,0.0,0.0,1.0,0.0,1.0,0.0,0.0,0.0,0.0,0.0,0.0,0.0,0.0,0.0,0.0,0.0,0.0,1.0,0.0,0.0,0.0,1.0
EVT00753,-0.5346290764341026,-0.40012609806469485,0.5125894023013345,0.4076280432740379,0.7509201196990747,-0.985243992977916,1.0490716103807673,0.0,0.0,1.0,0.0,1.0,0.0,0.0,0.0,0.0,0.0,0.0,0.0,0.0,0.0,0.0,0.0,1.0,0.0,0.0,0.0,1.0,0.0
EVT00754,-0.5346290764341026,1.2013840735289005,-0.4298630227675131,0.4076280432740379,0.7509201196990747,0.10947155477532397,0.7126060397655272,0.0,0.0,1.0,0.0,0.0,0.0,0.0,1.0,0.0,0.0,0.0,0.0,0.0,0.0,0.0,0.0,0.0,1.0,0.0,0.0,0.0,1.0
EVT00755,1.7881188605428748,0.052474602603060284,-0.4298630227675131,0.4076280432740379,-0.7542649754661083,0.10947155477532397,-0.4650234573878134,0.0,0.0,1.0,1.0,0.0,0.0,0.0,0.0,0.0,0.0,0.0,1.0,0.0,0.0,0.0,0.0,0.0,0.0,0.0,0.0,0.0,1.0
EVT00756,-0.5346290764341026,0.40062898773210276,1.4550418273701822,0.4076280432740379,-0.7542649754661083,-0.985243992977916,0.03967489853504685,1.0,0.0,1.0,0.0,0.0,0.0,0.0,1.0,0.0,0.0,0.0,0.0,1.0,0.0,0.0,0.0,0.0,0.0,0.0,0.0,0.0,1.0
EVT00757,-0.5346290764341026,-0.08678715144855652,-1.3723154478363608,0.5501553311320931,-1.5068575230486998,-0.985243992977916,0.1237912911888569,0.0,0.0,1.0,0.0,0.0,0.0,0.0,1.0,0.0,0.0,0.0,0.0,0.0,0.0,0.0,0.0,0.0,1.0,0.0,0.0,1.0,0.0
EVT00758,-0.5346290764341026,1.3754612660934218,-1.3723154478363608,0.5501553311320931,-0.7542649754661083,-0.985243992977916,0.20790768384266695,0.0,0.0,0.0,0.0,0.0,1.0,0.0,0.0,0.0,0.0,0.0,0.0,0.0,0.0,1.0,0.0,0.0,0.0,0.0,1.0,0.0,0.0
EVT00759,-0.5346290764341026,1.549538458657943,-0.4298630227675131,0.5501553311320931,-0.7542649754661083,-0.985243992977916,0.20790768384266695,0.0,0.0,1.0,0.0,0.0,1.0,0.0,0.0,0.0,0.0,0.0,0.0,0.0,0.0,1.0,0.0,0.0,0.0,0.0,0.0,0.0,1.0
EVT00760,1.6094459423138765,-0.46975697509050324,0.5125894023013345,0.5501553311320931,-0.0016724278835167973,0.10947155477532397,0.20790768384266695,0.0,0.0,1.0,0.0,0.0,1.0,0.0,0.0,1.0,0.0,0.0,0.0,0.0,0.0,0.0,0.0,0.0,0.0,0.0,1.0,0.0,0.0
EVT00761,-0.5346290764341026,1.1317531965030918,-0.4298630227675131,0.5501553311320931,-0.0016724278835167973,-0.985243992977916,0.1237912911888569,0.0,0.0,1.0,0.0,0.0,1.0,0.0,0.0,0.0,0.0,0.0,0.0,0.0,0.0,0.0,0.0,0.0,1.0,0.0,1.0,0.0,0.0
EVT00762,-0.5346290764341026,-1.0268039912969713,0.5125894023013345,0.5501553311320931,0.7509201196990747,0.10947155477532397,0.20790768384266695,0.0,0.0,1.0,0.0,1.0,0.0,0.0,0.0,0.0,0.0,0.0,0.0,0.0,0.0,0.0,0.0,1.0,0.0,0.0,0.0,0.0,1.0
EVT00763,-0.5346290764341026,1.44509214311923,-0.4298630227675131,0.5501553311320931,1.503512667281666,0.10947155477532397,0.292024076496477,0.0,0.0,1.0,0.0,0.0,0.0,0.0,1.0,0.0,0.0,0.0,0.0,0.0,0.0,0.0,0.0,0.0,1.0,0.0,1.0,0.0,0.0
EVT00764,-0.5346290764341026,1.3406458275805178,0.5125894023013345,0.5501553311320931,-0.7542649754661083,-0.985243992977916,0.7126060397655272,1.0,0.0,1.0,0.0,1.0,0.0,0.0,0.0,0.0,0.0,0.0,0.0,1.0,0.0,0.0,0.0,0.0,0.0,0.0,0.0,0.0,1.0
EVT00765,-0.5346290764341026,1.7236156512224643,-1.3723154478363608,0.5501553311320931,-0.7542649754661083,-0.985243992977916,0.7967224324193373,0.0,0.0,1.0,0.0,0.0,1.0,0.0,0.0,0.0,0.0,0.0,0.0,0.0,1.0,0.0,0.0,0.0,0.0,0.0,0.0,1.0,0.0
EVT00766,-0.5346290764341026,-0.12160258996146095,-1.3723154478363608,0.5501553311320931,-0.0016724278835167973,-0.985243992977916,0.1237912911888569,0.0,0.0,1.0,0.0,0.0,0.0,0.0,1.0,0.0,0.0,0.0,0.0,0.0,1.0,0.0,0.0,0.0,0.0,0.0,0.0,1.0,0.0
EVT00767,-0.5346290764341026,-1.2356966223743966,-1.3723154478363608,0.5501553311320931,-0.7542649754661083,-0.985243992977916,0.7126060397655272,0.0,0.0,1.0,0.0,0.0,1.0,0.0,0.0,0.0,0.0,1.0,0.0,0.0,0.0,0.0,0.0,0.0,0.0,0.0,1.0,0.0,0.0
EVT00768,-0.5346290764341026,0.6095216188095284,-0.4298630227675131,0.5501553311320931,0.7509201196990747,-0.985243992977916,0.20790768384266695,0.0,0.0,1.0,0.0,1.0,0.0,0.0,0.0,0.0,0.0,0.0,0.0,0.0,0.0,1.0,0.0,0.0,0.0,1.0,0.0,0.0,0.0
EVT00769,-0.5346290764341026,-0.01715627442274796,0.5125894023013345,0.6926826189901484,1.503512667281666,0.10947155477532397,0.20790768384266695,0.0,0.0,1.0,1.0,0.0,0.0,0.0,0.0,0.0,0.0,0.0,0.0,0.0,0.0,0.0,0.0,1.0,0.0,0.0,0.0,1.0,0.0
EVT00770,-0.5346290764341026,0.2613672336804859,-0.4298630227675131,0.6926826189901484,-0.7542649754661083,-0.985243992977916,0.20790768384266695,0.0,0.0,0.0,0.0,0.0,0.0,1.0,0.0,0.0,0.0,1.0,0.0,0.0,0.0,0.0,0.0,0.0,0.0,0.0,0.0,1.0,0.0
EVT00771,2.1454646970008713,0.9228605654256664,0.5125894023013345,0.6926826189901484,-1.5068575230486998,0.10947155477532397,-0.5491398500416235,0.0,0.0,1.0,0.0,1.0,0.0,0.0,0.0,0.0,1.0,0.0,0.0,0.0,0.0,0.0,0.0,0.0,0.0,1.0,0.0,0.0,0.0
EVT00772,-0.5346290764341026,-0.26086434401307773,1.4550418273701822,0.6926826189901484,-0.0016724278835167973,-0.985243992977916,0.7967224324193373,1.0,0.0,0.0,0.0,0.0,0.0,0.0,1.0,0.0,0.0,0.0,0.0,1.0,0.0,0.0,0.0,0.0,0.0,0.0,0.0,1.0,0.0
EVT00773,-0.5346290764341026,0.2265517951675815,1.4550418273701822,0.6926826189901484,-0.0016724278835167973,-0.985243992977916,0.20790768384266695,0.0,0.0,0.0,0.0,1.0,0.0,0.0,0.0,0.0,0.0,0.0,0.0,0.0,0.0,0.0,0.0,1.0,0.0,0.0,0.0,0.0,1.0
EVT00774,-0.5346290764341026,-1.270512060887301,-0.4298630227675131,0.6926826189901484,0.7509201196990747,-0.985243992977916,0.8808388250731473,0.0,0.0,1.0,0.0,0.0,1.0,0.0,0.0,0.0,0.0,0.0,0.0,0.0,1.0,0.0,0.0,0.0,0.0,0.0,0.0,1.0,0.0
EVT00775,-0.5346290764341026,-0.08678715144855652,0.5125894023013345,0.6926826189901484,-0.7542649754661083,-0.985243992977916,0.7967224324193373,0.0,0.0,0.0,0.0,0.0,0.0,1.0,0.0,0.0,0.0,0.0,0.0,0.0,0.0,0.0,0.0,1.0,0.0,1.0,0.0,0.0,0.0
EVT00776,-0.5346290764341026,-0.01715627442274796,1.4550418273701822,0.6926826189901484,0.7509201196990747,-0.985243992977916,0.292024076496477,0.0,0.0,1.0,0.0,0.0,1.0,0.0,0.0,0.0,0.0,0.0,0.0,0.0,0.0,0.0,0.0,1.0,0.0,0.0,0.0,0.0,1.0
EVT00777,-0.5346290764341026,1.2013840735289005,-1.3723154478363608,0.6926826189901484,-0.7542649754661083,-0.985243992977916,0.1237912911888569,0.0,0.0,0.0,0.0,1.0,0.0,0.0,0.0,0.0,0.0,0.0,0.0,0.0,1.0,0.0,0.0,0.0,0.0,0.0,0.0,1.0,0.0
EVT00778,-0.5346290764341026,-0.08678715144855652,1.4550418273701822,0.6926826189901484,-0.7542649754661083,0.10947155477532397,-0.5491398500416235,0.0,0.0,0.0,1.0,0.0,0.0,0.0,0.0,0.0,0.0,0.0,0.0,0.0,0.0,0.0,1.0,0.0,0.0,0.0,0.0,0.0,1.0
EVT00779,0.001389678252892188,-0.7482804831937373,-0.4298630227675131,0.6926826189901484,0.7509201196990747,0.10947155477532397,0.37614046915028704,0.0,0.0,1.0,0.0,0.0,1.0,0.0,0.0,0.0,0.0,0.0,1.0,0.0,0.0,0.0,0.0,0.0,0.0,0.0,0.0,1.0,0.0
EVT00780,1.9667917787718732,-1.6534818845292476,0.5125894023013345,0.6926826189901484,-0.7542649754661083,0.10947155477532397,0.7126060397655272,0.0,0.0,1.0,1.0,0.0,0.0,0.0,0.0,0.0,1.0,0.0,0.0,0.0,0.0,0.0,0.0,0.0,0.0,0.0,0.0,1.0,0.0
EVT00781,0.7160813511688852,-1.723112761555056,0.5125894023013345,0.8352099068482035,-0.0016724278835167973,1.204187102528564,0.7967224324193373,0.0,0.0,0.0,0.0,1.0,0.0,0.0,0.0,0.0,1.0,0.0,0.0,0.0,0.0,0.0,0.0,0.0,0.0,0.0,0.0,0.0,1.0
EVT00782,-0.5346290764341026,1.0621223194772835,0.5125894023013345,0.8352099068482035,-0.0016724278835167973,-0.985243992977916,0.7967224324193373,0.0,0.0,1.0,1.0,0.0,0.0,0.0,0.0,0.0,0.0,0.0,0.0,0.0,0.0,0.0,0.0,1.0,0.0,0.0,1.0,0.0,0.0
EVT00783,-0.5346290764341026,0.8880451269127623,1.4550418273701822,0.8352099068482035,-1.5068575230486998,-0.985243992977916,0.1237912911888569,0.0,0.0,1.0,0.0,0.0,1.0,0.0,0.0,0.0,0.0,0.0,0.0,0.0,0.0,0.0,1.0,0.0,0.0,1.0,0.0,0.0,0.0
EVT00784,-0.5346290764341026,0.9924914424514749,1.4550418273701822,0.8352099068482035,0.7509201196990747,0.10947155477532397,0.4602568618040971,1.0,0.0,0.0,1.0,0.0,0.0,0.0,0.0,0.0,0.0,0.0,0.0,1.0,0.0,0.0,0.0,0.0,0.0,0.0,0.0,0.0,1.0
EVT00785,-0.5346290764341026,-0.40012609806469485,-0.4298630227675131,0.8352099068482035,-0.7542649754661083,-0.985243992977916,0.03967489853504685,0.0,0.0,1.0,1.0,0.0,0.0,0.0,0.0,0.0,0.0,0.0,0.0,0.0,0.0,0.0,0.0,0.0,1.0,0.0,0.0,0.0,1.0
EVT00786,2.502810533458868,-0.574203290629216,1.4550418273701822,0.8352099068482035,-0.7542649754661083,0.10947155477532397,0.1237912911888569,0.0,0.0,1.0,0.0,1.0,0.0,0.0,0.0,1.0,0.0,0.0,0.0,0.0,0.0,0.0,0.0,0.0,0.0,0.0,0.0,1.0,0.0
EVT00787,2.502810533458868,0.12210547962886883,1.4550418273701822,0.8352099068482035,0.7509201196990747,1.204187102528564,0.4602568618040971,0.0,0.0,0.0,1.0,0.0,0.0,0.0,0.0,1.0,0.0,0.0,0.0,0.0,0.0,0.0,0.0,0.0,0.0,0.0,0.0,1.0,0.0
EVT00788,-0.5346290764341026,-0.9223576757582586,-0.4298630227675131,0.8352099068482035,-0.0016724278835167973,0.10947155477532397,0.20790768384266695,0.0,0.0,1.0,1.0,0.0,0.0,0.0,0.0,0.0,0.0,0.0,0.0,0.0,0.0,1.0,0.0,0.0,0.0,0.0,0.0,0.0,1.0
EVT00789,1.6094459423138765,0.15692091814177325,-0.4298630227675131,0.8352099068482035,0.7509201196990747,2.298902650281804,0.5443732544579071,0.0,0.0,1.0,0.0,0.0,1.0,0.0,0.0,0.0,0.0,0.0,1.0,0.0,0.0,0.0,0.0,0.0,0.0,0.0,1.0,0.0,0.0
EVT00790,-0.5346290764341026,-0.6786496061679288,0.5125894023013345,0.8352099068482035,-0.0016724278835167973,1.204187102528564,0.7967224324193373,0.0,0.0,1.0,0.0,0.0,1.0,0.0,0.0,0.0,0.0,0.0,0.0,0.0,0.0,0.0,1.0,0.0,0.0,0.0,1.0,0.0,0.0
EVT00791,-0.5346290764341026,1.4799075816321343,-0.4298630227675131,0.8352099068482035,1.503512667281666,2.298902650281804,0.5443732544579071,0.0,0.0,1.0,0.0,1.0,0.0,0.0,0.0,0.0,0.0,0.0,0.0,0.0,1.0,0.0,0.0,0.0,0.0,0.0,0.0,1.0,0.0
EVT00792,1.9667917787718732,-1.4794046919647263,0.5125894023013345,0.8352099068482035,1.503512667281666,2.298902650281804,0.6284896471117172,0.0,0.0,1.0,1.0,0.0,0.0,0.0,0.0,0.0,1.0,0.0,0.0,0.0,0.0,0.0,0.0,0.0,0.0,1.0,0.0,0.0,0.0
EVT00793,0.537408432939887,0.9924914424514749,0.5125894023013345,0.9777371947062587,0.7509201196990747,1.204187102528564,0.292024076496477,0.0,1.0,1.0,0.0,1.0,0.0,0.0,0.0,0.0,1.0,0.0,0.0,0.0,0.0,0.0,0.0,0.0,0.0,0.0,1.0,0.0,0.0
EVT00794,-0.5346290764341026,-1.2008811838614923,1.4550418273701822,0.9777371947062587,2.2561052148642577,2.298902650281804,0.6284896471117172,0.0,1.0,1.0,0.0,0.0,0.0,1.0,0.0,0.0,0.0,0.0,0.0,0.0,0.0,0.0,0.0,1.0,0.0,1.0,0.0,0.0,0.0
EVT00795,0.7160813511688852,0.3658135492191986,-0.4298630227675131,0.9777371947062587,-1.5068575230486998,0.10947155477532397,0.5443732544579071,0.0,1.0,1.0,0.0,0.0,0.0,1.0,0.0,0.0,0.0,0.0,1.0,0.0,0.0,0.0,0.0,0.0,0.0,0.0,0.0,1.0,0.0
EVT00796,-0.5346290764341026,0.2265517951675815,1.4550418273701822,0.9777371947062587,-0.7542649754661083,-0.985243992977916,0.7967224324193373,1.0,1.0,1.0,0.0,0.0,0.0,1.0,0.0,0.0,0.0,0.0,0.0,1.0,0.0,0.0,0.0,0.0,0.0,0.0,0.0,1.0,0.0
EVT00797,-0.5346290764341026,-1.583851007503439,-0.4298630227675131,0.9777371947062587,0.7509201196990747,1.204187102528564,0.20790768384266695,0.0,1.0,1.0,0.0,1.0,0.0,0.0,0.0,0.0,0.0,1.0,0.0,0.0,0.0,0.0,0.0,0.0,0.0,0.0,0.0,1.0,0.0
EVT00798,0.537408432939887,1.7236156512224643,-1.3723154478363608,0.9777371947062587,-1.5068575230486998,0.10947155477532397,-0.6332562426954335,0.0,1.0,1.0,0.0,1.0,0.0,0.0,0.0,0.0,0.0,0.0,1.0,0.0,0.0,0.0,0.0,0.0,0.0,1.0,0.0,0.0,0.0
EVT00799,-0.5346290764341026,1.7236156512224643,1.4550418273701822,0.9777371947062587,2.2561052148642577,2.298902650281804,0.7126060397655272,1.0,1.0,1.0,0.0,1.0,0.0,0.0,0.0,0.0,0.0,0.0,0.0,1.0,0.0,0.0,0.0,0.0,0.0,0.0,0.0,0.0,1.0
EVT00800,0.001389678252892188,0.7835988113740496,1.4550418273701822,0.9777371947062587,-0.7542649754661083,1.204187102528564,-0.5491398500416235,0.0,1.0,1.0,0.0,0.0,1.0,0.0,0.0,1.0,0.0,0.0,0.0,0.0,0.0,0.0,0.0,0.0,0.0,0.0,0.0,1.0,0.0
EVT00801,-0.5346290764341026,-0.9223576757582586,-1.3723154478363608,0.9777371947062587,2.2561052148642577,1.204187102528564,0.7967224324193373,0.0,1.0,1.0,0.0,0.0,0.0,0.0,1.0,0.0,0.0,0.0,0.0,0.0,0.0,0.0,0.0,0.0,1.0,1.0,0.0,0.0,0.0
EVT00802,0.8947542693978835,0.08729004111596471,-0.4298630227675131,0.9777371947062587,-0.7542649754661083,1.204187102528564,0.4602568618040971,0.0,1.0,1.0,0.0,1.0,0.0,0.0,0.0,0.0,0.0,0.0,1.0,0.0,0.0,0.0,0.0,0.0,0.0,0.0,0.0,1.0,0.0
EVT00803,2.6814834516878663,-0.15641802847436506,-1.3723154478363608,0.9777371947062587,-0.0016724278835167973,2.298902650281804,-0.5491398500416235,0.0,1.0,1.0,0.0,0.0,0.0,0.0,1.0,0.0,0.0,0.0,1.0,0.0,0.0,0.0,0.0,0.0,0.0,1.0,0.0,0.0,0.0
EVT00804,0.537408432939887,-1.0616194298098756,0.5125894023013345,0.9777371947062587,-0.0016724278835167973,2.298902650281804,0.5443732544579071,0.0,1.0,1.0,0.0,0.0,0.0,0.0,1.0,0.0,1.0,0.0,0.0,0.0,0.0,0.0,0.0,0.0,0.0,0.0,0.0,0.0,1.0
EVT00805,-0.5346290764341026,0.2265517951675815,-0.4298630227675131,1.120264482564314,0.7509201196990747,-0.985243992977916,0.8808388250731473,0.0,1.0,0.0,0.0,0.0,0.0,1.0,0.0,0.0,0.0,0.0,0.0,0.0,0.0,1.0,0.0,0.0,0.0,0.0,0.0,0.0,1.0
EVT00806,-0.5346290764341026,0.5398907417837199,-0.4298630227675131,1.120264482564314,-1.5068575230486998,-0.985243992977916,-0.12855788677257324,0.0,1.0,1.0,0.0,0.0,0.0,0.0,1.0,0.0,0.0,0.0,0.0,0.0,0.0,0.0,0.0,0.0,1.0,0.0,0.0,1.0,0.0
EVT00807,-0.5346290764341026,-1.4794046919647263,1.4550418273701822,1.120264482564314,0.7509201196990747,2.298902650281804,0.6284896471117172,0.0,1.0,1.0,0.0,0.0,0.0,0.0,1.0,0.0,0.0,0.0,0.0,0.0,0.0,0.0,1.0,0.0,0.0,0.0,0.0,1.0,0.0
EVT00808,-0.5346290764341026,-0.713465044680833,1.4550418273701822,1.120264482564314,-0.7542649754661083,-0.985243992977916,0.6284896471117172,1.0,1.0,1.0,0.0,1.0,0.0,0.0,0.0,0.0,0.0,0.0,0.0,1.0,0.0,0.0,0.0,0.0,0.0,0.0,1.0,0.0,0.0
EVT00809,-0.5346290764341026,-1.6186664460163434,1.4550418273701822,1.120264482564314,-0.7542649754661083,-0.985243992977916,0.7126060397655272,0.0,1.0,1.0,0.0,0.0,0.0,1.0,0.0,0.0,0.0,0.0,0.0,0.0,0.0,0.0,1.0,0.0,0.0,0.0,0.0,0.0,1.0
EVT00810,-0.5346290764341026,-0.22604890550017362,-0.4298630227675131,1.120264482564314,0.7509201196990747,2.298902650281804,-0.5491398500416235,0.0,1.0,0.0,0.0,0.0,0.0,0.0,1.0,0.0,0.0,0.0,0.0,0.0,0.0,0.0,0.0,0.0,1.0,0.0,1.0,0.0,0.0
EVT00811,-0.5346290764341026,0.2613672336804859,-1.3723154478363608,1.120264482564314,-0.0016724278835167973,-0.985243992977916,0.7126060397655272,0.0,1.0,1.0,0.0,0.0,0.0,1.0,0.0,0.0,0.0,0.0,0.0,0.0,0.0,1.0,0.0,0.0,0.0,0.0,0.0,1.0,0.0
EVT00812,-0.5346290764341026,0.679152495835337,0.5125894023013345,1.120264482564314,-1.5068575230486998,-0.985243992977916,0.1237912911888569,0.0,1.0,1.0,1.0,0.0,0.0,0.0,0.0,0.0,0.0,0.0,0.0,0.0,0.0,0.0,0.0,1.0,0.0,1.0,0.0,0.0,0.0
EVT00813,-0.5346290764341026,1.44509214311923,-1.3723154478363608,1.120264482564314,-0.0016724278835167973,0.10947155477532397,-0.4650234573878134,0.0,1.0,1.0,0.0,0.0,0.0,0.0,1.0,0.0,0.0,0.0,0.0,0.0,1.0,0.0,0.0,0.0,0.0,0.0,1.0,0.0,0.0
EVT00814,-0.5346290764341026,0.5050753032708157,-0.4298630227675131,1.120264482564314,0.7509201196990747,1.204187102528564,0.7126060397655272,0.0,1.0,1.0,1.0,0.0,0.0,0.0,0.0,0.0,0.0,0.0,0.0,0.0,0.0,1.0,0.0,0.0,0.0,0.0,0.0,1.0,0.0
EVT00815,-0.5346290764341026,-0.5393878521163118,-1.3723154478363608,1.120264482564314,-0.7542649754661083,-0.985243992977916,-0.29679067208019333,0.0,1.0,1.0,0.0,0.0,0.0,0.0,1.0,0.0,0.0,0.0,0.0,0.0,0.0,1.0,0.0,0.0,0.0,1.0,0.0,0.0,0.0
EVT00816,-0.5346290764341026,0.1917363566546774,-1.3723154478363608,1.120264482564314,-0.7542649754661083,-0.985243992977916,0.8808388250731473,0.0,1.0,1.0,0.0,0.0,1.0,0.0,0.0,0.0,0.0,0.0,0.0,0.0,1.0,0.0,0.0,0.0,0.0,0.0,0.0,0.0,1.0
EVT00817,-0.5346290764341026,-0.434941536577599,-1.3723154478363608,1.2627917704223692,-0.0016724278835167973,-0.985243992977916,-0.21267427942638328,0.0,1.0,1.0,0.0,0.0,0.0,1.0,0.0,0.0,0.0,1.0,0.0,0.0,0.0,0.0,0.0,0.0,0.0,0.0,1.0,0.0,0.0
EVT00818,1.4307730240848784,-1.688297323042152,0.5125894023013345,1.2627917704223692,-0.7542649754661083,0.10947155477532397,0.20790768384266695,0.0,1.0,1.0,0.0,1.0,0.0,0.0,0.0,0.0,1.0,0.0,0.0,0.0,0.0,0.0,0.0,0.0,0.0,0.0,1.0,0.0,0.0
EVT00819,0.18006259648189046,-1.0964348683227798,0.5125894023013345,1.2627917704223692,-0.0016724278835167973,0.10947155477532397,0.7126060397655272,0.0,1.0,1.0,0.0,0.0,0.0,0.0,1.0,0.0,1.0,0.0,0.0,0.0,0.0,0.0,0.0,0.0,0.0,1.0,0.0,0.0,0.0
EVT00820,-0.5346290764341026,0.47025986475791126,-0.4298630227675131,1.2627917704223692,-0.7542649754661083,-0.985243992977916,0.9649552177269574,0.0,1.0,1.0,1.0,0.0,0.0,0.0,0.0,0.0,0.0,0.0,0.0,0.0,0.0,1.0,0.0,0.0,0.0,0.0,1.0,0.0,0.0
EVT00821,-0.5346290764341026,-0.6438341676550244,1.4550418273701822,1.2627917704223692,-0.0016724278835167973,-0.985243992977916,-0.29679067208019333,0.0,1.0,1.0,0.0,0.0,1.0,0.0,0.0,0.0,0.0,0.0,0.0,0.0,0.0,0.0,1.0,0.0,0.0,1.0,0.0,0.0,0.0
EVT00822,-0.5346290764341026,-0.22604890550017362,-1.3723154478363608,1.2627917704223692,-0.0016724278835167973,0.10947155477532397,0.20790768384266695,0.0,1.0,1.0,0.0,1.0,0.0,0.0,0.0,0.0,0.0,0.0,0.0,0.0,0.0,1.0,0.0,0.0,0.0,1.0,0.0,0.0,0.0
EVT00823,-0.5346290764341026,-0.8527267987324499,-0.4298630227675131,1.2627917704223692,-0.7542649754661083,-0.985243992977916,0.5443732544579071,0.0,1.0,1.0,0.0,0.0,1.0,0.0,0.0,0.0,0.0,0.0,0.0,0.0,0.0,1.0,0.0,0.0,0.0,0.0,0.0,1.0,0.0
EVT00824,-0.5346290764341026,0.713967934348241,0.5125894023013345,1.2627917704223692,0.7509201196990747,-0.985243992977916,-0.21267427942638328,0.0,1.0,0.0,0.0,1.0,0.0,0.0,0.0,0.0,0.0,0.0,0.0,0.0,0.0,0.0,1.0,0.0,0.0,1.0,0.0,0.0,0.0
EVT00825,-0.5346290764341026,0.47025986475791126,0.5125894023013345,1.2627917704223692,-0.0016724278835167973,0.10947155477532397,0.6284896471117172,0.0,1.0,1.0,1.0,0.0,0.0,0.0,0.0,0.0,0.0,0.0,0.0,0.0,0.0,0.0,0.0,1.0,0.0,1.0,0.0,0.0,0.0
EVT00826,-0.5346290764341026,-1.1312503068356838,-1.3723154478363608,1.2627917704223692,1.503512667281666,-0.985243992977916,-0.12855788677257324,0.0,1.0,1.0,0.0,1.0,0.0,0.0,0.0,0.0,0.0,0.0,0.0,0.0,0.0,1.0,0.0,0.0,0.0,0.0,0.0,1.0,0.0
EVT00827,0.7160813511688852,-1.2356966223743966,-1.3723154478363608,1.2627917704223692,-0.0016724278835167973,0.10947155477532397,0.8808388250731473,0.0,1.0,1.0,0.0,0.0,0.0,0.0,1.0,0.0,0.0,0.0,1.0,0.0,0.0,0.0,0.0,0.0,0.0,1.0,0.0,0.0,0.0
EVT00828,2.6814834516878663,-0.5393878521163118,0.5125894023013345,1.2627917704223692,-1.5068575230486998,0.10947155477532397,-0.6332562426954335,0.0,1.0,0.0,0.0,1.0,0.0,0.0,0.0,0.0,1.0,0.0,0.0,0.0,0.0,0.0,0.0,0.0,0.0,0.0,1.0,0.0,0.0
EVT00829,-0.5346290764341026,-1.6186664460163434,-0.4298630227675131,1.4053190582804245,-0.7542649754661083,-0.985243992977916,0.4602568618040971,0.0,1.0,1.0,1.0,0.0,0.0,0.0,0.0,0.0,0.0,0.0,0.0,0.0,0.0,1.0,0.0,0.0,0.0,0.0,1.0,0.0,0.0
EVT00830,-0.5346290764341026,-0.9223576757582586,1.4550418273701822,1.4053190582804245,-0.7542649754661083,0.10947155477532397,-0.5491398500416235,0.0,1.0,1.0,1.0,0.0,0.0,0.0,0.0,0.0,0.0,0.0,0.0,0.0,0.0,0.0,1.0,0.0,0.0,0.0,0.0,0.0,1.0
EVT00831,-0.5346290764341026,-0.08678715144855652,-1.3723154478363608,1.4053190582804245,0.7509201196990747,-0.985243992977916,-0.0444414941187632,0.0,1.0,1.0,0.0,0.0,1.0,0.0,0.0,0.0,0.0,1.0,0.0,0.0,0.0,0.0,0.0,0.0,0.0,0.0,1.0,0.0,0.0
EVT00832,0.7160813511688852,1.549538458657943,0.5125894023013345,1.4053190582804245,-0.7542649754661083,0.10947155477532397,0.292024076496477,0.0,1.0,0.0,0.0,0.0,1.0,0.0,0.0,0.0,1.0,0.0,0.0,0.0,0.0,0.0,0.0,0.0,0.0,0.0,0.0,1.0,0.0
EVT00833,-0.5346290764341026,0.8880451269127623,-1.3723154478363608,1.4053190582804245,-0.0016724278835167973,0.10947155477532397,-0.5491398500416235,0.0,1.0,1.0,0.0,0.0,1.0,0.0,0.0,0.0,0.0,0.0,0.0,0.0,1.0,0.0,0.0,0.0,0.0,0.0,0.0,0.0,1.0
EVT00834,-0.5346290764341026,0.7835988113740496,1.4550418273701822,1.4053190582804245,-0.0016724278835167973,-0.985243992977916,0.37614046915028704,0.0,1.0,1.0,1.0,0.0,0.0,0.0,0.0,0.0,0.0,0.0,0.0,0.0,0.0,0.0,0.0,1.0,0.0,0.0,0.0,1.0,0.0
EVT00835,1.7881188605428748,-0.7482804831937373,-0.4298630227675131,1.4053190582804245,0.7509201196990747,0.10947155477532397,-0.0444414941187632,0.0,1.0,1.0,0.0,0.0,0.0,1.0,0.0,0.0,0.0,0.0,1.0,0.0,0.0,0.0,0.0,0.0,0.0,0.0,0.0,1.0,0.0
EVT00836,-0.5346290764341026,-1.1312503068356838,1.4550418273701822,1.4053190582804245,-0.7542649754661083,0.10947155477532397,0.37614046915028704,0.0,1.0,1.0,0.0,0.0,1.0,0.0,0.0,0.0,0.0,0.0,0.0,0.0,0.0,0.0,0.0,1.0,0.0,0.0,0.0,1.0,0.0
EVT00837,-0.5346290764341026,-0.8527267987324499,-0.4298630227675131,1.4053190582804245,0.7509201196990747,0.10947155477532397,-0.4650234573878134,0.0,1.0,0.0,0.0,0.0,0.0,0.0,1.0,0.0,0.0,0.0,0.0,0.0,0.0,1.0,0.0,0.0,0.0,0.0,1.0,0.0,0.0
EVT00838,-0.5346290764341026,-0.46975697509050324,0.5125894023013345,1.4053190582804245,-0.0016724278835167973,-0.985243992977916,0.20790768384266695,1.0,1.0,0.0,0.0,0.0,0.0,1.0,0.0,0.0,0.0,0.0,0.0,1.0,0.0,0.0,0.0,0.0,0.0,0.0,0.0,1.0,0.0
EVT00839,-0.1772832399761061,1.6888002127095603,-1.3723154478363608,1.4053190582804245,1.503512667281666,1.204187102528564,-0.3809070647340034,0.0,1.0,1.0,0.0,0.0,0.0,1.0,0.0,0.0,0.0,0.0,1.0,0.0,0.0,0.0,0.0,0.0,0.0,0.0,1.0,0.0,0.0
EVT00840,0.3587355147108887,-0.713465044680833,0.5125894023013345,1.4053190582804245,-1.5068575230486998,0.10947155477532397,0.7967224324193373,0.0,1.0,1.0,1.0,0.0,0.0,0.0,0.0,0.0,1.0,0.0,0.0,0.0,0.0,0.0,0.0,0.0,0.0,0.0,0.0,1.0,0.0
EVT00841,-0.35595615820510434,-0.713465044680833,1.4550418273701822,1.5478463461384797,-0.7542649754661083,1.204187102528564,0.7967224324193373,0.0,1.0,1.0,0.0,0.0,1.0,0.0,0.0,1.0,0.0,0.0,0.0,0.0,0.0,0.0,0.0,0.0,0.0,0.0,0.0,1.0,0.0
EVT00842,-0.5346290764341026,-0.26086434401307773,-0.4298630227675131,1.5478463461384797,-0.0016724278835167973,1.204187102528564,0.8808388250731473,0.0,1.0,1.0,0.0,1.0,0.0,0.0,0.0,0.0,0.0,0.0,0.0,0.0,1.0,0.0,0.0,0.0,0.0,1.0,0.0,0.0,0.0
EVT00843,-0.5346290764341026,-0.01715627442274796,0.5125894023013345,1.5478463461384797,-1.5068575230486998,-0.985243992977916,0.4602568618040971,0.0,1.0,0.0,0.0,0.0,0.0,1.0,0.0,0.0,0.0,0.0,0.0,0.0,0.0,0.0,1.0,0.0,0.0,0.0,1.0,0.0,0.0
EVT00844,-0.5346290764341026,0.679152495835337,-0.4298630227675131,1.5478463461384797,-0.7542649754661083,0.10947155477532397,-0.0444414941187632,0.0,1.0,1.0,0.0,1.0,0.0,0.0,0.0,0.0,0.0,0.0,0.0,0.0,0.0,0.0,0.0,0.0,1.0,0.0,0.0,1.0,0.0
EVT00845,-0.5346290764341026,0.5398907417837199,-0.4298630227675131,1.5478463461384797,-0.0016724278835167973,0.10947155477532397,0.03967489853504685,0.0,1.0,1.0,0.0,0.0,0.0,0.0,1.0,0.0,0.0,1.0,0.0,0.0,0.0,0.0,0.0,0.0,0.0,0.0,1.0,0.0,0.0
EVT00846,-0.5346290764341026,1.44509214311923,0.5125894023013345,1.5478463461384797,-0.7542649754661083,-0.985243992977916,0.292024076496477,0.0,1.0,1.0,0.0,1.0,0.0,0.0,0.0,0.0,0.0,0.0,0.0,0.0,0.0,0.0,0.0,1.0,0.0,0.0,1.0,0.0,0.0
EVT00847,1.25210010585588,-0.3653106595517906,-0.4298630227675131,1.5478463461384797,-0.7542649754661083,0.10947155477532397,0.292024076496477,0.0,1.0,1.0,0.0,0.0,0.0,0.0,1.0,0.0,0.0,0.0,1.0,0.0,0.0,0.0,0.0,0.0,0.0,0.0,0.0,1.0,0.0
EVT00848,2.8601563699168646,0.8184142498869538,0.5125894023013345,1.5478463461384797,-0.0016724278835167973,1.204187102528564,0.292024076496477,0.0,1.0,1.0,0.0,0.0,0.0,1.0,0.0,0.0,1.0,0.0,0.0,0.0,0.0,0.0,0.0,0.0,0.0,0.0,0.0,0.0,1.0
EVT00849,-0.5346290764341026,-0.6090187291421202,-0.4298630227675131,1.5478463461384797,-0.7542649754661083,-0.985243992977916,0.37614046915028704,0.0,1.0,0.0,0.0,0.0,0.0,0.0,1.0,0.0,0.0,0.0,0.0,0.0,0.0,1.0,0.0,0.0,0.0,1.0,0.0,0.0,0.0
EVT00850,-0.5346290764341026,1.7236156512224643,1.4550418273701822,1.5478463461384797,-0.0016724278835167973,-0.985243992977916,0.03967489853504685,0.0,1.0,1.0,0.0,0.0,0.0,1.0,0.0,0.0,0.0,0.0,0.0,0.0,0.0,0.0,0.0,1.0,0.0,1.0,0.0,0.0,0.0
EVT00851,-0.5346290764341026,-0.8527267987324499,-1.3723154478363608,1.5478463461384797,-0.0016724278835167973,1.204187102528564,0.37614046915028704,0.0,1.0,1.0,0.0,0.0,0.0,0.0,1.0,0.0,0.0,0.0,0.0,0.0,1.0,0.0,0.0,0.0,0.0,0.0,1.0,0.0,0.0
EVT00852,-0.5346290764341026,-1.0964348683227798,-1.3723154478363608,1.5478463461384797,0.7509201196990747,1.204187102528564,0.37614046915028704,0.0,1.0,0.0,0.0,0.0,0.0,1.0,0.0,0.0,0.0,1.0,0.0,0.0,0.0,0.0,0.0,0.0,0.0,0.0,0.0,1.0,0.0
EVT00853,-0.5346290764341026,-1.583851007503439,-0.4298630227675131,1.690373633996535,1.503512667281666,1.204187102528564,0.4602568618040971,0.0,1.0,1.0,0.0,0.0,0.0,1.0,0.0,0.0,0.0,0.0,0.0,0.0,0.0,0.0,0.0,0.0,1.0,0.0,1.0,0.0,0.0
EVT00854,-0.5346290764341026,-0.9223576757582586,1.4550418273701822,1.690373633996535,0.7509201196990747,-0.985243992977916,0.1237912911888569,0.0,1.0,1.0,0.0,1.0,0.0,0.0,0.0,0.0,0.0,0.0,0.0,0.0,0.0,0.0,1.0,0.0,0.0,0.0,0.0,1.0,0.0
EVT00855,-0.5346290764341026,-0.22604890550017362,-1.3723154478363608,1.690373633996535,-1.5068575230486998,-0.985243992977916,-0.5491398500416235,0.0,1.0,0.0,1.0,0.0,0.0,0.0,0.0,0.0,0.0,0.0,0.0,0.0,0.0,0.0,0.0,0.0,1.0,0.0,1.0,0.0,0.0
EVT00856,-0.5346290764341026,-1.4794046919647263,-0.4298630227675131,1.690373633996535,2.2561052148642577,1.204187102528564,0.5443732544579071,0.0,1.0,1.0,0.0,0.0,0.0,0.0,1.0,0.0,0.0,0.0,0.0,0.0,0.0,0.0,0.0,0.0,1.0,0.0,0.0,0.0,1.0
EVT00857,-0.5346290764341026,-1.723112761555056,0.5125894023013345,1.690373633996535,-0.7542649754661083,-0.985243992977916,-0.4650234573878134,0.0,1.0,1.0,0.0,0.0,0.0,0.0,1.0,0.0,0.0,0.0,0.0,0.0,0.0,0.0,0.0,1.0,0.0,0.0,0.0,1.0,0.0
EVT00858,-0.5346290764341026,0.8184142498869538,-1.3723154478363608,1.690373633996535,-0.0016724278835167973,-0.985243992977916,0.20790768384266695,0.0,1.0,1.0,0.0,1.0,0.0,0.0,0.0,0.0,0.0,0.0,0.0,0.0,0.0,1.0,0.0,0.0,0.0,0.0,1.0,0.0,0.0
EVT00859,-0.5346290764341026,1.410276704606326,-0.4298630227675131,1.690373633996535,-1.5068575230486998,-0.985243992977916,0.292024076496477,0.0,1.0,1.0,0.0,0.0,1.0,0.0,0.0,0.0,0.0,0.0,0.0,0.0,0.0,0.0,0.0,0.0,1.0,1.0,0.0,0.0,0.0
EVT00860,0.3587355147108887,0.7835988113740496,1.4550418273701822,1.690373633996535,-0.7542649754661083,0.10947155477532397,0.37614046915028704,0.0,1.0,1.0,0.0,0.0,1.0,0.0,0.0,1.0,0.0,0.0,0.0,0.0,0.0,0.0,0.0,0.0,0.0,0.0,0.0,1.0,0.0
EVT00861,3.038829288145863,0.1917363566546774,0.5125894023013345,1.690373633996535,-0.0016724278835167973,0.10947155477532397,-0.3809070647340034,0.0,1.0,0.0,0.0,0.0,1.0,0.0,0.0,1.0,0.0,0.0,0.0,0.0,0.0,0.0,0.0,0.0,0.0,0.0,0.0,1.0,0.0
EVT00862,-0.5346290764341026,0.9228605654256664,-0.4298630227675131,1.690373633996535,0.7509201196990747,0.10947155477532397,-0.29679067208019333,0.0,1.0,1.0,0.0,0.0,0.0,1.0,0.0,0.0,0.0,0.0,0.0,0.0,0.0,1.0,0.0,0.0,0.0,0.0,1.0,0.0,0.0
EVT00863,-0.5346290764341026,-0.9223576757582586,0.5125894023013345,1.690373633996535,1.503512667281666,0.10947155477532397,-0.21267427942638328,0.0,1.0,0.0,0.0,0.0,0.0,0.0,1.0,0.0,0.0,0.0,0.0,0.0,0.0,0.0,0.0,1.0,0.0,0.0,1.0,0.0,0.0
EVT00864,0.3587355147108887,0.679152495835337,-1.3723154478363608,1.690373633996535,0.7509201196990747,0.10947155477532397,0.5443732544579071,0.0,1.0,1.0,0.0,0.0,0.0,0.0,1.0,0.0,0.0,0.0,1.0,0.0,0.0,0.0,0.0,0.0,0.0,0.0,1.0,0.0,0.0
EVT00865,-0.35595615820510434,-0.5045724136034075,0.5125894023013345,-1.5877539867387354,0.7509201196990747,1.204187102528564,0.6284896471117172,0.0,1.0,1.0,1.0,0.0,0.0,0.0,0.0,1.0,0.0,0.0,0.0,0.0,0.0,0.0,0.0,0.0,0.0,0.0,1.0,0.0,0.0
EVT00866,-0.5346290764341026,-0.19123346698726917,0.5125894023013345,-1.5877539867387354,2.2561052148642577,0.10947155477532397,-0.12855788677257324,1.0,1.0,1.0,0.0,0.0,0.0,1.0,0.0,0.0,0.0,0.0,0.0,1.0,0.0,0.0,0.0,0.0,0.0,1.0,0.0,0.0,0.0
EVT00867,-0.5346290764341026,-0.19123346698726917,-1.3723154478363608,-1.5877539867387354,-0.7542649754661083,-0.985243992977916,0.20790768384266695,0.0,1.0,0.0,0.0,1.0,0.0,0.0,0.0,0.0,0.0,1.0,0.0,0.0,0.0,0.0,0.0,0.0,0.0,0.0,0.0,1.0,0.0
EVT00868,-0.5346290764341026,0.2613672336804859,1.4550418273701822,-1.5877539867387354,-0.0016724278835167973,0.10947155477532397,0.292024076496477,0.0,1.0,0.0,1.0,0.0,0.0,0.0,0.0,0.0,0.0,0.0,0.0,0.0,0.0,0.0,1.0,0.0,0.0,0.0,1.0,0.0,0.0
EVT00869,2.502810533458868,1.305830389067613,-0.4298630227675131,-1.5877539867387354,-0.0016724278835167973,0.10947155477532397,0.20790768384266695,0.0,1.0,1.0,0.0,1.0,0.0,0.0,0.0,0.0,0.0,0.0,1.0,0.0,0.0,0.0,0.0,0.0,0.0,0.0,0.0,1.0,0.0
EVT00870,-0.5346290764341026,-1.3401429379131093,-1.3723154478363608,-1.5877539867387354,-0.0016724278835167973,1.204187102528564,0.6284896471117172,0.0,1.0,0.0,1.0,0.0,0.0,0.0,0.0,0.0,0.0,1.0,0.0,0.0,0.0,0.0,0.0,0.0,0.0,0.0,0.0,1.0,0.0
EVT00871,-0.5346290764341026,0.15692091814177325,1.4550418273701822,-1.5877539867387354,0.7509201196990747,0.10947155477532397,0.37614046915028704,0.0,1.0,1.0,0.0,0.0,0.0,1.0,0.0,0.0,0.0,0.0,0.0,0.0,0.0,0.0,1.0,0.0,0.0,0.0,0.0,1.0,0.0
EVT00872,1.4307730240848784,0.6443370573224325,1.4550418273701822,-1.5877539867387354,1.503512667281666,1.204187102528564,-0.12855788677257324,0.0,1.0,1.0,0.0,0.0,0.0,0.0,1.0,1.0,0.0,0.0,0.0,0.0,0.0,0.0,0.0,0.0,0.0,0.0,0.0,0.0,1.0
EVT00873,-0.5346290764341026,-0.9223576757582586,0.5125894023013345,-1.5877539867387354,-0.0016724278835167973,-0.985243992977916,0.4602568618040971,0.0,1.0,1.0,0.0,1.0,0.0,0.0,0.0,0.0,0.0,0.0,0.0,0.0,0.0,0.0,0.0,1.0,0.0,1.0,0.0,0.0,0.0
EVT00874,-0.5346290764341026,1.3406458275805178,-1.3723154478363608,-1.5877539867387354,1.503512667281666,0.10947155477532397,-0.21267427942638328,0.0,1.0,1.0,0.0,0.0,0.0,0.0,1.0,0.0,0.0,0.0,0.0,0.0,0.0,0.0,0.0,0.0,1.0,1.0,0.0,0.0,0.0
EVT00875,-0.5346290764341026,1.305830389067613,1.4550418273701822,-1.5877539867387354,0.7509201196990747,1.204187102528564,0.6284896471117172,0.0,1.0,1.0,0.0,1.0,0.0,0.0,0.0,0.0,0.0,0.0,0.0,0.0,0.0,0.0,1.0,0.0,0.0,0.0,0.0,0.0,1.0
EVT00876,-0.5346290764341026,1.0273068809643795,0.5125894023013345,-1.5877539867387354,-0.0016724278835167973,0.10947155477532397,0.20790768384266695,0.0,1.0,1.0,0.0,0.0,0.0,1.0,0.0,0.0,0.0,0.0,0.0,0.0,0.0,0.0,1.0,0.0,0.0,1.0,0.0,0.0,0.0
EVT00877,-0.5346290764341026,0.574706180296624,-0.4298630227675131,-1.4452266988806801,0.7509201196990747,0.10947155477532397,-0.12855788677257324,0.0,1.0,0.0,0.0,0.0,0.0,0.0,1.0,0.0,0.0,1.0,0.0,0.0,0.0,0.0,0.0,0.0,0.0,1.0,0.0,0.0,0.0
EVT00878,-0.5346290764341026,-1.4794046919647263,-1.3723154478363608,-1.4452266988806801,0.7509201196990747,-0.985243992977916,0.4602568618040971,0.0,1.0,1.0,0.0,0.0,1.0,0.0,0.0,0.0,0.0,0.0,0.0,0.0,0.0,0.0,0.0,0.0,1.0,0.0,0.0,1.0,0.0
EVT00879,-0.5346290764341026,-1.0268039912969713,-1.3723154478363608,-1.4452266988806801,1.503512667281666,-0.985243992977916,0.4602568618040971,0.0,1.0,1.0,1.0,0.0,0.0,0.0,0.0,0.0,0.0,0.0,0.0,0.0,1.0,0.0,0.0,0.0,0.0,0.0,0.0,1.0,0.0
EVT00880,-0.5346290764341026,1.4799075816321343,1.4550418273701822,-1.4452266988806801,-0.0016724278835167973,0.10947155477532397,0.292024076496477,0.0,1.0,0.0,1.0,0.0,0.0,0.0,0.0,0.0,0.0,0.0,0.0,0.0,0.0,0.0,0.0,1.0,0.0,0.0,0.0,1.0,0.0
EVT00881,-0.5346290764341026,-1.6186664460163434,-1.3723154478363608,-1.4452266988806801,0.7509201196990747,1.204187102528564,-0.0444414941187632,0.0,1.0,1.0,0.0,0.0,0.0,0.0,1.0,0.0,0.0,0.0,1.0,0.0,0.0,0.0,0.0,0.0,0.0,1.0,0.0,0.0,0.0
EVT00882,-0.5346290764341026,0.6095216188095284,1.4550418273701822,-1.4452266988806801,-1.5068575230486998,-0.985243992977916,0.1237912911888569,1.0,1.0,0.0,1.0,0.0,0.0,0.0,0.0,0.0,0.0,0.0,0.0,1.0,0.0,0.0,0.0,0.0,0.0,0.0,0.0,0.0,1.0
EVT00883,-0.5346290764341026,-1.2008811838614923,-1.3723154478363608,-1.4452266988806801,-0.0016724278835167973,-0.985243992977916,0.20790768384266695,0.0,1.0,0.0,0.0,0.0,1.0,0.0,0.0,0.0,0.0,1.0,0.0,0.0,0.0,0.0,0.0,0.0,0.0,1.0,0.0,0.0,0.0
EVT00884,-0.5346290764341026,-0.8527267987324499,-0.4298630227675131,-1.4452266988806801,1.503512667281666,1.204187102528564,0.03967489853504685,0.0,1.0,0.0,0.0,0.0,0.0,1.0,0.0,0.0,0.0,0.0,0.0,0.0,0.0,0.0,0.0,0.0,1.0,0.0,0.0,1.0,0.0
EVT00885,-0.5346290764341026,0.017659164090156162,-0.4298630227675131,-1.4452266988806801,-0.7542649754661083,-0.985243992977916,0.1237912911888569,0.0,1.0,0.0,0.0,0.0,0.0,0.0,1.0,0.0,0.0,1.0,0.0,0.0,0.0,0.0,0.0,0.0,0.0,0.0,1.0,0.0,0.0
EVT00886,-0.5346290764341026,-0.713465044680833,1.4550418273701822,-1.4452266988806801,1.503512667281666,0.10947155477532397,0.03967489853504685,1.0,1.0,1.0,0.0,0.0,1.0,0.0,0.0,0.0,0.0,0.0,0.0,1.0,0.0,0.0,0.0,0.0,0.0,0.0,0.0,0.0,1.0
EVT00887,-0.5346290764341026,-1.1312503068356838,-1.3723154478363608,-1.4452266988806801,-0.0016724278835167973,-0.985243992977916,0.4602568618040971,0.0,1.0,1.0,0.0,0.0,1.0,0.0,0.0,0.0,0.0,0.0,0.0,0.0,0.0,0.0,0.0,0.0,1.0,1.0,0.0,0.0,0.0
EVT00888,-0.5346290764341026,-1.3401429379131093,-1.3723154478363608,-1.4452266988806801,-1.5068575230486998,-0.985243992977916,0.5443732544579071,0.0,1.0,1.0,1.0,0.0,0.0,0.0,0.0,0.0,0.0,1.0,0.0,0.0,0.0,0.0,0.0,0.0,0.0,0.0,1.0,0.0,0.0
EVT00889,-0.5346290764341026,-0.6090187291421202,-0.4298630227675131,-1.3026994110226249,-0.0016724278835167973,-0.985243992977916,0.292024076496477,0.0,1.0,0.0,0.0,0.0,0.0,1.0,0.0,0.0,0.0,0.0,0.0,0.0,1.0,0.0,0.0,0.0,0.0,0.0,1.0,0.0,0.0
EVT00890,1.6094459423138765,0.713967934348241,0.5125894023013345,-1.3026994110226249,0.7509201196990747,1.204187102528564,0.03967489853504685,0.0,1.0,1.0,0.0,0.0,0.0,1.0,0.0,0.0,1.0,0.0,0.0,0.0,0.0,0.0,0.0,0.0,0.0,0.0,0.0,1.0,0.0
EVT00891,-0.5346290764341026,0.9924914424514749,0.5125894023013345,-1.3026994110226249,-0.0016724278835167973,-0.985243992977916,0.1237912911888569,0.0,1.0,1.0,0.0,1.0,0.0,0.0,0.0,0.0,0.0,0.0,0.0,0.0,0.0,0.0,0.0,1.0,0.0,0.0,1.0,0.0,0.0
EVT00892,-0.5346290764341026,-1.1312503068356838,0.5125894023013345,-1.3026994110226249,0.7509201196990747,-0.985243992977916,0.292024076496477,1.0,1.0,0.0,0.0,0.0,0.0,0.0,1.0,0.0,0.0,0.0,0.0,1.0,0.0,0.0,0.0,0.0,0.0,1.0,0.0,0.0,0.0
EVT00893,0.537408432939887,-0.5393878521163118,0.5125894023013345,-1.3026994110226249,-1.5068575230486998,0.10947155477532397,0.03967489853504685,0.0,1.0,1.0,0.0,0.0,1.0,0.0,0.0,0.0,1.0,0.0,0.0,0.0,0.0,0.0,0.0,0.0,0.0,0.0,0.0,0.0,1.0
EVT00894,1.7881188605428748,0.47025986475791126,0.5125894023013345,-1.3026994110226249,-0.7542649754661083,0.10947155477532397,0.4602568618040971,0.0,1.0,0.0,1.0,0.0,0.0,0.0,0.0,0.0,1.0,0.0,0.0,0.0,0.0,0.0,0.0,0.0,0.0,0.0,1.0,0.0,0.0
EVT00895,0.537408432939887,0.2265517951675815,0.5125894023013345,-1.3026994110226249,0.7509201196990747,1.204187102528564,0.03967489853504685,0.0,1.0,1.0,0.0,0.0,0.0,0.0,1.0,0.0,1.0,0.0,0.0,0.0,0.0,0.0,0.0,0.0,0.0,1.0,0.0,0.0,0.0
EVT00896,2.3241376152298696,0.7487833728611452,0.5125894023013345,-1.3026994110226249,-0.0016724278835167973,0.10947155477532397,0.37614046915028704,0.0,1.0,1.0,1.0,0.0,0.0,0.0,0.0,1.0,0.0,0.0,0.0,0.0,0.0,0.0,0.0,0.0,0.0,1.0,0.0,0.0,0.0
EVT00897,-0.5346290764341026,0.679152495835337,-0.4298630227675131,-1.3026994110226249,0.7509201196990747,0.10947155477532397,0.4602568618040971,0.0,1.0,0.0,0.0,1.0,0.0,0.0,0.0,0.0,0.0,0.0,0.0,0.0,0.0,0.0,0.0,0.0,1.0,0.0,1.0,0.0,0.0
EVT00898,3.038829288145863,-1.688297323042152,0.5125894023013345,-1.3026994110226249,-0.7542649754661083,0.10947155477532397,0.5443732544579071,0.0,1.0,1.0,0.0,0.0,1.0,0.0,0.0,1.0,0.0,0.0,0.0,0.0,0.0,0.0,0.0,0.0,0.0,0.0,0.0,0.0,1.0
EVT00899,1.25210010585588,0.29618267219339006,0.5125894023013345,-1.3026994110226249,-0.0016724278835167973,1.204187102528564,0.5443732544579071,0.0,1.0,1.0,0.0,1.0,0.0,0.0,0.0,0.0,1.0,0.0,0.0,0.0,0.0,0.0,0.0,0.0,0.0,1.0,0.0,0.0,0.0
EVT00900,0.537408432939887,1.1317531965030918,-1.3723154478363608,-1.3026994110226249,1.503512667281666,1.204187102528564,0.4602568618040971,0.0,1.0,1.0,0.0,0.0,0.0,0.0,1.0,0.0,0.0,0.0,1.0,0.0,0.0,0.0,0.0,0.0,0.0,0.0,0.0,1.0,0.0
EVT00901,-0.5346290764341026,-0.40012609806469485,-1.3723154478363608,-1.1601721231645696,-0.7542649754661083,0.10947155477532397,0.03967489853504685,0.0,1.0,1.0,0.0,0.0,1.0,0.0,0.0,0.0,0.0,0.0,0.0,0.0,0.0,1.0,0.0,0.0,0.0,1.0,0.0,0.0,0.0
EVT00902,-0.5346290764341026,-0.8527267987324499,0.5125894023013345,-1.1601721231645696,-0.0016724278835167973,1.204187102528564,0.1237912911888569,1.0,1.0,1.0,1.0,0.0,0.0,0.0,0.0,0.0,0.0,0.0,0.0,1.0,0.0,0.0,0.0,0.0,0.0,0.0,0.0,1.0,0.0
EVT00903,2.3241376152298696,0.4354444262450072,-1.3723154478363608,-1.1601721231645696,-0.0016724278835167973,1.204187102528564,0.1237912911888569,0.0,1.0,0.0,0.0,1.0,0.0,0.0,0.0,0.0,0.0,0.0,1.0,0.0,0.0,0.0,0.0,0.0,0.0,0.0,0.0,0.0,1.0
EVT00904,-0.5346290764341026,0.08729004111596471,-1.3723154478363608,-1.1601721231645696,-0.7542649754661083,0.10947155477532397,0.292024076496477,0.0,1.0,0.0,0.0,0.0,0.0,0.0,1.0,0.0,0.0,1.0,0.0,0.0,0.0,0.0,0.0,0.0,0.0,0.0,1.0,0.0,0.0
EVT00905,1.7881188605428748,1.3406458275805178,0.5125894023013345,-1.1601721231645696,-0.0016724278835167973,2.298902650281804,0.6284896471117172,0.0,1.0,1.0,0.0,0.0,1.0,0.0,0.0,0.0,1.0,0.0,0.0,0.0,0.0,0.0,0.0,0.0,0.0,1.0,0.0,0.0,0.0
EVT00906,-0.5346290764341026,1.6888002127095603,0.5125894023013345,-1.1601721231645696,-1.5068575230486998,-0.985243992977916,0.03967489853504685,0.0,1.0,1.0,0.0,1.0,0.0,0.0,0.0,0.0,0.0,0.0,0.0,0.0,0.0,0.0,0.0,1.0,0.0,0.0,1.0,0.0,0.0
EVT00907,-0.1772832399761061,0.2265517951675815,0.5125894023013345,-1.1601721231645696,0.7509201196990747,3.393618198035044,0.6284896471117172,0.0,1.0,1.0,0.0,1.0,0.0,0.0,0.0,1.0,0.0,0.0,0.0,0.0,0.0,0.0,0.0,0.0,0.0,1.0,0.0,0.0,0.0
EVT00908,-0.5346290764341026,-0.6090187291421202,-0.4298630227675131,-1.1601721231645696,-0.7542649754661083,-0.985243992977916,0.1237912911888569,0.0,1.0,1.0,0.0,0.0,0.0,0.0,1.0,0.0,0.0,0.0,0.0,0.0,1.0,0.0,0.0,0.0,0.0,1.0,0.0,0.0,0.0
EVT00909,-0.5346290764341026,-0.12160258996146095,1.4550418273701822,-1.1601721231645696,-0.0016724278835167973,0.10947155477532397,0.292024076496477,0.0,1.0,1.0,1.0,0.0,0.0,0.0,0.0,0.0,0.0,0.0,0.0,0.0,0.0,0.0,1.0,0.0,0.0,0.0,0.0,1.0,0.0
EVT00910,-0.5346290764341026,-1.444589253451822,-1.3723154478363608,-1.1601721231645696,-0.0016724278835167973,0.10947155477532397,0.292024076496477,0.0,1.0,1.0,0.0,0.0,1.0,0.0,0.0,0.0,0.0,0.0,0.0,0.0,1.0,0.0,0.0,0.0,0.0,0.0,0.0,0.0,1.0
EVT00911,-0.5346290764341026,0.679152495835337,-1.3723154478363608,-1.1601721231645696,-0.7542649754661083,-0.985243992977916,0.292024076496477,0.0,1.0,1.0,0.0,0.0,0.0,1.0,0.0,0.0,0.0,0.0,0.0,0.0,0.0,1.0,0.0,0.0,0.0,0.0,1.0,0.0,0.0
EVT00912,-0.5346290764341026,-0.3304952210388863,-0.4298630227675131,-1.1601721231645696,-0.0016724278835167973,-0.985243992977916,0.37614046915028704,0.0,1.0,1.0,0.0,1.0,0.0,0.0,0.0,0.0,0.0,1.0,0.0,0.0,0.0,0.0,0.0,0.0,0.0,0.0,0.0,1.0,0.0
EVT00913,1.25210010585588,-1.0616194298098756,1.4550418273701822,-1.0176448353065144,0.7509201196990747,0.10947155477532397,0.4602568618040971,0.0,1.0,0.0,0.0,1.0,0.0,0.0,0.0,1.0,0.0,0.0,0.0,0.0,0.0,0.0,0.0,0.0,0.0,0.0,0.0,0.0,1.0
EVT00914,-0.5346290764341026,0.052474602603060284,-0.4298630227675131,-1.0176448353065144,-0.7542649754661083,-0.985243992977916,0.1237912911888569,0.0,1.0,0.0,0.0,0.0,0.0,1.0,0.0,0.0,0.0,1.0,0.0,0.0,0.0,0.0,0.0,0.0,0.0,0.0,0.0,1.0,0.0
EVT00915,1.7881188605428748,0.5398907417837199,0.5125894023013345,-1.0176448353065144,-0.7542649754661083,1.204187102528564,0.03967489853504685,0.0,1.0,1.0,0.0,1.0,0.0,0.0,0.0,1.0,0.0,0.0,0.0,0.0,0.0,0.0,0.0,0.0,0.0,0.0,1.0,0.0,0.0
EVT00916,-0.5346290764341026,0.1917363566546774,1.4550418273701822,-1.0176448353065144,-0.0016724278835167973,-0.985243992977916,0.20790768384266695,1.0,1.0,1.0,0.0,0.0,1.0,0.0,0.0,0.0,0.0,0.0,0.0,1.0,0.0,0.0,0.0,0.0,0.0,1.0,0.0,0.0,0.0
EVT00917,-0.5346290764341026,0.08729004111596471,1.4550418273701822,-1.0176448353065144,0.7509201196990747,-0.985243992977916,0.292024076496477,0.0,1.0,1.0,0.0,1.0,0.0,0.0,0.0,0.0,0.0,0.0,0.0,0.0,0.0,0.0,1.0,0.0,0.0,0.0,0.0,1.0,0.0
EVT00918,-0.5346290764341026,0.679152495835337,-1.3723154478363608,-1.0176448353065144,1.503512667281666,-0.985243992977916,0.37614046915028704,0.0,1.0,1.0,0.0,1.0,0.0,0.0,0.0,0.0,0.0,0.0,0.0,0.0,1.0,0.0,0.0,0.0,0.0,1.0,0.0,0.0,0.0
EVT00919,-0.5346290764341026,-0.22604890550017362,-1.3723154478363608,-1.0176448353065144,-0.7542649754661083,0.10947155477532397,0.03967489853504685,0.0,1.0,1.0,0.0,0.0,0.0,1.0,0.0,0.0,0.0,0.0,0.0,0.0,1.0,0.0,0.0,0.0,0.0,0.0,0.0,0.0,1.0
EVT00920,-0.5346290764341026,0.47025986475791126,-1.3723154478363608,-1.0176448353065144,1.503512667281666,-0.985243992977916,0.4602568618040971,0.0,1.0,1.0,0.0,0.0,0.0,1.0,0.0,0.0,0.0,0.0,0.0,0.0,1.0,0.0,0.0,0.0,0.0,0.0,1.0,0.0,0.0
EVT00921,-0.5346290764341026,-1.0616194298098756,1.4550418273701822,-1.0176448353065144,2.2561052148642577,-0.985243992977916,0.5443732544579071,0.0,1.0,1.0,0.0,0.0,0.0,1.0,0.0,0.0,0.0,0.0,0.0,0.0,0.0,0.0,0.0,1.0,0.0,0.0,1.0,0.0,0.0
EVT00922,0.18006259648189046,-0.40012609806469485,0.5125894023013345,-1.0176448353065144,0.7509201196990747,1.204187102528564,0.37614046915028704,0.0,1.0,1.0,1.0,0.0,0.0,0.0,0.0,0.0,1.0,0.0,0.0,0.0,0.0,0.0,0.0,0.0,0.0,0.0,0.0,1.0,0.0
EVT00923,-0.5346290764341026,-0.05197171293565239,-0.4298630227675131,-1.0176448353065144,3.008697762446849,-0.985243992977916,0.6284896471117172,0.0,1.0,0.0,0.0,0.0,0.0,1.0,0.0,0.0,0.0,0.0,0.0,0.0,0.0,0.0,0.0,0.0,1.0,0.0,0.0,0.0,1.0
EVT00924,-0.5346290764341026,1.3754612660934218,-0.4298630227675131,-1.0176448353065144,-1.5068575230486998,-0.985243992977916,0.5443732544579071,0.0,1.0,1.0,1.0,0.0,0.0,0.0,0.0,0.0,0.0,0.0,0.0,0.0,1.0,0.0,0.0,0.0,0.0,0.0,0.0,0.0,1.0
EVT00925,-0.5346290764341026,0.052474602603060284,0.5125894023013345,-0.8751175474484592,-1.5068575230486998,-0.985243992977916,-0.21267427942638328,0.0,1.0,1.0,0.0,0.0,0.0,0.0,1.0,0.0,0.0,0.0,0.0,0.0,0.0,0.0,1.0,0.0,0.0,1.0,0.0,0.0,0.0
EVT00926,-0.5346290764341026,-1.444589253451822,-1.3723154478363608,-0.8751175474484592,-1.5068575230486998,-0.985243992977916,0.20790768384266695,0.0,1.0,1.0,0.0,0.0,1.0,0.0,0.0,0.0,0.0,1.0,0.0,0.0,0.0,0.0,0.0,0.0,0.0,0.0,0.0,1.0,0.0
EVT00927,-0.5346290764341026,0.2265517951675815,-0.4298630227675131,-0.8751175474484592,-0.7542649754661083,0.10947155477532397,0.37614046915028704,0.0,1.0,1.0,1.0,0.0,0.0,0.0,0.0,0.0,0.0,1.0,0.0,0.0,0.0,0.0,0.0,0.0,0.0,1.0,0.0,0.0,0.0
EVT00928,-0.5346290764341026,0.3658135492191986,1.4550418273701822,-0.8751175474484592,-0.0016724278835167973,0.10947155477532397,0.4602568618040971,0.0,1.0,1.0,0.0,0.0,0.0,0.0,1.0,0.0,0.0,0.0,0.0,0.0,0.0,0.0,1.0,0.0,0.0,1.0,0.0,0.0,0.0
EVT00929,1.9667917787718732,1.7584310897353683,1.4550418273701822,-0.8751175474484592,-0.7542649754661083,0.10947155477532397,0.6284896471117172,0.0,1.0,1.0,0.0,0.0,0.0,1.0,0.0,1.0,0.0,0.0,0.0,0.0,0.0,0.0,0.0,0.0,0.0,0.0,0.0,0.0,1.0
EVT00930,-0.5346290764341026,1.5843538971708473,-1.3723154478363608,-0.8751175474484592,0.7509201196990747,0.10947155477532397,0.5443732544579071,0.0,1.0,1.0,1.0,0.0,0.0,0.0,0.0,0.0,0.0,0.0,0.0,0.0,1.0,0.0,0.0,0.0,0.0,0.0,1.0,0.0,0.0
EVT00931,-0.5346290764341026,-0.9223576757582586,-1.3723154478363608,-0.8751175474484592,-0.7542649754661083,-0.985243992977916,-0.12855788677257324,0.0,1.0,1.0,1.0,0.0,0.0,0.0,0.0,0.0,0.0,0.0,0.0,0.0,0.0,0.0,0.0,0.0,1.0,1.0,0.0,0.0,0.0
EVT00932,-0.5346290764341026,1.2710149505547088,-0.4298630227675131,-0.8751175474484592,1.503512667281666,0.10947155477532397,0.6284896471117172,0.0,1.0,1.0,0.0,0.0,0.0,0.0,1.0,0.0,0.0,1.0,0.0,0.0,0.0,0.0,0.0,0.0,0.0,0.0,1.0,0.0,0.0
EVT00933,2.8601563699168646,-0.12160258996146095,-1.3723154478363608,-0.8751175474484592,-0.0016724278835167973,0.10947155477532397,-0.12855788677257324,0.0,1.0,1.0,0.0,0.0,0.0,1.0,0.0,0.0,0.0,0.0,1.0,0.0,0.0,0.0,0.0,0.0,0.0,1.0,0.0,0.0,0.0
EVT00934,-0.5346290764341026,1.0273068809643795,0.5125894023013345,-0.8751175474484592,-1.5068575230486998,-0.985243992977916,-0.0444414941187632,0.0,1.0,1.0,1.0,0.0,0.0,0.0,0.0,0.0,0.0,0.0,0.0,0.0,0.0,0.0,1.0,0.0,0.0,1.0,0.0,0.0,0.0
EVT00935,2.8601563699168646,0.40062898773210276,-1.3723154478363608,-0.8751175474484592,-0.7542649754661083,0.10947155477532397,0.5443732544579071,0.0,1.0,0.0,0.0,0.0,0.0,0.0,1.0,0.0,0.0,0.0,1.0,0.0,0.0,0.0,0.0,0.0,0.0,1.0,0.0,0.0,0.0
EVT00936,-0.5346290764341026,0.6443370573224325,1.4550418273701822,-0.8751175474484592,-0.7542649754661083,-0.985243992977916,0.03967489853504685,0.0,1.0,1.0,1.0,0.0,0.0,0.0,0.0,0.0,0.0,0.0,0.0,0.0,0.0,0.0,0.0,1.0,0.0,0.0,0.0,1.0,0.0
EVT00937,0.18006259648189046,0.2613672336804859,0.5125894023013345,-0.7325902595904039,-0.7542649754661083,0.10947155477532397,0.03967489853504685,0.0,1.0,1.0,0.0,0.0,0.0,1.0,0.0,0.0,1.0,0.0,0.0,0.0,0.0,0.0,0.0,0.0,0.0,0.0,0.0,0.0,1.0
EVT00938,-0.5346290764341026,0.47025986475791126,-0.4298630227675131,-0.7325902595904039,-0.7542649754661083,0.10947155477532397,0.5443732544579071,0.0,1.0,0.0,0.0,0.0,0.0,0.0,1.0,0.0,0.0,0.0,0.0,0.0,0.0,1.0,0.0,0.0,0.0,0.0,0.0,1.0,0.0
EVT00939,-0.5346290764341026,0.9228605654256664,1.4550418273701822,-0.7325902595904039,-0.7542649754661083,0.10947155477532397,0.4602568618040971,1.0,1.0,1.0,0.0,0.0,0.0,1.0,0.0,0.0,0.0,0.0,0.0,1.0,0.0,0.0,0.0,0.0,0.0,0.0,1.0,0.0,0.0
EVT00940,2.1454646970008713,0.8880451269127623,0.5125894023013345,-0.7325902595904039,-0.7542649754661083,1.204187102528564,0.03967489853504685,0.0,1.0,0.0,0.0,0.0,1.0,0.0,0.0,1.0,0.0,0.0,0.0,0.0,0.0,0.0,0.0,0.0,0.0,0.0,0.0,1.0,0.0
EVT00941,2.502810533458868,-0.574203290629216,0.5125894023013345,-0.7325902595904039,-0.0016724278835167973,0.10947155477532397,0.7126060397655272,0.0,1.0,1.0,0.0,0.0,1.0,0.0,0.0,0.0,1.0,0.0,0.0,0.0,0.0,0.0,0.0,0.0,0.0,0.0,0.0,1.0,0.0
EVT00942,-0.5346290764341026,1.6191693356837513,0.5125894023013345,-0.7325902595904039,0.7509201196990747,0.10947155477532397,0.7126060397655272,0.0,1.0,1.0,0.0,0.0,0.0,1.0,0.0,0.0,0.0,0.0,0.0,0.0,0.0,0.0,0.0,1.0,0.0,0.0,0.0,0.0,1.0
EVT00943,-0.5346290764341026,-1.1312503068356838,0.5125894023013345,-0.7325902595904039,-0.0016724278835167973,1.204187102528564,0.1237912911888569,0.0,1.0,0.0,1.0,0.0,0.0,0.0,0.0,0.0,0.0,0.0,0.0,0.0,0.0,0.0,0.0,1.0,0.0,1.0,0.0,0.0,0.0
EVT00944,0.537408432939887,1.1317531965030918,0.5125894023013345,-0.7325902595904039,-0.0016724278835167973,0.10947155477532397,0.03967489853504685,0.0,1.0,0.0,1.0,0.0,0.0,0.0,0.0,0.0,1.0,0.0,0.0,0.0,0.0,0.0,0.0,0.0,0.0,0.0,1.0,0.0,0.0
EVT00945,0.3587355147108887,-0.12160258996146095,0.5125894023013345,-0.7325902595904039,0.7509201196990747,1.204187102528564,0.1237912911888569,0.0,1.0,0.0,0.0,0.0,1.0,0.0,0.0,0.0,1.0,0.0,0.0,0.0,0.0,0.0,0.0,0.0,0.0,1.0,0.0,0.0,0.0
EVT00946,-0.5346290764341026,-0.29567978252598215,0.5125894023013345,-0.7325902595904039,-0.0016724278835167973,0.10947155477532397,0.7126060397655272,1.0,1.0,1.0,1.0,0.0,0.0,0.0,0.0,0.0,0.0,0.0,0.0,1.0,0.0,0.0,0.0,0.0,0.0,0.0,0.0,0.0,1.0
EVT00947,-0.35595615820510434,0.29618267219339006,-1.3723154478363608,-0.7325902595904039,-0.7542649754661083,0.10947155477532397,0.5443732544579071,0.0,1.0,1.0,0.0,1.0,0.0,0.0,0.0,0.0,0.0,0.0,1.0,0.0,0.0,0.0,0.0,0.0,0.0,1.0,0.0,0.0,0.0
EVT00948,-0.1772832399761061,-1.4097738149389178,0.5125894023013345,-0.7325902595904039,-0.0016724278835167973,1.204187102528564,0.6284896471117172,0.0,1.0,1.0,0.0,1.0,0.0,0.0,0.0,0.0,1.0,0.0,0.0,0.0,0.0,0.0,0.0,0.0,0.0,0.0,0.0,1.0,0.0
EVT00949,0.001389678252892188,-1.166065745348588,0.5125894023013345,-0.5900629717323487,0.7509201196990747,1.204187102528564,0.5443732544579071,0.0,1.0,1.0,0.0,0.0,0.0,0.0,1.0,0.0,1.0,0.0,0.0,0.0,0.0,0.0,0.0,0.0,0.0,0.0,0.0,0.0,1.0
EVT00950,-0.5346290764341026,-0.01715627442274796,-0.4298630227675131,-0.5900629717323487,-0.0016724278835167973,0.10947155477532397,0.1237912911888569,0.0,1.0,1.0,0.0,1.0,0.0,0.0,0.0,0.0,0.0,1.0,0.0,0.0,0.0,0.0,0.0,0.0,0.0,0.0,0.0,0.0,1.0
EVT00951,0.3587355147108887,0.15692091814177325,0.5125894023013345,-0.5900629717323487,-0.0016724278835167973,2.298902650281804,0.20790768384266695,0.0,1.0,1.0,0.0,1.0,0.0,0.0,0.0,1.0,0.0,0.0,0.0,0.0,0.0,0.0,0.0,0.0,0.0,0.0,0.0,0.0,1.0
EVT00952,-0.5346290764341026,0.9924914424514749,1.4550418273701822,-0.5900629717323487,0.7509201196990747,0.10947155477532397,0.03967489853504685,0.0,1.0,1.0,0.0,0.0,1.0,0.0,0.0,0.0,0.0,0.0,0.0,0.0,0.0,0.0,1.0,0.0,0.0,0.0,0.0,1.0,0.0
EVT00953,-0.5346290764341026,-0.7830959217066414,-0.4298630227675131,-0.5900629717323487,1.503512667281666,1.204187102528564,0.6284896471117172,0.0,1.0,0.0,0.0,0.0,0.0,0.0,1.0,0.0,0.0,0.0,0.0,0.0,0.0,0.0,0.0,0.0,1.0,0.0,1.0,0.0,0.0
EVT00954,1.7881188605428748,1.44509214311923,-0.4298630227675131,-0.5900629717323487,0.7509201196990747,0.10947155477532397,0.1237912911888569,0.0,1.0,1.0,0.0,0.0,0.0,1.0,0.0,0.0,0.0,0.0,1.0,0.0,0.0,0.0,0.0,0.0,0.0,0.0,0.0,1.0,0.0
EVT00955,-0.5346290764341026,1.6888002127095603,0.5125894023013345,-0.5900629717323487,0.7509201196990747,0.10947155477532397,0.6284896471117172,0.0,1.0,1.0,0.0,1.0,0.0,0.0,0.0,0.0,0.0,0.0,0.0,0.0,0.0,0.0,1.0,0.0,0.0,0.0,0.0,0.0,1.0
EVT00956,-0.5346290764341026,-0.5045724136034075,1.4550418273701822,-0.5900629717323487,-1.5068575230486998,-0.985243992977916,-0.21267427942638328,0.0,1.0,0.0,0.0,0.0,0.0,1.0,0.0,0.0,0.0,0.0,0.0,0.0,0.0,0.0,0.0,1.0,0.0,0.0,1.0,0.0,0.0
EVT00957,2.502810533458868,-0.05197171293565239,-1.3723154478363608,-0.5900629717323487,-0.0016724278835167973,2.298902650281804,0.6284896471117172,0.0,1.0,0.0,1.0,0.0,0.0,0.0,0.0,0.0,0.0,0.0,1.0,0.0,0.0,0.0,0.0,0.0,0.0,0.0,0.0,0.0,1.0
EVT00958,-0.5346290764341026,0.6443370573224325,-1.3723154478363608,-0.5900629717323487,-0.7542649754661083,-0.985243992977916,-0.12855788677257324,0.0,1.0,0.0,0.0,0.0,1.0,0.0,0.0,0.0,0.0,0.0,0.0,0.0,0.0,1.0,0.0,0.0,0.0,0.0,1.0,0.0,0.0
EVT00959,3.038829288145863,-1.0964348683227798,0.5125894023013345,-0.5900629717323487,-0.0016724278835167973,0.10947155477532397,-0.0444414941187632,0.0,1.0,1.0,0.0,1.0,0.0,0.0,0.0,0.0,1.0,0.0,0.0,0.0,0.0,0.0,0.0,0.0,0.0,1.0,0.0,0.0,0.0
EVT00960,0.18006259648189046,-1.6186664460163434,-1.3723154478363608,-0.5900629717323487,-1.5068575230486998,0.10947155477532397,0.03967489853504685,0.0,1.0,1.0,0.0,0.0,0.0,0.0,1.0,0.0,0.0,0.0,1.0,0.0,0.0,0.0,0.0,0.0,0.0,1.0,0.0,0.0,0.0
EVT00961,-0.5346290764341026,0.29618267219339006,-1.3723154478363608,-0.4475356838742935,-0.7542649754661083,0.10947155477532397,0.20790768384266695,0.0,0.0,1.0,0.0,1.0,0.0,0.0,0.0,0.0,0.0,0.0,0.0,0.0,0.0,0.0,0.0,0.0,1.0,0.0,0.0,1.0,0.0
EVT00962,0.3587355147108887,-1.6534818845292476,0.5125894023013345,-0.4475356838742935,0.7509201196990747,1.204187102528564,0.1237912911888569,0.0,0.0,1.0,0.0,0.0,0.0,0.0,1.0,0.0,1.0,0.0,0.0,0.0,0.0,0.0,0.0,0.0,0.0,0.0,0.0,1.0,0.0
EVT00963,-0.5346290764341026,-0.22604890550017362,1.4550418273701822,-0.4475356838742935,0.7509201196990747,0.10947155477532397,0.03967489853504685,0.0,0.0,0.0,0.0,0.0,0.0,0.0,1.0,0.0,0.0,0.0,0.0,0.0,0.0,0.0,1.0,0.0,0.0,0.0,0.0,0.0,1.0
EVT00964,-0.5346290764341026,-0.26086434401307773,1.4550418273701822,-0.4475356838742935,0.7509201196990747,1.204187102528564,0.20790768384266695,0.0,0.0,1.0,1.0,0.0,0.0,0.0,0.0,0.0,0.0,0.0,0.0,0.0,0.0,0.0,1.0,0.0,0.0,0.0,0.0,0.0,1.0
EVT00965,2.8601563699168646,1.305830389067613,0.5125894023013345,-0.4475356838742935,0.7509201196990747,2.298902650281804,0.292024076496477,0.0,0.0,1.0,1.0,0.0,0.0,0.0,0.0,1.0,0.0,0.0,0.0,0.0,0.0,0.0,0.0,0.0,0.0,1.0,0.0,0.0,0.0
EVT00966,-0.5346290764341026,0.40062898773210276,-0.4298630227675131,-0.4475356838742935,1.503512667281666,2.298902650281804,0.37614046915028704,0.0,0.0,1.0,0.0,0.0,0.0,1.0,0.0,0.0,0.0,0.0,0.0,0.0,0.0,1.0,0.0,0.0,0.0,0.0,1.0,0.0,0.0
EVT00967,-0.5346290764341026,1.0621223194772835,1.4550418273701822,-0.4475356838742935,-0.7542649754661083,0.10947155477532397,0.03967489853504685,1.0,0.0,1.0,1.0,0.0,0.0,0.0,0.0,0.0,0.0,0.0,0.0,1.0,0.0,0.0,0.0,0.0,0.0,1.0,0.0,0.0,0.0
EVT00968,2.1454646970008713,-0.6786496061679288,0.5125894023013345,-0.4475356838742935,-0.0016724278835167973,1.204187102528564,0.03967489853504685,0.0,0.0,0.0,0.0,0.0,0.0,0.0,1.0,1.0,0.0,0.0,0.0,0.0,0.0,0.0,0.0,0.0,0.0,0.0,0.0,1.0,0.0
EVT00969,-0.5346290764341026,-0.6786496061679288,-0.4298630227675131,-0.4475356838742935,-0.7542649754661083,-0.985243992977916,0.292024076496477,0.0,0.0,1.0,0.0,1.0,0.0,0.0,0.0,0.0,0.0,1.0,0.0,0.0,0.0,0.0,0.0,0.0,0.0,1.0,0.0,0.0,0.0
EVT00970,-0.5346290764341026,-1.5490355689905349,-1.3723154478363608,-0.4475356838742935,-0.0016724278835167973,-0.985243992977916,0.292024076496477,0.0,0.0,1.0,0.0,0.0,1.0,0.0,0.0,0.0,0.0,1.0,0.0,0.0,0.0,0.0,0.0,0.0,0.0,0.0,1.0,0.0,0.0
EVT00971,-0.5346290764341026,0.713967934348241,-1.3723154478363608,-0.4475356838742935,1.503512667281666,1.204187102528564,0.37614046915028704,0.0,0.0,1.0,0.0,0.0,0.0,1.0,0.0,0.0,0.0,0.0,0.0,0.0,1.0,0.0,0.0,0.0,0.0,0.0,1.0,0.0,0.0
EVT00972,-0.5346290764341026,0.12210547962886883,0.5125894023013345,-0.4475356838742935,0.7509201196990747,1.204187102528564,0.1237912911888569,1.0,0.0,1.0,0.0,0.0,0.0,0.0,1.0,0.0,0.0,0.0,0.0,1.0,0.0,0.0,0.0,0.0,0.0,0.0,0.0,1.0,0.0
EVT00973,-0.5346290764341026,-1.6534818845292476,0.5125894023013345,-0.30500839601623825,-1.5068575230486998,-0.985243992977916,0.292024076496477,1.0,0.0,1.0,1.0,0.0,0.0,0.0,0.0,0.0,0.0,0.0,0.0,1.0,0.0,0.0,0.0,0.0,0.0,1.0,0.0,0.0,0.0
EVT00974,-0.5346290764341026,0.29618267219339006,-0.4298630227675131,-0.30500839601623825,-0.0016724278835167973,-0.985243992977916,0.37614046915028704,0.0,0.0,1.0,0.0,0.0,0.0,1.0,0.0,0.0,0.0,0.0,0.0,0.0,0.0,1.0,0.0,0.0,0.0,0.0,0.0,1.0,0.0
EVT00975,-0.5346290764341026,-1.6186664460163434,-0.4298630227675131,-0.30500839601623825,0.7509201196990747,-0.985243992977916,0.4602568618040971,0.0,0.0,1.0,1.0,0.0,0.0,0.0,0.0,0.0,0.0,0.0,0.0,0.0,0.0,0.0,0.0,0.0,1.0,1.0,0.0,0.0,0.0
EVT00976,-0.5346290764341026,0.9576760039385709,-1.3723154478363608,-0.30500839601623825,-0.7542649754661083,-0.985243992977916,0.37614046915028704,0.0,0.0,0.0,1.0,0.0,0.0,0.0,0.0,0.0,0.0,0.0,0.0,0.0,1.0,0.0,0.0,0.0,0.0,0.0,0.0,1.0,0.0
EVT00977,0.18006259648189046,1.6888002127095603,0.5125894023013345,-0.30500839601623825,0.7509201196990747,1.204187102528564,0.4602568618040971,0.0,0.0,0.0,0.0,1.0,0.0,0.0,0.0,1.0,0.0,0.0,0.0,0.0,0.0,0.0,0.0,0.0,0.0,0.0,0.0,1.0,0.0
EVT00978,-0.5346290764341026,0.2613672336804859,-0.4298630227675131,-0.30500839601623825,-1.5068575230486998,-0.985243992977916,-0.21267427942638328,0.0,0.0,1.0,0.0,0.0,1.0,0.0,0.0,0.0,0.0,0.0,0.0,0.0,0.0,1.0,0.0,0.0,0.0,0.0,1.0,0.0,0.0
EVT00979,-0.5346290764341026,-1.5490355689905349,1.4550418273701822,-0.30500839601623825,0.7509201196990747,0.10947155477532397,0.20790768384266695,0.0,0.0,0.0,0.0,0.0,0.0,0.0,1.0,0.0,0.0,0.0,0.0,0.0,0.0,0.0,1.0,0.0,0.0,1.0,0.0,0.0,0.0
EVT00980,-0.5346290764341026,0.7487833728611452,-0.4298630227675131,-0.30500839601623825,-0.0016724278835167973,0.10947155477532397,0.5443732544579071,0.0,0.0,1.0,0.0,1.0,0.0,0.0,0.0,0.0,0.0,0.0,0.0,0.0,1.0,0.0,0.0,0.0,0.0,0.0,0.0,1.0,0.0
EVT00981,-0.35595615820510434,-0.26086434401307773,0.5125894023013345,-0.30500839601623825,-0.0016724278835167973,0.10947155477532397,0.292024076496477,0.0,0.0,1.0,0.0,0.0,1.0,0.0,0.0,0.0,1.0,0.0,0.0,0.0,0.0,0.0,0.0,0.0,0.0,1.0,0.0,0.0,0.0
EVT00982,-0.5346290764341026,-1.723112761555056,0.5125894023013345,-0.30500839601623825,-0.7542649754661083,-0.985243992977916,-0.29679067208019333,0.0,0.0,1.0,0.0,0.0,0.0,0.0,1.0,0.0,0.0,0.0,0.0,0.0,0.0,0.0,0.0,1.0,0.0,1.0,0.0,0.0,0.0
EVT00983,-0.5346290764341026,0.40062898773210276,0.5125894023013345,-0.30500839601623825,0.7509201196990747,0.10947155477532397,0.6284896471117172,0.0,0.0,1.0,0.0,0.0,1.0,0.0,0.0,0.0,0.0,0.0,0.0,0.0,0.0,0.0,0.0,1.0,0.0,0.0,0.0,1.0,0.0
EVT00984,-0.5346290764341026,-0.434941536577599,0.5125894023013345,-0.30500839601623825,-0.0016724278835167973,-0.985243992977916,0.37614046915028704,1.0,0.0,0.0,0.0,0.0,0.0,1.0,0.0,0.0,0.0,0.0,0.0,1.0,0.0,0.0,0.0,0.0,0.0,1.0,0.0,0.0,0.0
EVT00985,1.4307730240848784,-0.22604890550017362,0.5125894023013345,-0.16248110815818304,0.7509201196990747,0.10947155477532397,0.4602568618040971,0.0,0.0,1.0,0.0,0.0,0.0,0.0,1.0,0.0,1.0,0.0,0.0,0.0,0.0,0.0,0.0,0.0,0.0,0.0,0.0,0.0,1.0
EVT00986,2.8601563699168646,1.6888002127095603,0.5125894023013345,-0.16248110815818304,-0.0016724278835167973,1.204187102528564,0.37614046915028704,0.0,0.0,1.0,0.0,0.0,0.0,0.0,1.0,1.0,0.0,0.0,0.0,0.0,0.0,0.0,0.0,0.0,0.0,0.0,0.0,1.0,0.0
EVT00987,-0.5346290764341026,0.5050753032708157,1.4550418273701822,-0.16248110815818304,0.7509201196990747,0.10947155477532397,0.6284896471117172,1.0,0.0,1.0,0.0,0.0,0.0,0.0,1.0,0.0,0.0,0.0,0.0,1.0,0.0,0.0,0.0,0.0,0.0,0.0,0.0,1.0,0.0
EVT00988,-0.5346290764341026,-0.26086434401307773,-0.4298630227675131,-0.16248110815818304,-0.0016724278835167973,0.10947155477532397,0.5443732544579071,0.0,0.0,1.0,0.0,0.0,0.0,0.0,1.0,0.0,0.0,0.0,0.0,0.0,0.0,1.0,0.0,0.0,0.0,0.0,1.0,0.0,0.0
EVT00989,-0.5346290764341026,-1.0616194298098756,1.4550418273701822,-0.16248110815818304,0.7509201196990747,1.204187102528564,0.37614046915028704,0.0,0.0,0.0,0.0,1.0,0.0,0.0,0.0,0.0,0.0,0.0,0.0,0.0,0.0,0.0,0.0,1.0,0.0,0.0,0.0,1.0,0.0
EVT00990,0.18006259648189046,-1.583851007503439,1.4550418273701822,-0.16248110815818304,0.7509201196990747,0.10947155477532397,0.7126060397655272,0.0,0.0,1.0,0.0,0.0,1.0,0.0,0.0,1.0,0.0,0.0,0.0,0.0,0.0,0.0,0.0,0.0,0.0,0.0,1.0,0.0,0.0
EVT00991,0.8947542693978835,1.514723020145039,1.4550418273701822,-0.16248110815818304,0.7509201196990747,1.204187102528564,0.6284896471117172,0.0,0.0,1.0,0.0,1.0,0.0,0.0,0.0,1.0,0.0,0.0,0.0,0.0,0.0,0.0,0.0,0.0,0.0,0.0,1.0,0.0,0.0
EVT00992,1.0734271876268817,-1.0268039912969713,0.5125894023013345,-0.16248110815818304,0.7509201196990747,2.298902650281804,0.292024076496477,0.0,0.0,1.0,1.0,0.0,0.0,0.0,0.0,0.0,1.0,0.0,0.0,0.0,0.0,0.0,0.0,0.0,0.0,1.0,0.0,0.0,0.0
EVT00993,-0.5346290764341026,-0.6786496061679288,-0.4298630227675131,-0.16248110815818304,1.503512667281666,2.298902650281804,0.37614046915028704,0.0,0.0,1.0,0.0,0.0,1.0,0.0,0.0,0.0,0.0,1.0,0.0,0.0,0.0,0.0,0.0,0.0,0.0,0.0,1.0,0.0,0.0
EVT00994,-0.5346290764341026,-0.22604890550017362,0.5125894023013345,-0.16248110815818304,-1.5068575230486998,-0.985243992977916,0.1237912911888569,1.0,0.0,1.0,0.0,0.0,0.0,1.0,0.0,0.0,0.0,0.0,0.0,1.0,0.0,0.0,0.0,0.0,0.0,0.0,1.0,0.0,0.0
EVT00995,-0.5346290764341026,0.9228605654256664,-0.4298630227675131,-0.16248110815818304,1.503512667281666,1.204187102528564,0.4602568618040971,0.0,0.0,1.0,0.0,0.0,0.0,1.0,0.0,0.0,0.0,1.0,0.0,0.0,0.0,0.0,0.0,0.0,0.0,0.0,1.0,0.0,0.0
EVT00996,-0.5346290764341026,0.15692091814177325,-1.3723154478363608,-0.16248110815818304,-1.5068575230486998,-0.985243992977916,-0.29679067208019333,0.0,0.0,0.0,0.0,0.0,0.0,1.0,0.0,0.0,0.0,0.0,0.0,0.0,1.0,0.0,0.0,0.0,0.0,1.0,0.0,0.0,0.0
EVT00997,-0.5346290764341026,0.3658135492191986,-1.3723154478363608,-0.019953820300127812,-1.5068575230486998,-0.985243992977916,0.03967489853504685,0.0,0.0,1.0,0.0,0.0,0.0,1.0,0.0,0.0,0.0,0.0,0.0,0.0,1.0,0.0,0.0,0.0,0.0,1.0,0.0,0.0,0.0
EVT00998,-0.5346290764341026,0.679152495835337,-1.3723154478363608,-0.019953820300127812,-0.0016724278835167973,0.10947155477532397,0.6284896471117172,0.0,0.0,0.0,0.0,0.0,0.0,0.0,1.0,0.0,0.0,0.0,0.0,0.0,0.0,1.0,0.0,0.0,0.0,0.0,0.0,1.0,0.0
EVT00999,-0.5346290764341026,-1.3749583764260136,-1.3723154478363608,-0.019953820300127812,-0.0016724278835167973,0.10947155477532397,0.7126060397655272,0.0,0.0,1.0,0.0,0.0,0.0,0.0,1.0,0.0,0.0,0.0,0.0,0.0,0.0,0.0,0.0,0.0,1.0,0.0,0.0,0.0,1.0
EVT01000,-0.5346290764341026,0.7835988113740496,1.4550418273701822,-0.019953820300127812,-0.0016724278835167973,0.10947155477532397,0.6284896471117172,0.0,0.0,1.0,0.0,0.0,0.0,1.0,0.0,0.0,0.0,0.0,0.0,0.0,0.0,0.0,1.0,0.0,0.0,0.0,0.0,1.0,0.0
EVT01001,-0.5346290764341026,-0.3653106595517906,-0.4298630227675131,-0.019953820300127812,-0.7542649754661083,-0.985243992977916,-0.21267427942638328,0.0,0.0,1.0,0.0,0.0,0.0,1.0,0.0,0.0,0.0,0.0,0.0,0.0,1.0,0.0,0.0,0.0,0.0,1.0,0.0,0.0,0.0
EVT01002,2.6814834516878663,0.574706180296624,1.4550418273701822,-0.019953820300127812,-0.0016724278835167973,1.204187102528564,0.6284896471117172,0.0,0.0,1.0,1.0,0.0,0.0,0.0,0.0,1.0,0.0,0.0,0.0,0.0,0.0,0.0,0.0,0.0,0.0,0.0,0.0,1.0,0.0
EVT01003,1.6094459423138765,1.305830389067613,1.4550418273701822,-0.019953820300127812,-0.0016724278835167973,0.10947155477532397,-0.12855788677257324,0.0,0.0,1.0,0.0,1.0,0.0,0.0,0.0,1.0,0.0,0.0,0.0,0.0,0.0,0.0,0.0,0.0,0.0,0.0,1.0,0.0,0.0
EVT01004,-0.5346290764341026,0.08729004111596471,-1.3723154478363608,-0.019953820300127812,-0.0016724278835167973,0.10947155477532397,0.7126060397655272,0.0,0.0,1.0,1.0,0.0,0.0,0.0,0.0,0.0,0.0,1.0,0.0,0.0,0.0,0.0,0.0,0.0,0.0,0.0,1.0,0.0,0.0
EVT01005,-0.5346290764341026,-0.8527267987324499,0.5125894023013345,-0.019953820300127812,-0.7542649754661083,-0.985243992977916,-0.0444414941187632,1.0,0.0,1.0,0.0,0.0,1.0,0.0,0.0,0.0,0.0,0.0,0.0,1.0,0.0,0.0,0.0,0.0,0.0,1.0,0.0,0.0,0.0
EVT01006,-0.5346290764341026,1.44509214311923,-1.3723154478363608,-0.019953820300127812,-0.7542649754661083,-0.985243992977916,0.4602568618040971,0.0,0.0,1.0,0.0,0.0,0.0,0.0,1.0,0.0,0.0,0.0,0.0,0.0,0.0,1.0,0.0,0.0,0.0,0.0,0.0,0.0,1.0
EVT01007,-0.5346290764341026,1.0621223194772835,-1.3723154478363608,-0.019953820300127812,-0.0016724278835167973,-0.985243992977916,0.5443732544579071,0.0,0.0,1.0,0.0,0.0,1.0,0.0,0.0,0.0,0.0,0.0,0.0,0.0,0.0,0.0,0.0,0.0,1.0,0.0,0.0,1.0,0.0
EVT01008,0.537408432939887,-0.26086434401307773,1.4550418273701822,-0.019953820300127812,0.7509201196990747,1.204187102528564,0.7967224324193373,0.0,0.0,1.0,0.0,0.0,0.0,1.0,0.0,1.0,0.0,0.0,0.0,0.0,0.0,0.0,0.0,0.0,0.0,0.0,0.0,1.0,0.0
EVT01009,-0.5346290764341026,-0.29567978252598215,1.4550418273701822,0.12257346755792742,-1.5068575230486998,-0.985243992977916,0.03967489853504685,1.0,0.0,1.0,0.0,0.0,1.0,0.0,0.0,0.0,0.0,0.0,0.0,1.0,0.0,0.0,0.0,0.0,0.0,0.0,0.0,1.0,0.0
EVT01010,-0.5346290764341026,-0.6786496061679288,1.4550418273701822,0.12257346755792742,-0.7542649754661083,-0.985243992977916,0.03967489853504685,1.0,0.0,1.0,1.0,0.0,0.0,0.0,0.0,0.0,0.0,0.0,0.0,1.0,0.0,0.0,0.0,0.0,0.0,1.0,0.0,0.0,0.0
EVT01011,-0.5346290764341026,-1.270512060887301,-1.3723154478363608,0.12257346755792742,-0.7542649754661083,-0.985243992977916,0.5443732544579071,0.0,0.0,1.0,0.0,0.0,1.0,0.0,0.0,0.0,0.0,0.0,0.0,0.0,1.0,0.0,0.0,0.0,0.0,0.0,0.0,0.0,1.0
EVT01012,2.1454646970008713,-1.3749583764260136,-0.4298630227675131,0.12257346755792742,-0.0016724278835167973,0.10947155477532397,0.6284896471117172,0.0,0.0,1.0,1.0,0.0,0.0,0.0,0.0,0.0,0.0,0.0,1.0,0.0,0.0,0.0,0.0,0.0,0.0,0.0,1.0,0.0,0.0
EVT01013,-0.5346290764341026,1.7236156512224643,-1.3723154478363608,0.12257346755792742,-0.0016724278835167973,-0.985243992977916,0.5443732544579071,0.0,0.0,1.0,0.0,0.0,0.0,1.0,0.0,0.0,0.0,1.0,0.0,0.0,0.0,0.0,0.0,0.0,0.0,1.0,0.0,0.0,0.0
EVT01014,-0.5346290764341026,0.574706180296624,-0.4298630227675131,0.12257346755792742,-0.7542649754661083,-0.985243992977916,0.1237912911888569,0.0,0.0,1.0,0.0,0.0,0.0,1.0,0.0,0.0,0.0,1.0,0.0,0.0,0.0,0.0,0.0,0.0,0.0,1.0,0.0,0.0,0.0
EVT01015,-0.5346290764341026,0.9924914424514749,-0.4298630227675131,0.12257346755792742,0.7509201196990747,-0.985243992977916,0.4602568618040971,0.0,0.0,1.0,0.0,0.0,1.0,0.0,0.0,0.0,0.0,0.0,0.0,0.0,0.0,1.0,0.0,0.0,0.0,0.0,1.0,0.0,0.0
EVT01016,0.8947542693978835,0.29618267219339006,0.5125894023013345,0.12257346755792742,-0.0016724278835167973,0.10947155477532397,0.1237912911888569,0.0,0.0,1.0,0.0,0.0,1.0,0.0,0.0,0.0,1.0,0.0,0.0,0.0,0.0,0.0,0.0,0.0,0.0,0.0,0.0,1.0,0.0
EVT01017,-0.5346290764341026,0.29618267219339006,-0.4298630227675131,0.12257346755792742,-0.7542649754661083,0.10947155477532397,0.7126060397655272,0.0,0.0,1.0,0.0,0.0,1.0,0.0,0.0,0.0,0.0,0.0,0.0,0.0,0.0,1.0,0.0,0.0,0.0,0.0,1.0,0.0,0.0
EVT01018,-0.5346290764341026,0.5398907417837199,1.4550418273701822,0.12257346755792742,-0.0016724278835167973,0.10947155477532397,0.7967224324193373,0.0,0.0,1.0,0.0,0.0,0.0,1.0,0.0,0.0,0.0,0.0,0.0,0.0,0.0,0.0,0.0,1.0,0.0,1.0,0.0,0.0,0.0
EVT01019,-0.5346290764341026,-0.7482804831937373,-0.4298630227675131,0.12257346755792742,0.7509201196990747,-0.985243992977916,0.4602568618040971,0.0,0.0,1.0,0.0,0.0,0.0,1.0,0.0,0.0,0.0,1.0,0.0,0.0,0.0,0.0,0.0,0.0,0.0,1.0,0.0,0.0,0.0
EVT01020,-0.5346290764341026,-1.1312503068356838,-0.4298630227675131,0.12257346755792742,-0.0016724278835167973,-0.985243992977916,0.1237912911888569,0.0,0.0,1.0,0.0,0.0,0.0,1.0,0.0,0.0,0.0,0.0,0.0,0.0,0.0,1.0,0.0,0.0,0.0,1.0,0.0,0.0,0.0
EVT01021,0.001389678252892188,0.6095216188095284,0.5125894023013345,0.26510075541598266,-1.5068575230486998,0.10947155477532397,-0.3809070647340034,0.0,0.0,0.0,0.0,1.0,0.0,0.0,0.0,1.0,0.0,0.0,0.0,0.0,0.0,0.0,0.0,0.0,0.0,1.0,0.0,0.0,0.0
EVT01022,-0.5346290764341026,1.5843538971708473,-0.4298630227675131,0.26510075541598266,-0.7542649754661083,0.10947155477532397,-0.3809070647340034,0.0,0.0,1.0,0.0,1.0,0.0,0.0,0.0,0.0,0.0,1.0,0.0,0.0,0.0,0.0,0.0,0.0,0.0,0.0,0.0,1.0,0.0
EVT01023,-0.5346290764341026,-0.08678715144855652,-1.3723154478363608,0.26510075541598266,-0.0016724278835167973,0.10947155477532397,0.6284896471117172,0.0,0.0,1.0,1.0,0.0,0.0,0.0,0.0,0.0,0.0,0.0,0.0,0.0,0.0,1.0,0.0,0.0,0.0,0.0,0.0,0.0,1.0
EVT01024,-0.5346290764341026,-1.166065745348588,0.5125894023013345,0.26510075541598266,0.7509201196990747,-0.985243992977916,0.5443732544579071,0.0,0.0,1.0,0.0,0.0,1.0,0.0,0.0,0.0,0.0,0.0,0.0,0.0,0.0,0.0,1.0,0.0,0.0,0.0,0.0,0.0,1.0
EVT01025,2.3241376152298696,-1.2356966223743966,1.4550418273701822,0.26510075541598266,-0.7542649754661083,1.204187102528564,0.1237912911888569,0.0,0.0,1.0,0.0,0.0,0.0,1.0,0.0,1.0,0.0,0.0,0.0,0.0,0.0,0.0,0.0,0.0,0.0,0.0,1.0,0.0,0.0
EVT01026,-0.5346290764341026,0.2265517951675815,1.4550418273701822,0.26510075541598266,-0.0016724278835167973,-0.985243992977916,0.7967224324193373,0.0,0.0,1.0,0.0,0.0,0.0,0.0,1.0,0.0,0.0,0.0,0.0,0.0,0.0,0.0,1.0,0.0,0.0,0.0,1.0,0.0,0.0
EVT01027,-0.5346290764341026,0.47025986475791126,-0.4298630227675131,0.26510075541598266,-0.7542649754661083,-0.985243992977916,0.6284896471117172,0.0,0.0,1.0,0.0,1.0,0.0,0.0,0.0,0.0,0.0,1.0,0.0,0.0,0.0,0.0,0.0,0.0,0.0,0.0,0.0,0.0,1.0
EVT01028,-0.5346290764341026,-0.3653106595517906,0.5125894023013345,0.26510075541598266,0.7509201196990747,-0.985243992977916,0.8808388250731473,0.0,0.0,1.0,0.0,0.0,0.0,0.0,1.0,0.0,0.0,0.0,0.0,0.0,0.0,0.0,1.0,0.0,0.0,1.0,0.0,0.0,0.0
EVT01029,1.25210010585588,-0.6090187291421202,0.5125894023013345,0.26510075541598266,-0.0016724278835167973,1.204187102528564,-0.3809070647340034,0.0,0.0,1.0,1.0,0.0,0.0,0.0,0.0,0.0,1.0,0.0,0.0,0.0,0.0,0.0,0.0,0.0,0.0,0.0,0.0,1.0,0.0
EVT01030,-0.5346290764341026,0.5398907417837199,-0.4298630227675131,0.26510075541598266,0.7509201196990747,1.204187102528564,-0.29679067208019333,0.0,0.0,0.0,0.0,0.0,0.0,1.0,0.0,0.0,0.0,0.0,0.0,0.0,0.0,1.0,0.0,0.0,0.0,0.0,0.0,0.0,1.0
EVT01031,3.038829288145863,1.4799075816321343,0.5125894023013345,0.26510075541598266,-0.7542649754661083,0.10947155477532397,-0.0444414941187632,0.0,0.0,0.0,0.0,0.0,0.0,1.0,0.0,0.0,1.0,0.0,0.0,0.0,0.0,0.0,0.0,0.0,0.0,0.0,0.0,0.0,1.0
EVT01032,-0.5346290764341026,-1.444589253451822,0.5125894023013345,0.26510075541598266,-0.0016724278835167973,-0.985243992977916,0.8808388250731473,0.0,0.0,0.0,0.0,0.0,1.0,0.0,0.0,0.0,0.0,0.0,0.0,0.0,0.0,0.0,1.0,0.0,0.0,0.0,0.0,0.0,1.0
EVT01033,-0.5346290764341026,-0.3653106595517906,-0.4298630227675131,0.4076280432740379,-0.7542649754661083,0.10947155477532397,0.20790768384266695,0.0,0.0,0.0,0.0,0.0,0.0,1.0,0.0,0.0,0.0,1.0,0.0,0.0,0.0,0.0,0.0,0.0,0.0,1.0,0.0,0.0,0.0
EVT01034,-0.5346290764341026,-0.15641802847436506,-1.3723154478363608,0.4076280432740379,-0.7542649754661083,0.10947155477532397,-0.0444414941187632,0.0,0.0,1.0,1.0,0.0,0.0,0.0,0.0,0.0,0.0,0.0,0.0,0.0,0.0,1.0,0.0,0.0,0.0,0.0,0.0,0.0,1.0
EVT01035,-0.5346290764341026,1.3406458275805178,0.5125894023013345,0.4076280432740379,-0.0016724278835167973,0.10947155477532397,0.292024076496477,0.0,0.0,1.0,0.0,0.0,1.0,0.0,0.0,0.0,0.0,0.0,0.0,0.0,0.0,0.0,1.0,0.0,0.0,1.0,0.0,0.0,0.0
EVT01036,-0.5346290764341026,1.6888002127095603,-0.4298630227675131,0.4076280432740379,0.7509201196990747,-0.985243992977916,0.8808388250731473,0.0,0.0,1.0,0.0,1.0,0.0,0.0,0.0,0.0,0.0,0.0,0.0,0.0,0.0,1.0,0.0,0.0,0.0,0.0,0.0,1.0,0.0
EVT01037,-0.5346290764341026,-1.305327499400205,1.4550418273701822,0.4076280432740379,0.7509201196990747,0.10947155477532397,0.20790768384266695,0.0,0.0,1.0,1.0,0.0,0.0,0.0,0.0,0.0,0.0,0.0,0.0,0.0,0.0,0.0,0.0,1.0,0.0,0.0,0.0,1.0,0.0
EVT01038,-0.5346290764341026,-1.3401429379131093,0.5125894023013345,0.4076280432740379,-0.0016724278835167973,0.10947155477532397,-0.0444414941187632,0.0,0.0,0.0,0.0,0.0,0.0,0.0,1.0,0.0,0.0,0.0,0.0,0.0,0.0,0.0,1.0,0.0,0.0,0.0,1.0,0.0,0.0
EVT01039,-0.5346290764341026,0.9228605654256664,0.5125894023013345,0.4076280432740379,-0.7542649754661083,-0.985243992977916,0.6284896471117172,1.0,0.0,1.0,0.0,0.0,0.0,0.0,1.0,0.0,0.0,0.0,0.0,1.0,0.0,0.0,0.0,0.0,0.0,0.0,1.0,0.0,0.0
EVT01040,2.502810533458868,-1.6534818845292476,0.5125894023013345,0.4076280432740379,0.7509201196990747,1.204187102528564,0.03967489853504685,0.0,0.0,1.0,0.0,0.0,0.0,0.0,1.0,0.0,1.0,0.0,0.0,0.0,0.0,0.0,0.0,0.0,0.0,0.0,0.0,1.0,0.0
EVT01041,1.25210010585588,1.3406458275805178,0.5125894023013345,0.4076280432740379,0.7509201196990747,0.10947155477532397,0.20790768384266695,0.0,0.0,1.0,0.0,0.0,1.0,0.0,0.0,0.0,1.0,0.0,0.0,0.0,0.0,0.0,0.0,0.0,0.0,0.0,0.0,1.0,0.0
EVT01042,-0.5346290764341026,1.0273068809643795,-0.4298630227675131,0.4076280432740379,1.503512667281666,1.204187102528564,0.03967489853504685,0.0,0.0,1.0,0.0,0.0,0.0,0.0,1.0,0.0,0.0,1.0,0.0,0.0,0.0,0.0,0.0,0.0,0.0,0.0,0.0,1.0,0.0
EVT01043,2.8601563699168646,0.5050753032708157,1.4550418273701822,0.4076280432740379,2.2561052148642577,2.298902650281804,0.1237912911888569,0.0,0.0,0.0,0.0,0.0,1.0,0.0,0.0,1.0,0.0,0.0,0.0,0.0,0.0,0.0,0.0,0.0,0.0,0.0,1.0,0.0,0.0
EVT01044,-0.5346290764341026,1.1665686350159965,-0.4298630227675131,0.4076280432740379,1.503512667281666,0.10947155477532397,0.20790768384266695,0.0,0.0,1.0,0.0,0.0,0.0,0.0,1.0,0.0,0.0,0.0,0.0,0.0,0.0,0.0,0.0,0.0,1.0,0.0,1.0,0.0,0.0
EVT01045,2.8601563699168646,0.679152495835337,0.5125894023013345,0.5501553311320931,-0.7542649754661083,0.10947155477532397,0.6284896471117172,0.0,0.0,0.0,0.0,0.0,1.0,0.0,0.0,0.0,1.0,0.0,0.0,0.0,0.0,0.0,0.0,0.0,0.0,0.0,0.0,1.0,0.0
EVT01046,-0.5346290764341026,-1.0268039912969713,-0.4298630227675131,0.5501553311320931,-0.7542649754661083,-0.985243992977916,0.8808388250731473,0.0,0.0,1.0,0.0,1.0,0.0,0.0,0.0,0.0,0.0,0.0,0.0,0.0,0.0,0.0,0.0,0.0,1.0,0.0,0.0,0.0,1.0
EVT01047,2.1454646970008713,-1.0964348683227798,-1.3723154478363608,0.5501553311320931,-0.0016724278835167973,1.204187102528564,0.7126060397655272,0.0,0.0,1.0,0.0,1.0,0.0,0.0,0.0,0.0,0.0,0.0,1.0,0.0,0.0,0.0,0.0,0.0,0.0,0.0,0.0,1.0,0.0
EVT01048,-0.5346290764341026,-0.15641802847436506,-0.4298630227675131,0.5501553311320931,-1.5068575230486998,-0.985243992977916,-0.3809070647340034,0.0,0.0,0.0,0.0,0.0,0.0,1.0,0.0,0.0,0.0,0.0,0.0,0.0,1.0,0.0,0.0,0.0,0.0,0.0,0.0,0.0,1.0
EVT01049,0.537408432939887,-1.723112761555056,-1.3723154478363608,0.5501553311320931,1.503512667281666,2.298902650281804,0.20790768384266695,0.0,0.0,1.0,0.0,0.0,0.0,0.0,1.0,0.0,0.0,0.0,1.0,0.0,0.0,0.0,0.0,0.0,0.0,0.0,0.0,1.0,0.0
EVT01050,-0.5346290764341026,-1.4097738149389178,-1.3723154478363608,0.5501553311320931,-0.7542649754661083,-0.985243992977916,-0.29679067208019333,0.0,0.0,1.0,0.0,0.0,0.0,1.0,0.0,0.0,0.0,0.0,0.0,0.0,0.0,1.0,0.0,0.0,0.0,0.0,1.0,0.0,0.0
EVT01051,0.8947542693978835,-0.08678715144855652,-1.3723154478363608,0.5501553311320931,-1.5068575230486998,0.10947155477532397,0.03967489853504685,0.0,0.0,1.0,0.0,0.0,0.0,1.0,0.0,0.0,0.0,0.0,1.0,0.0,0.0,0.0,0.0,0.0,0.0,0.0,1.0,0.0,0.0
EVT01052,-0.5346290764341026,-0.8527267987324499,-1.3723154478363608,0.5501553311320931,-0.0016724278835167973,1.204187102528564,0.7126060397655272,0.0,0.0,1.0,1.0,0.0,0.0,0.0,0.0,0.0,0.0,1.0,0.0,0.0,0.0,0.0,0.0,0.0,0.0,0.0,1.0,0.0,0.0
EVT01053,-0.5346290764341026,0.6095216188095284,1.4550418273701822,0.5501553311320931,-0.0016724278835167973,-0.985243992977916,-0.21267427942638328,0.0,0.0,1.0,0.0,0.0,1.0,0.0,0.0,0.0,0.0,0.0,0.0,0.0,0.0,0.0,0.0,1.0,0.0,1.0,0.0,0.0,0.0
EVT01054,1.6094459423138765,-1.5490355689905349,-1.3723154478363608,0.5501553311320931,0.7509201196990747,0.10947155477532397,-0.12855788677257324,0.0,0.0,1.0,0.0,0.0,1.0,0.0,0.0,0.0,0.0,0.0,1.0,0.0,0.0,0.0,0.0,0.0,0.0,0.0,1.0,0.0,0.0
EVT01055,-0.5346290764341026,-0.46975697509050324,-0.4298630227675131,0.5501553311320931,-0.7542649754661083,0.10947155477532397,0.03967489853504685,0.0,0.0,1.0,0.0,1.0,0.0,0.0,0.0,0.0,0.0,1.0,0.0,0.0,0.0,0.0,0.0,0.0,0.0,0.0,0.0,1.0,0.0
EVT01056,-0.5346290764341026,-1.305327499400205,-1.3723154478363608,0.5501553311320931,0.7509201196990747,1.204187102528564,0.7967224324193373,0.0,0.0,0.0,1.0,0.0,0.0,0.0,0.0,0.0,0.0,0.0,0.0,0.0,0.0,1.0,0.0,0.0,0.0,1.0,0.0,0.0,0.0
EVT01057,2.3241376152298696,-1.0964348683227798,-1.3723154478363608,0.6926826189901484,-0.7542649754661083,1.204187102528564,0.20790768384266695,0.0,0.0,1.0,0.0,0.0,1.0,0.0,0.0,0.0,0.0,0.0,1.0,0.0,0.0,0.0,0.0,0.0,0.0,0.0,0.0,1.0,0.0
EVT01058,-0.5346290764341026,0.9228605654256664,1.4550418273701822,0.6926826189901484,-1.5068575230486998,-0.985243992977916,0.03967489853504685,1.0,0.0,0.0,0.0,0.0,0.0,0.0,1.0,0.0,0.0,0.0,0.0,1.0,0.0,0.0,0.0,0.0,0.0,0.0,0.0,1.0,0.0
EVT01059,-0.5346290764341026,0.8880451269127623,-0.4298630227675131,0.6926826189901484,-1.5068575230486998,-0.985243992977916,0.9649552177269574,0.0,0.0,1.0,0.0,0.0,0.0,1.0,0.0,0.0,0.0,0.0,0.0,0.0,0.0,1.0,0.0,0.0,0.0,0.0,0.0,1.0,0.0
EVT01060,-0.5346290764341026,0.9228605654256664,0.5125894023013345,0.6926826189901484,-0.0016724278835167973,-0.985243992977916,0.7967224324193373,0.0,0.0,0.0,0.0,0.0,0.0,0.0,1.0,0.0,0.0,0.0,0.0,0.0,0.0,0.0,1.0,0.0,0.0,0.0,1.0,0.0,0.0
EVT01061,-0.5346290764341026,-0.7830959217066414,-1.3723154478363608,0.6926826189901484,0.7509201196990747,-0.985243992977916,0.8808388250731473,0.0,0.0,1.0,0.0,0.0,0.0,0.0,1.0,0.0,0.0,0.0,0.0,0.0,1.0,0.0,0.0,0.0,0.0,1.0,0.0,0.0,0.0
EVT01062,-0.5346290764341026,0.3658135492191986,0.5125894023013345,0.6926826189901484,-0.0016724278835167973,0.10947155477532397,0.03967489853504685,1.0,0.0,1.0,0.0,0.0,1.0,0.0,0.0,0.0,0.0,0.0,0.0,1.0,0.0,0.0,0.0,0.0,0.0,1.0,0.0,0.0,0.0
EVT01063,-0.5346290764341026,-1.0616194298098756,-1.3723154478363608,0.6926826189901484,0.7509201196990747,0.10947155477532397,0.1237912911888569,0.0,0.0,1.0,0.0,0.0,1.0,0.0,0.0,0.0,0.0,0.0,0.0,0.0,1.0,0.0,0.0,0.0,0.0,1.0,0.0,0.0,0.0
EVT01064,-0.5346290764341026,-0.8875422372453542,0.5125894023013345,0.6926826189901484,0.7509201196990747,-0.985243992977916,0.20790768384266695,0.0,0.0,1.0,0.0,0.0,0.0,0.0,1.0,0.0,0.0,0.0,0.0,0.0,0.0,0.0,0.0,1.0,0.0,0.0,1.0,0.0,0.0
EVT01065,-0.5346290764341026,-1.2008811838614923,0.5125894023013345,0.6926826189901484,0.7509201196990747,-0.985243992977916,0.9649552177269574,1.0,0.0,0.0,0.0,0.0,1.0,0.0,0.0,0.0,0.0,0.0,0.0,1.0,0.0,0.0,0.0,0.0,0.0,1.0,0.0,0.0,0.0
EVT01066,-0.5346290764341026,-1.3401429379131093,1.4550418273701822,0.6926826189901484,-0.7542649754661083,-0.985243992977916,-0.0444414941187632,1.0,0.0,0.0,0.0,0.0,1.0,0.0,0.0,0.0,0.0,0.0,0.0,1.0,0.0,0.0,0.0,0.0,0.0,1.0,0.0,0.0,0.0
EVT01067,1.6094459423138765,0.052474602603060284,0.5125894023013345,0.6926826189901484,-1.5068575230486998,0.10947155477532397,-0.3809070647340034,0.0,0.0,0.0,0.0,0.0,1.0,0.0,0.0,0.0,1.0,0.0,0.0,0.0,0.0,0.0,0.0,0.0,0.0,1.0,0.0,0.0,0.0
EVT01068,2.1454646970008713,0.4354444262450072,0.5125894023013345,0.6926826189901484,1.503512667281666,0.10947155477532397,0.9649552177269574,0.0,0.0,1.0,0.0,1.0,0.0,0.0,0.0,0.0,1.0,0.0,0.0,0.0,0.0,0.0,0.0,0.0,0.0,0.0,0.0,1.0,0.0
EVT01069,-0.5346290764341026,1.5843538971708473,-1.3723154478363608,0.8352099068482035,-0.7542649754661083,-0.985243992977916,0.8808388250731473,0.0,0.0,1.0,0.0,0.0,0.0,0.0,1.0,0.0,0.0,0.0,0.0,0.0,0.0,1.0,0.0,0.0,0.0,0.0,0.0,0.0,1.0
EVT01070,-0.5346290764341026,1.0969377579901876,-0.4298630227675131,0.8352099068482035,-0.0016724278835167973,-0.985243992977916,0.9649552177269574,0.0,0.0,1.0,1.0,0.0,0.0,0.0,0.0,0.0,0.0,1.0,0.0,0.0,0.0,0.0,0.0,0.0,0.0,1.0,0.0,0.0,0.0
EVT01071,-0.5346290764341026,0.017659164090156162,1.4550418273701822,0.8352099068482035,-0.7542649754661083,-0.985243992977916,-0.0444414941187632,0.0,0.0,1.0,1.0,0.0,0.0,0.0,0.0,0.0,0.0,0.0,0.0,0.0,0.0,0.0,0.0,1.0,0.0,0.0,1.0,0.0,0.0
EVT01072,-0.5346290764341026,1.3406458275805178,-1.3723154478363608,0.8352099068482035,0.7509201196990747,-0.985243992977916,0.20790768384266695,0.0,0.0,0.0,0.0,0.0,0.0,0.0,1.0,0.0,0.0,0.0,0.0,0.0,1.0,0.0,0.0,0.0,0.0,1.0,0.0,0.0,0.0
EVT01073,3.038829288145863,1.2361995120418048,1.4550418273701822,0.8352099068482035,1.503512667281666,0.10947155477532397,0.292024076496477,0.0,0.0,1.0,0.0,0.0,1.0,0.0,0.0,1.0,0.0,0.0,0.0,0.0,0.0,0.0,0.0,0.0,0.0,0.0,0.0,0.0,1.0
EVT01074,-0.5346290764341026,1.44509214311923,0.5125894023013345,0.8352099068482035,-0.0016724278835167973,-0.985243992977916,0.9649552177269574,0.0,0.0,1.0,0.0,0.0,0.0,1.0,0.0,0.0,0.0,0.0,0.0,0.0,0.0,0.0,1.0,0.0,0.0,0.0,1.0,0.0,0.0
EVT01075,-0.5346290764341026,-0.01715627442274796,0.5125894023013345,0.8352099068482035,1.503512667281666,0.10947155477532397,0.292024076496477,0.0,0.0,0.0,0.0,0.0,0.0,0.0,1.0,0.0,0.0,0.0,0.0,0.0,0.0,0.0,0.0,1.0,0.0,0.0,0.0,0.0,1.0
EVT01076,-0.5346290764341026,-0.8179113602195457,1.4550418273701822,0.8352099068482035,-0.7542649754661083,0.10947155477532397,-0.5491398500416235,0.0,0.0,1.0,0.0,0.0,1.0,0.0,0.0,0.0,0.0,0.0,0.0,0.0,0.0,0.0,0.0,1.0,0.0,0.0,1.0,0.0,0.0
EVT01077,-0.5346290764341026,-1.444589253451822,0.5125894023013345,0.8352099068482035,-0.0016724278835167973,0.10947155477532397,-0.4650234573878134,1.0,0.0,1.0,1.0,0.0,0.0,0.0,0.0,0.0,0.0,0.0,0.0,1.0,0.0,0.0,0.0,0.0,0.0,0.0,0.0,0.0,1.0
EVT01078,1.6094459423138765,-1.0616194298098756,0.5125894023013345,0.8352099068482035,0.7509201196990747,1.204187102528564,-0.4650234573878134,0.0,0.0,0.0,1.0,0.0,0.0,0.0,0.0,0.0,1.0,0.0,0.0,0.0,0.0,0.0,0.0,0.0,0.0,1.0,0.0,0.0,0.0
EVT01079,-0.5346290764341026,-0.46975697509050324,-0.4298630227675131,0.8352099068482035,1.503512667281666,1.204187102528564,-0.3809070647340034,0.0,0.0,1.0,0.0,0.0,0.0,1.0,0.0,0.0,0.0,0.0,0.0,0.0,0.0,1.0,0.0,0.0,0.0,0.0,1.0,0.0,0.0
EVT01080,-0.5346290764341026,1.1665686350159965,-0.4298630227675131,0.8352099068482035,-0.7542649754661083,0.10947155477532397,0.9649552177269574,0.0,0.0,0.0,1.0,0.0,0.0,0.0,0.0,0.0,0.0,0.0,0.0,0.0,0.0,0.0,0.0,0.0,1.0,0.0,1.0,0.0,0.0
EVT01081,-0.5346290764341026,-1.0616194298098756,0.5125894023013345,0.9777371947062587,-0.7542649754661083,-0.985243992977916,1.0490716103807673,1.0,1.0,1.0,0.0,0.0,1.0,0.0,0.0,0.0,0.0,0.0,0.0,1.0,0.0,0.0,0.0,0.0,0.0,1.0,0.0,0.0,0.0
EVT01082,-0.5346290764341026,0.8532296883998581,-0.4298630227675131,0.9777371947062587,-0.0016724278835167973,-0.985243992977916,1.0490716103807673,0.0,1.0,0.0,0.0,1.0,0.0,0.0,0.0,0.0,0.0,0.0,0.0,0.0,0.0,0.0,0.0,0.0,1.0,0.0,1.0,0.0,0.0
EVT01083,-0.5346290764341026,0.3309981107062945,-1.3723154478363608,0.9777371947062587,-1.5068575230486998,-0.985243992977916,-0.0444414941187632,0.0,1.0,1.0,0.0,0.0,0.0,0.0,1.0,0.0,0.0,0.0,0.0,0.0,0.0,0.0,0.0,0.0,1.0,1.0,0.0,0.0,0.0
EVT01084,-0.5346290764341026,0.40062898773210276,-1.3723154478363608,0.9777371947062587,-1.5068575230486998,-0.985243992977916,-0.0444414941187632,0.0,1.0,1.0,1.0,0.0,0.0,0.0,0.0,0.0,0.0,0.0,0.0,0.0,0.0,1.0,0.0,0.0,0.0,0.0,0.0,0.0,1.0
EVT01085,-0.5346290764341026,0.1917363566546774,0.5125894023013345,0.9777371947062587,-0.7542649754661083,-0.985243992977916,0.03967489853504685,1.0,1.0,1.0,0.0,0.0,1.0,0.0,0.0,0.0,0.0,0.0,0.0,1.0,0.0,0.0,0.0,0.0,0.0,0.0,0.0,0.0,1.0
EVT01086,-0.5346290764341026,0.08729004111596471,-1.3723154478363608,0.9777371947062587,-0.0016724278835167973,-0.985243992977916,1.1331880030345773,0.0,1.0,1.0,0.0,1.0,0.0,0.0,0.0,0.0,0.0,0.0,0.0,0.0,1.0,0.0,0.0,0.0,0.0,0.0,1.0,0.0,0.0
EVT01087,3.038829288145863,-0.46975697509050324,0.5125894023013345,0.9777371947062587,-0.7542649754661083,0.10947155477532397,0.1237912911888569,0.0,1.0,1.0,0.0,0.0,0.0,0.0,1.0,0.0,1.0,0.0,0.0,0.0,0.0,0.0,0.0,0.0,0.0,0.0,1.0,0.0,0.0
EVT01088,2.3241376152298696,0.8184142498869538,0.5125894023013345,0.9777371947062587,-0.7542649754661083,1.204187102528564,0.20790768384266695,0.0,1.0,1.0,0.0,1.0,0.0,0.0,0.0,0.0,1.0,0.0,0.0,0.0,0.0,0.0,0.0,0.0,0.0,1.0,0.0,0.0,0.0
EVT01089,0.7160813511688852,0.29618267219339006,-0.4298630227675131,0.9777371947062587,-0.7542649754661083,0.10947155477532397,-0.0444414941187632,0.0,1.0,1.0,0.0,1.0,0.0,0.0,0.0,0.0,0.0,0.0,1.0,0.0,0.0,0.0,0.0,0.0,0.0,0.0,1.0,0.0,0.0
EVT01090,-0.5346290764341026,0.9924914424514749,-0.4298630227675131,0.9777371947062587,-0.0016724278835167973,-0.985243992977916,1.0490716103807673,0.0,1.0,1.0,0.0,0.0,0.0,1.0,0.0,0.0,0.0,0.0,0.0,0.0,1.0,0.0,0.0,0.0,0.0,0.0,0.0,0.0,1.0
EVT01091,1.9667917787718732,0.08729004111596471,1.4550418273701822,0.9777371947062587,-0.7542649754661083,0.10947155477532397,-0.7173726353492436,0.0,1.0,1.0,1.0,0.0,0.0,0.0,0.0,1.0,0.0,0.0,0.0,0.0,0.0,0.0,0.0,0.0,0.0,0.0,1.0,0.0,0.0
EVT01092,-0.5346290764341026,-0.7482804831937373,0.5125894023013345,0.9777371947062587,-0.0016724278835167973,1.204187102528564,0.292024076496477,0.0,1.0,1.0,1.0,0.0,0.0,0.0,0.0,0.0,0.0,0.0,0.0,0.0,0.0,0.0,1.0,0.0,0.0,0.0,0.0,0.0,1.0
EVT01093,-0.5346290764341026,0.12210547962886883,0.5125894023013345,1.120264482564314,0.7509201196990747,1.204187102528564,0.37614046915028704,1.0,1.0,1.0,0.0,1.0,0.0,0.0,0.0,0.0,0.0,0.0,0.0,1.0,0.0,0.0,0.0,0.0,0.0,0.0,0.0,0.0,1.0
EVT01094,-0.35595615820510434,1.549538458657943,0.5125894023013345,1.120264482564314,1.503512667281666,2.298902650281804,0.4602568618040971,0.0,1.0,0.0,0.0,0.0,0.0,1.0,0.0,0.0,1.0,0.0,0.0,0.0,0.0,0.0,0.0,0.0,0.0,1.0,0.0,0.0,0.0
EVT01095,-0.5346290764341026,0.2613672336804859,-1.3723154478363608,1.120264482564314,2.2561052148642577,2.298902650281804,0.4602568618040971,0.0,1.0,1.0,0.0,1.0,0.0,0.0,0.0,0.0,0.0,0.0,0.0,0.0,1.0,0.0,0.0,0.0,0.0,0.0,0.0,0.0,1.0
EVT01096,0.7160813511688852,-0.22604890550017362,0.5125894023013345,1.120264482564314,-0.7542649754661083,1.204187102528564,-0.7173726353492436,0.0,1.0,1.0,0.0,1.0,0.0,0.0,0.0,1.0,0.0,0.0,0.0,0.0,0.0,0.0,0.0,0.0,0.0,0.0,0.0,0.0,1.0
EVT01097,-0.35595615820510434,0.9228605654256664,-1.3723154478363608,1.120264482564314,-1.5068575230486998,0.10947155477532397,1.0490716103807673,0.0,1.0,0.0,1.0,0.0,0.0,0.0,0.0,0.0,0.0,0.0,1.0,0.0,0.0,0.0,0.0,0.0,0.0,0.0,0.0,1.0,0.0
EVT01098,-0.5346290764341026,1.2710149505547088,-0.4298630227675131,1.120264482564314,3.008697762446849,2.298902650281804,0.5443732544579071,0.0,1.0,1.0,0.0,0.0,0.0,0.0,1.0,0.0,0.0,1.0,0.0,0.0,0.0,0.0,0.0,0.0,0.0,0.0,0.0,1.0,0.0
EVT01099,-0.5346290764341026,-1.2008811838614923,-0.4298630227675131,1.120264482564314,-0.7542649754661083,-0.985243992977916,0.9649552177269574,0.0,1.0,1.0,0.0,0.0,0.0,0.0,1.0,0.0,0.0,0.0,0.0,0.0,0.0,0.0,0.0,0.0,1.0,0.0,1.0,0.0,0.0
EVT01100,0.7160813511688852,0.052474602603060284,-1.3723154478363608,1.120264482564314,-0.7542649754661083,1.204187102528564,1.1331880030345773,0.0,1.0,1.0,1.0,0.0,0.0,0.0,0.0,0.0,0.0,0.0,1.0,0.0,0.0,0.0,0.0,0.0,0.0,0.0,0.0,1.0,0.0
EVT01101,-0.5346290764341026,0.8532296883998581,0.5125894023013345,1.120264482564314,-0.0016724278835167973,1.204187102528564,1.2173043956883876,0.0,1.0,1.0,1.0,0.0,0.0,0.0,0.0,0.0,0.0,0.0,0.0,0.0,0.0,0.0,0.0,1.0,0.0,0.0,0.0,0.0,1.0
EVT01102,-0.1772832399761061,1.305830389067613,0.5125894023013345,1.120264482564314,-0.0016724278835167973,0.10947155477532397,0.9649552177269574,0.0,1.0,1.0,0.0,0.0,0.0,1.0,0.0,1.0,0.0,0.0,0.0,0.0,0.0,0.0,0.0,0.0,0.0,0.0,0.0,0.0,1.0
EVT01103,-0.5346290764341026,0.9924914424514749,-1.3723154478363608,1.120264482564314,2.2561052148642577,0.10947155477532397,0.5443732544579071,0.0,1.0,0.0,1.0,0.0,0.0,0.0,0.0,0.0,0.0,0.0,0.0,0.0,0.0,1.0,0.0,0.0,0.0,0.0,1.0,0.0,0.0
EVT01104,0.18006259648189046,0.713967934348241,0.5125894023013345,1.120264482564314,-1.5068575230486998,0.10947155477532397,-0.21267427942638328,0.0,1.0,1.0,0.0,0.0,0.0,0.0,1.0,0.0,1.0,0.0,0.0,0.0,0.0,0.0,0.0,0.0,0.0,0.0,0.0,0.0,1.0
EVT01105,0.3587355147108887,-1.0616194298098756,1.4550418273701822,1.2627917704223692,2.2561052148642577,1.204187102528564,0.6284896471117172,0.0,1.0,1.0,0.0,0.0,0.0,1.0,0.0,1.0,0.0,0.0,0.0,0.0,0.0,0.0,0.0,0.0,0.0,0.0,0.0,1.0,0.0
EVT01106,-0.5346290764341026,0.8880451269127623,0.5125894023013345,1.2627917704223692,-0.7542649754661083,0.10947155477532397,-0.12855788677257324,0.0,1.0,1.0,0.0,0.0,1.0,0.0,0.0,0.0,0.0,0.0,0.0,0.0,0.0,0.0,1.0,0.0,0.0,0.0,1.0,0.0,0.0
EVT01107,1.4307730240848784,0.29618267219339006,-1.3723154478363608,1.2627917704223692,1.503512667281666,1.204187102528564,0.6284896471117172,0.0,1.0,1.0,0.0,0.0,0.0,1.0,0.0,0.0,0.0,0.0,1.0,0.0,0.0,0.0,0.0,0.0,0.0,0.0,0.0,1.0,0.0
EVT01108,-0.5346290764341026,0.6095216188095284,1.4550418273701822,1.2627917704223692,1.503512667281666,1.204187102528564,0.7126060397655272,0.0,1.0,1.0,0.0,0.0,0.0,1.0,0.0,0.0,0.0,0.0,0.0,0.0,0.0,0.0,0.0,1.0,0.0,0.0,0.0,1.0,0.0
EVT01109,-0.5346290764341026,-1.1312503068356838,0.5125894023013345,1.2627917704223692,-0.0016724278835167973,0.10947155477532397,1.0490716103807673,1.0,1.0,1.0,0.0,0.0,1.0,0.0,0.0,0.0,0.0,0.0,0.0,1.0,0.0,0.0,0.0,0.0,0.0,0.0,1.0,0.0,0.0
EVT01110,-0.35595615820510434,0.3309981107062945,0.5125894023013345,1.2627917704223692,-0.0016724278835167973,1.204187102528564,1.0490716103807673,0.0,1.0,1.0,0.0,1.0,0.0,0.0,0.0,1.0,0.0,0.0,0.0,0.0,0.0,0.0,0.0,0.0,0.0,0.0,0.0,0.0,1.0
EVT01111,0.001389678252892188,-1.688297323042152,0.5125894023013345,1.2627917704223692,1.503512667281666,2.298902650281804,0.7126060397655272,0.0,1.0,1.0,1.0,0.0,0.0,0.0,0.0,0.0,1.0,0.0,0.0,0.0,0.0,0.0,0.0,0.0,0.0,0.0,1.0,0.0,0.0
EVT01112,-0.5346290764341026,1.1317531965030918,0.5125894023013345,1.2627917704223692,-0.0016724278835167973,0.10947155477532397,-0.12855788677257324,1.0,1.0,0.0,1.0,0.0,0.0,0.0,0.0,0.0,0.0,0.0,0.0,1.0,0.0,0.0,0.0,0.0,0.0,0.0,0.0,0.0,1.0
EVT01113,-0.5346290764341026,-0.8527267987324499,0.5125894023013345,1.2627917704223692,-1.5068575230486998,-0.985243992977916,-0.21267427942638328,0.0,1.0,0.0,0.0,1.0,0.0,0.0,0.0,0.0,0.0,0.0,0.0,0.0,0.0,0.0,0.0,1.0,0.0,0.0,1.0,0.0,0.0
EVT01114,-0.5346290764341026,0.4354444262450072,-0.4298630227675131,1.2627917704223692,-0.7542649754661083,-0.985243992977916,-0.21267427942638328,0.0,1.0,1.0,0.0,0.0,1.0,0.0,0.0,0.0,0.0,1.0,0.0,0.0,0.0,0.0,0.0,0.0,0.0,0.0,0.0,1.0,0.0
EVT01115,-0.5346290764341026,-0.26086434401307773,-1.3723154478363608,1.2627917704223692,-0.7542649754661083,-0.985243992977916,1.1331880030345773,0.0,1.0,1.0,0.0,1.0,0.0,0.0,0.0,0.0,0.0,1.0,0.0,0.0,0.0,0.0,0.0,0.0,0.0,0.0,0.0,0.0,1.0
EVT01116,-0.5346290764341026,1.0969377579901876,-0.4298630227675131,1.2627917704223692,1.503512667281666,2.298902650281804,0.7967224324193373,0.0,1.0,0.0,1.0,0.0,0.0,0.0,0.0,0.0,0.0,0.0,0.0,0.0,0.0,1.0,0.0,0.0,0.0,1.0,0.0,0.0,0.0
EVT01117,3.038829288145863,0.2613672336804859,0.5125894023013345,1.4053190582804245,-0.7542649754661083,1.204187102528564,0.9649552177269574,0.0,1.0,1.0,0.0,0.0,0.0,0.0,1.0,0.0,1.0,0.0,0.0,0.0,0.0,0.0,0.0,0.0,0.0,1.0,0.0,0.0,0.0
EVT01118,0.001389678252892188,1.2361995120418048,0.5125894023013345,1.4053190582804245,1.503512667281666,2.298902650281804,0.8808388250731473,0.0,1.0,0.0,0.0,1.0,0.0,0.0,0.0,0.0,1.0,0.0,0.0,0.0,0.0,0.0,0.0,0.0,0.0,1.0,0.0,0.0,0.0
EVT01119,-0.5346290764341026,-0.01715627442274796,0.5125894023013345,1.4053190582804245,-0.0016724278835167973,-0.985243992977916,1.0490716103807673,1.0,1.0,1.0,0.0,1.0,0.0,0.0,0.0,0.0,0.0,0.0,0.0,1.0,0.0,0.0,0.0,0.0,0.0,0.0,0.0,0.0,1.0
EVT01120,-0.5346290764341026,-1.4794046919647263,0.5125894023013345,1.4053190582804245,-0.0016724278835167973,2.298902650281804,0.9649552177269574,0.0,1.0,1.0,0.0,0.0,0.0,1.0,0.0,0.0,1.0,0.0,0.0,0.0,0.0,0.0,0.0,0.0,0.0,0.0,0.0,1.0,0.0
EVT01121,3.038829288145863,-1.4794046919647263,-0.4298630227675131,1.4053190582804245,0.7509201196990747,3.393618198035044,1.0490716103807673,0.0,1.0,1.0,0.0,0.0,0.0,1.0,0.0,0.0,0.0,0.0,1.0,0.0,0.0,0.0,0.0,0.0,0.0,0.0,1.0,0.0,0.0
EVT01122,-0.5346290764341026,0.679152495835337,1.4550418273701822,1.4053190582804245,0.7509201196990747,1.204187102528564,0.8808388250731473,0.0,1.0,1.0,0.0,0.0,0.0,1.0,0.0,0.0,0.0,0.0,0.0,0.0,0.0,0.0,0.0,1.0,0.0,0.0,1.0,0.0,0.0
EVT01123,-0.5346290764341026,-0.6438341676550244,-0.4298630227675131,1.4053190582804245,-1.5068575230486998,-0.985243992977916,-0.8856054206568637,0.0,1.0,1.0,1.0,0.0,0.0,0.0,0.0,0.0,0.0,1.0,0.0,0.0,0.0,0.0,0.0,0.0,0.0,0.0,0.0,0.0,1.0
EVT01124,-0.5346290764341026,0.4354444262450072,-0.4298630227675131,1.4053190582804245,-0.7542649754661083,-0.985243992977916,-0.21267427942638328,0.0,1.0,1.0,0.0,0.0,0.0,1.0,0.0,0.0,0.0,0.0,0.0,0.0,0.0,0.0,0.0,0.0,1.0,1.0,0.0,0.0,0.0
EVT01125,-0.5346290764341026,0.5398907417837199,-1.3723154478363608,1.4053190582804245,-0.7542649754661083,0.10947155477532397,-0.8014890280030535,0.0,1.0,0.0,1.0,0.0,0.0,0.0,0.0,0.0,0.0,0.0,1.0,0.0,0.0,0.0,0.0,0.0,0.0,0.0,0.0,1.0,0.0
EVT01126,-0.5346290764341026,1.305830389067613,0.5125894023013345,1.4053190582804245,-0.7542649754661083,-0.985243992977916,-0.12855788677257324,0.0,1.0,1.0,0.0,0.0,0.0,1.0,0.0,0.0,0.0,0.0,0.0,0.0,0.0,0.0,0.0,1.0,0.0,0.0,0.0,1.0,0.0
EVT01127,-0.5346290764341026,0.47025986475791126,-1.3723154478363608,1.4053190582804245,0.7509201196990747,3.393618198035044,1.0490716103807673,0.0,1.0,1.0,0.0,1.0,0.0,0.0,0.0,0.0,0.0,0.0,1.0,0.0,0.0,0.0,0.0,0.0,0.0,0.0,1.0,0.0,0.0
EVT01128,-0.5346290764341026,0.1917363566546774,-0.4298630227675131,1.4053190582804245,-0.0016724278835167973,0.10947155477532397,-0.7173726353492436,0.0,1.0,0.0,0.0,1.0,0.0,0.0,0.0,0.0,0.0,0.0,0.0,0.0,0.0,0.0,0.0,0.0,1.0,0.0,0.0,1.0,0.0
EVT01129,0.7160813511688852,1.0621223194772835,1.4550418273701822,1.5478463461384797,-0.7542649754661083,0.10947155477532397,0.8808388250731473,0.0,1.0,1.0,0.0,0.0,1.0,0.0,0.0,1.0,0.0,0.0,0.0,0.0,0.0,0.0,0.0,0.0,0.0,0.0,1.0,0.0,0.0
EVT01130,-0.5346290764341026,0.1917363566546774,1.4550418273701822,1.5478463461384797,0.7509201196990747,0.10947155477532397,-0.8014890280030535,1.0,1.0,1.0,0.0,0.0,0.0,0.0,1.0,0.0,0.0,0.0,0.0,1.0,0.0,0.0,0.0,0.0,0.0,1.0,0.0,0.0,0.0
EVT01131,-0.5346290764341026,0.9924914424514749,-0.4298630227675131,1.5478463461384797,0.7509201196990747,2.298902650281804,1.1331880030345773,0.0,1.0,1.0,0.0,0.0,0.0,0.0,1.0,0.0,0.0,0.0,0.0,0.0,1.0,0.0,0.0,0.0,0.0,0.0,0.0,0.0,1.0
EVT01132,-0.5346290764341026,-1.3401429379131093,0.5125894023013345,1.5478463461384797,-1.5068575230486998,-0.985243992977916,-0.21267427942638328,1.0,1.0,1.0,0.0,0.0,1.0,0.0,0.0,0.0,0.0,0.0,0.0,1.0,0.0,0.0,0.0,0.0,0.0,1.0,0.0,0.0,0.0
EVT01133,-0.5346290764341026,-0.3304952210388863,-1.3723154478363608,1.5478463461384797,1.503512667281666,0.10947155477532397,-0.8014890280030535,0.0,1.0,1.0,0.0,0.0,1.0,0.0,0.0,0.0,0.0,0.0,0.0,0.0,1.0,0.0,0.0,0.0,0.0,0.0,0.0,1.0,0.0
EVT01134,-0.5346290764341026,-0.05197171293565239,-0.4298630227675131,1.5478463461384797,2.2561052148642577,0.10947155477532397,-0.7173726353492436,0.0,1.0,1.0,0.0,1.0,0.0,0.0,0.0,0.0,0.0,0.0,0.0,0.0,1.0,0.0,0.0,0.0,0.0,0.0,0.0,1.0,0.0
EVT01135,0.537408432939887,-1.6186664460163434,0.5125894023013345,1.5478463461384797,3.008697762446849,1.204187102528564,-0.6332562426954335,0.0,1.0,0.0,0.0,0.0,0.0,0.0,1.0,1.0,0.0,0.0,0.0,0.0,0.0,0.0,0.0,0.0,0.0,0.0,1.0,0.0,0.0
EVT01136,-0.35595615820510434,-1.5142201304776308,0.5125894023013345,1.5478463461384797,-0.7542649754661083,1.204187102528564,0.9649552177269574,0.0,1.0,1.0,0.0,0.0,0.0,1.0,0.0,0.0,1.0,0.0,0.0,0.0,0.0,0.0,0.0,0.0,0.0,0.0,0.0,0.0,1.0
EVT01137,-0.5346290764341026,-0.5045724136034075,-0.4298630227675131,1.5478463461384797,-0.0016724278835167973,1.204187102528564,1.0490716103807673,0.0,1.0,1.0,0.0,0.0,0.0,0.0,1.0,0.0,0.0,0.0,0.0,0.0,0.0,0.0,0.0,0.0,1.0,0.0,0.0,0.0,1.0
EVT01138,0.3587355147108887,-1.444589253451822,1.4550418273701822,1.5478463461384797,-0.0016724278835167973,1.204187102528564,1.1331880030345773,0.0,1.0,1.0,0.0,0.0,0.0,0.0,1.0,1.0,0.0,0.0,0.0,0.0,0.0,0.0,0.0,0.0,0.0,0.0,0.0,1.0,0.0
EVT01139,-0.5346290764341026,-1.305327499400205,0.5125894023013345,1.5478463461384797,0.7509201196990747,1.204187102528564,1.1331880030345773,0.0,1.0,1.0,0.0,0.0,0.0,1.0,0.0,0.0,0.0,0.0,0.0,0.0,0.0,0.0,1.0,0.0,0.0,0.0,0.0,0.0,1.0
EVT01140,-0.5346290764341026,1.6888002127095603,-0.4298630227675131,1.5478463461384797,-1.5068575230486998,-0.985243992977916,-0.3809070647340034,0.0,1.0,0.0,0.0,0.0,0.0,1.0,0.0,0.0,0.0,1.0,0.0,0.0,0.0,0.0,0.0,0.0,0.0,1.0,0.0,0.0,0.0
EVT01141,0.8947542693978835,-0.9571731142711627,0.5125894023013345,1.690373633996535,0.7509201196990747,2.298902650281804,1.1331880030345773,0.0,1.0,1.0,0.0,0.0,0.0,0.0,1.0,0.0,1.0,0.0,0.0,0.0,0.0,0.0,0.0,0.0,0.0,0.0,1.0,0.0,0.0
EVT01142,-0.5346290764341026,-0.9571731142711627,-0.4298630227675131,1.690373633996535,-1.5068575230486998,-0.985243992977916,0.7126060397655272,0.0,1.0,1.0,0.0,0.0,1.0,0.0,0.0,0.0,0.0,0.0,0.0,0.0,0.0,1.0,0.0,0.0,0.0,0.0,0.0,1.0,0.0
EVT01143,-0.5346290764341026,1.410276704606326,-1.3723154478363608,1.690373633996535,0.7509201196990747,1.204187102528564,1.2173043956883876,0.0,1.0,1.0,0.0,0.0,0.0,0.0,1.0,0.0,0.0,0.0,0.0,0.0,1.0,0.0,0.0,0.0,0.0,0.0,0.0,1.0,0.0
EVT01144,-0.5346290764341026,-0.434941536577599,0.5125894023013345,1.690373633996535,-0.7542649754661083,-0.985243992977916,-0.12855788677257324,0.0,1.0,1.0,0.0,0.0,0.0,1.0,0.0,0.0,0.0,0.0,0.0,0.0,0.0,0.0,0.0,1.0,0.0,0.0,0.0,1.0,0.0
EVT01145,-0.5346290764341026,-1.0616194298098756,0.5125894023013345,1.690373633996535,-0.7542649754661083,-0.985243992977916,-0.5491398500416235,0.0,1.0,1.0,0.0,1.0,0.0,0.0,0.0,0.0,0.0,0.0,0.0,0.0,0.0,0.0,1.0,0.0,0.0,1.0,0.0,0.0,0.0
EVT01146,3.038829288145863,-0.574203290629216,-0.4298630227675131,1.690373633996535,-0.0016724278835167973,1.204187102528564,-0.5491398500416235,0.0,1.0,1.0,0.0,0.0,1.0,0.0,0.0,0.0,0.0,0.0,1.0,0.0,0.0,0.0,0.0,0.0,0.0,0.0,0.0,1.0,0.0
EVT01147,-0.5346290764341026,-0.26086434401307773,1.4550418273701822,1.690373633996535,1.503512667281666,1.204187102528564,1.1331880030345773,1.0,1.0,1.0,1.0,0.0,0.0,0.0,0.0,0.0,0.0,0.0,0.0,1.0,0.0,0.0,0.0,0.0,0.0,0.0,0.0,0.0,1.0
EVT01148,-0.1772832399761061,0.9924914424514749,0.5125894023013345,1.690373633996535,-0.7542649754661083,0.10947155477532397,0.7967224324193373,0.0,1.0,1.0,0.0,1.0,0.0,0.0,0.0,0.0,1.0,0.0,0.0,0.0,0.0,0.0,0.0,0.0,0.0,0.0,0.0,0.0,1.0
EVT01149,-0.5346290764341026,1.7584310897353683,1.4550418273701822,1.690373633996535,-0.7542649754661083,-0.985243992977916,-0.21267427942638328,0.0,1.0,1.0,0.0,0.0,0.0,0.0,1.0,0.0,0.0,0.0,0.0,0.0,0.0,0.0,1.0,0.0,0.0,0.0,1.0,0.0,0.0
EVT01150,-0.5346290764341026,-1.3749583764260136,-0.4298630227675131,1.690373633996535,-0.0016724278835167973,0.10947155477532397,0.8808388250731473,0.0,1.0,1.0,1.0,0.0,0.0,0.0,0.0,0.0,0.0,1.0,0.0,0.0,0.0,0.0,0.0,0.0,0.0,0.0,1.0,0.0,0.0
EVT01151,-0.5346290764341026,1.44509214311923,0.5125894023013345,1.690373633996535,-0.7542649754661083,-0.985243992977916,1.0490716103807673,0.0,1.0,1.0,0.0,0.0,0.0,0.0,1.0,0.0,0.0,0.0,0.0,0.0,0.0,0.0,1.0,0.0,0.0,0.0,1.0,0.0,0.0
EVT01152,-0.5346290764341026,-0.15641802847436506,-1.3723154478363608,1.690373633996535,-0.0016724278835167973,-0.985243992977916,-0.12855788677257324,0.0,1.0,0.0,0.0,0.0,0.0,0.0,1.0,0.0,0.0,0.0,0.0,0.0,0.0,1.0,0.0,0.0,0.0,0.0,1.0,0.0,0.0
EVT01153,-0.5346290764341026,-0.22604890550017362,-1.3723154478363608,-1.5877539867387354,0.7509201196990747,0.10947155477532397,0.9649552177269574,0.0,1.0,0.0,0.0,0.0,1.0,0.0,0.0,0.0,0.0,0.0,0.0,0.0,1.0,0.0,0.0,0.0,0.0,1.0,0.0,0.0,0.0
EVT01154,-0.5346290764341026,-1.0616194298098756,-0.4298630227675131,-1.5877539867387354,0.7509201196990747,-0.985243992977916,-0.0444414941187632,0.0,1.0,0.0,1.0,0.0,0.0,0.0,0.0,0.0,0.0,0.0,0.0,0.0,1.0,0.0,0.0,0.0,0.0,0.0,1.0,0.0,0.0
EVT01155,-0.5346290764341026,-0.19123346698726917,0.5125894023013345,-1.5877539867387354,-0.7542649754661083,0.10947155477532397,-0.4650234573878134,0.0,1.0,1.0,0.0,0.0,0.0,0.0,1.0,0.0,0.0,0.0,0.0,0.0,0.0,0.0,1.0,0.0,0.0,0.0,0.0,1.0,0.0
EVT01156,-0.5346290764341026,0.7835988113740496,1.4550418273701822,-1.5877539867387354,1.503512667281666,-0.985243992977916,0.03967489853504685,0.0,1.0,0.0,0.0,0.0,1.0,0.0,0.0,0.0,0.0,0.0,0.0,0.0,0.0,0.0,1.0,0.0,0.0,0.0,1.0,0.0,0.0
EVT01157,-0.5346290764341026,-0.19123346698726917,-1.3723154478363608,-1.5877539867387354,1.503512667281666,-0.985243992977916,0.03967489853504685,0.0,1.0,0.0,1.0,0.0,0.0,0.0,0.0,0.0,0.0,0.0,0.0,0.0,1.0,0.0,0.0,0.0,0.0,0.0,0.0,1.0,0.0
EVT01158,2.502810533458868,-0.7482804831937373,-0.4298630227675131,-1.5877539867387354,2.2561052148642577,0.10947155477532397,0.1237912911888569,0.0,1.0,0.0,0.0,0.0,0.0,1.0,0.0,0.0,0.0,0.0,1.0,0.0,0.0,0.0,0.0,0.0,0.0,0.0,1.0,0.0,0.0
EVT01159,-0.5346290764341026,0.574706180296624,1.4550418273701822,-1.5877539867387354,-0.0016724278835167973,0.10947155477532397,0.9649552177269574,0.0,1.0,0.0,1.0,0.0,0.0,0.0,0.0,0.0,0.0,0.0,0.0,0.0,0.0,0.0,0.0,1.0,0.0,1.0,0.0,0.0,0.0
EVT01160,-0.5346290764341026,-0.6438341676550244,0.5125894023013345,-1.5877539867387354,3.008697762446849,0.10947155477532397,0.1237912911888569,1.0,1.0,1.0,0.0,0.0,1.0,0.0,0.0,0.0,0.0,0.0,0.0,1.0,0.0,0.0,0.0,0.0,0.0,0.0,1.0,0.0,0.0
EVT01161,-0.5346290764341026,1.5843538971708473,-0.4298630227675131,-1.5877539867387354,-0.7542649754661083,-0.985243992977916,0.9649552177269574,0.0,1.0,1.0,0.0,0.0,0.0,1.0,0.0,0.0,0.0,1.0,0.0,0.0,0.0,0.0,0.0,0.0,0.0,0.0,0.0,0.0,1.0
EVT01162,-0.5346290764341026,1.1317531965030918,0.5125894023013345,-1.5877539867387354,-0.0016724278835167973,-0.985243992977916,1.0490716103807673,0.0,1.0,1.0,0.0,0.0,0.0,0.0,1.0,0.0,0.0,0.0,0.0,0.0,0.0,0.0,1.0,0.0,0.0,0.0,0.0,0.0,1.0
EVT01163,-0.5346290764341026,1.2710149505547088,1.4550418273701822,-1.5877539867387354,-0.7542649754661083,-0.985243992977916,-0.3809070647340034,0.0,1.0,1.0,0.0,1.0,0.0,0.0,0.0,0.0,0.0,0.0,0.0,0.0,0.0,0.0,0.0,1.0,0.0,0.0,1.0,0.0,0.0
EVT01164,1.0734271876268817,-0.01715627442274796,0.5125894023013345,-1.5877539867387354,-0.0016724278835167973,0.10947155477532397,1.1331880030345773,0.0,1.0,1.0,1.0,0.0,0.0,0.0,0.0,0.0,1.0,0.0,0.0,0.0,0.0,0.0,0.0,0.0,0.0,0.0,0.0,1.0,0.0
EVT01165,-0.5346290764341026,-1.723112761555056,-1.3723154478363608,-1.4452266988806801,2.2561052148642577,0.10947155477532397,0.03967489853504685,0.0,1.0,1.0,0.0,0.0,0.0,1.0,0.0,0.0,0.0,1.0,0.0,0.0,0.0,0.0,0.0,0.0,0.0,0.0,0.0,0.0,1.0
EVT01166,-0.5346290764341026,1.44509214311923,0.5125894023013345,-1.4452266988806801,-1.5068575230486998,-0.985243992977916,0.7126060397655272,0.0,1.0,1.0,1.0,0.0,0.0,0.0,0.0,0.0,0.0,0.0,0.0,0.0,0.0,0.0,1.0,0.0,0.0,1.0,0.0,0.0,0.0
EVT01167,1.7881188605428748,-1.3401429379131093,-0.4298630227675131,-1.4452266988806801,-0.7542649754661083,0.10947155477532397,0.7967224324193373,0.0,1.0,1.0,0.0,0.0,0.0,1.0,0.0,0.0,0.0,0.0,1.0,0.0,0.0,0.0,0.0,0.0,0.0,1.0,0.0,0.0,0.0
EVT01168,-0.5346290764341026,-0.15641802847436506,1.4550418273701822,-1.4452266988806801,2.2561052148642577,0.10947155477532397,-0.0444414941187632,0.0,1.0,0.0,0.0,0.0,1.0,0.0,0.0,0.0,0.0,0.0,0.0,0.0,0.0,0.0,1.0,0.0,0.0,1.0,0.0,0.0,0.0
EVT01169,-0.5346290764341026,-0.8875422372453542,-1.3723154478363608,-1.4452266988806801,-1.5068575230486998,-0.985243992977916,-0.8014890280030535,0.0,1.0,1.0,0.0,0.0,1.0,0.0,0.0,0.0,0.0,0.0,0.0,0.0,1.0,0.0,0.0,0.0,0.0,1.0,0.0,0.0,0.0
EVT01170,-0.5346290764341026,0.4354444262450072,0.5125894023013345,-1.4452266988806801,1.503512667281666,0.10947155477532397,0.03967489853504685,0.0,1.0,1.0,1.0,0.0,0.0,0.0,0.0,0.0,0.0,0.0,0.0,0.0,0.0,0.0,1.0,0.0,0.0,0.0,0.0,1.0,0.0
EVT01171,-0.5346290764341026,0.5398907417837199,0.5125894023013345,-1.4452266988806801,-0.0016724278835167973,0.10947155477532397,0.8808388250731473,0.0,1.0,1.0,1.0,0.0,0.0,0.0,0.0,0.0,0.0,0.0,0.0,0.0,0.0,0.0,0.0,1.0,0.0,0.0,0.0,0.0,1.0
EVT01172,-0.5346290764341026,1.305830389067613,1.4550418273701822,-1.4452266988806801,0.7509201196990747,0.10947155477532397,0.9649552177269574,0.0,1.0,1.0,0.0,0.0,0.0,1.0,0.0,0.0,0.0,0.0,0.0,0.0,0.0,0.0,0.0,1.0,0.0,0.0,0.0,1.0,0.0
EVT01173,-0.5346290764341026,-1.0964348683227798,-0.4298630227675131,-1.4452266988806801,0.7509201196990747,0.10947155477532397,0.9649552177269574,0.0,1.0,1.0,0.0,0.0,1.0,0.0,0.0,0.0,0.0,0.0,0.0,0.0,0.0,0.0,0.0,0.0,1.0,0.0,0.0,1.0,0.0
EVT01174,-0.5346290764341026,-1.4794046919647263,-0.4298630227675131,-1.4452266988806801,-0.7542649754661083,-0.985243992977916,-0.29679067208019333,0.0,1.0,1.0,0.0,0.0,0.0,0.0,1.0,0.0,0.0,1.0,0.0,0.0,0.0,0.0,0.0,0.0,0.0,0.0,0.0,1.0,0.0
EVT01175,-0.5346290764341026,0.5050753032708157,-1.3723154478363608,-1.4452266988806801,0.7509201196990747,-0.985243992977916,0.1237912911888569,0.0,1.0,0.0,1.0,0.0,0.0,0.0,0.0,0.0,0.0,0.0,0.0,0.0,0.0,0.0,0.0,0.0,1.0,0.0,0.0,1.0,0.0
EVT01176,-0.5346290764341026,-0.9223576757582586,-0.4298630227675131,-1.4452266988806801,-1.5068575230486998,-0.985243992977916,0.8808388250731473,0.0,1.0,0.0,1.0,0.0,0.0,0.0,0.0,0.0,0.0,1.0,0.0,0.0,0.0,0.0,0.0,0.0,0.0,1.0,0.0,0.0,0.0
EVT01177,-0.5346290764341026,-0.9223576757582586,-0.4298630227675131,-1.3026994110226249,1.503512667281666,-0.985243992977916,0.1237912911888569,0.0,1.0,1.0,0.0,0.0,1.0,0.0,0.0,0.0,0.0,1.0,0.0,0.0,0.0,0.0,0.0,0.0,0.0,0.0,0.0,1.0,0.0
EVT01178,-0.5346290764341026,0.052474602603060284,0.5125894023013345,-1.3026994110226249,1.503512667281666,-0.985243992977916,0.20790768384266695,0.0,1.0,1.0,0.0,0.0,1.0,0.0,0.0,0.0,0.0,0.0,0.0,0.0,0.0,0.0,0.0,1.0,0.0,1.0,0.0,0.0,0.0
EVT01179,2.502810533458868,1.0621223194772835,-0.4298630227675131,-1.3026994110226249,0.7509201196990747,1.204187102528564,0.7967224324193373,0.0,1.0,0.0,0.0,1.0,0.0,0.0,0.0,0.0,0.0,0.0,1.0,0.0,0.0,0.0,0.0,0.0,0.0,0.0,0.0,0.0,1.0
EVT01180,-0.5346290764341026,1.410276704606326,0.5125894023013345,-1.3026994110226249,0.7509201196990747,0.10947155477532397,0.8808388250731473,0.0,1.0,0.0,0.0,0.0,0.0,0.0,1.0,0.0,0.0,0.0,0.0,0.0,0.0,0.0,1.0,0.0,0.0,0.0,0.0,1.0,0.0
EVT01181,2.1454646970008713,-1.0268039912969713,-0.4298630227675131,-1.3026994110226249,1.503512667281666,1.204187102528564,0.9649552177269574,0.0,1.0,0.0,0.0,0.0,1.0,0.0,0.0,0.0,0.0,0.0,1.0,0.0,0.0,0.0,0.0,0.0,0.0,0.0,0.0,1.0,0.0
EVT01182,-0.5346290764341026,0.15692091814177325,-0.4298630227675131,-1.3026994110226249,-0.7542649754661083,-0.985243992977916,0.8808388250731473,0.0,1.0,1.0,0.0,1.0,0.0,0.0,0.0,0.0,0.0,0.0,0.0,0.0,0.0,0.0,0.0,0.0,1.0,0.0,0.0,0.0,1.0
EVT01183,-0.5346290764341026,-0.8527267987324499,1.4550418273701822,-1.3026994110226249,-0.7542649754661083,-0.985243992977916,-0.29679067208019333,0.0,1.0,1.0,0.0,0.0,0.0,0.0,1.0,0.0,0.0,0.0,0.0,0.0,0.0,0.0,1.0,0.0,0.0,0.0,0.0,0.0,1.0
EVT01184,-0.5346290764341026,-0.991988552784067,0.5125894023013345,-1.3026994110226249,-0.0016724278835167973,-0.985243992977916,-0.21267427942638328,1.0,1.0,1.0,1.0,0.0,0.0,0.0,0.0,0.0,0.0,0.0,0.0,1.0,0.0,0.0,0.0,0.0,0.0,0.0,0.0,1.0,0.0
EVT01185,-0.5346290764341026,-1.5142201304776308,-1.3723154478363608,-1.3026994110226249,0.7509201196990747,1.204187102528564,0.9649552177269574,0.0,1.0,1.0,0.0,1.0,0.0,0.0,0.0,0.0,0.0,1.0,0.0,0.0,0.0,0.0,0.0,0.0,0.0,0.0,1.0,0.0,0.0
EVT01186,-0.5346290764341026,1.305830389067613,1.4550418273701822,-1.3026994110226249,0.7509201196990747,-0.985243992977916,0.20790768384266695,0.0,1.0,0.0,0.0,0.0,0.0,1.0,0.0,0.0,0.0,0.0,0.0,0.0,0.0,0.0,0.0,1.0,0.0,0.0,1.0,0.0,0.0
EVT01187,1.6094459423138765,0.4354444262450072,-0.4298630227675131,-1.3026994110226249,-0.0016724278835167973,0.10947155477532397,-0.12855788677257324,0.0,1.0,1.0,1.0,0.0,0.0,0.0,0.0,0.0,0.0,0.0,1.0,0.0,0.0,0.0,0.0,0.0,0.0,0.0,0.0,1.0,0.0
EVT01188,-0.5346290764341026,-1.4794046919647263,-0.4298630227675131,-1.3026994110226249,1.503512667281666,1.204187102528564,1.0490716103807673,0.0,1.0,0.0,0.0,1.0,0.0,0.0,0.0,0.0,0.0,0.0,0.0,0.0,0.0,0.0,0.0,0.0,1.0,0.0,1.0,0.0,0.0
EVT01189,-0.5346290764341026,-0.6438341676550244,-0.4298630227675131,-1.1601721231645696,2.2561052148642577,1.204187102528564,1.1331880030345773,0.0,1.0,0.0,1.0,0.0,0.0,0.0,0.0,0.0,0.0,0.0,0.0,0.0,1.0,0.0,0.0,0.0,0.0,1.0,0.0,0.0,0.0
EVT01190,0.18006259648189046,-1.688297323042152,0.5125894023013345,-1.1601721231645696,3.008697762446849,2.298902650281804,1.2173043956883876,0.0,1.0,1.0,1.0,0.0,0.0,0.0,0.0,0.0,1.0,0.0,0.0,0.0,0.0,0.0,0.0,0.0,0.0,0.0,0.0,0.0,1.0
EVT01191,-0.5346290764341026,-0.29567978252598215,-1.3723154478363608,-1.1601721231645696,-1.5068575230486998,-0.985243992977916,-0.9697218133106736,0.0,1.0,0.0,0.0,1.0,0.0,0.0,0.0,0.0,0.0,0.0,0.0,0.0,0.0,1.0,0.0,0.0,0.0,1.0,0.0,0.0,0.0
EVT01192,-0.5346290764341026,0.2613672336804859,-1.3723154478363608,-1.1601721231645696,0.7509201196990747,0.10947155477532397,-0.12855788677257324,0.0,1.0,1.0,0.0,1.0,0.0,0.0,0.0,0.0,0.0,0.0,0.0,0.0,0.0,0.0,0.0,0.0,1.0,0.0,0.0,0.0,1.0
EVT01193,-0.5346290764341026,0.2265517951675815,-0.4298630227675131,-1.1601721231645696,-0.7542649754661083,-0.985243992977916,0.9649552177269574,0.0,1.0,1.0,0.0,0.0,1.0,0.0,0.0,0.0,0.0,1.0,0.0,0.0,0.0,0.0,0.0,0.0,0.0,0.0,1.0,0.0,0.0
EVT01194,-0.5346290764341026,1.3754612660934218,-0.4298630227675131,-1.1601721231645696,-0.7542649754661083,-0.985243992977916,-0.9697218133106736,0.0,1.0,1.0,0.0,0.0,0.0,0.0,1.0,0.0,0.0,0.0,0.0,0.0,1.0,0.0,0.0,0.0,0.0,0.0,1.0,0.0,0.0
EVT01195,0.001389678252892188,-1.5490355689905349,0.5125894023013345,-1.1601721231645696,-0.7542649754661083,0.10947155477532397,0.9649552177269574,0.0,1.0,0.0,1.0,0.0,0.0,0.0,0.0,0.0,1.0,0.0,0.0,0.0,0.0,0.0,0.0,0.0,0.0,0.0,0.0,0.0,1.0
EVT01196,-0.5346290764341026,-0.6786496061679288,-1.3723154478363608,-1.1601721231645696,-0.7542649754661083,-0.985243992977916,0.20790768384266695,0.0,1.0,0.0,0.0,0.0,1.0,0.0,0.0,0.0,0.0,0.0,0.0,0.0,1.0,0.0,0.0,0.0,0.0,0.0,1.0,0.0,0.0
EVT01197,1.25210010585588,-1.270512060887301,-0.4298630227675131,-1.1601721231645696,-0.0016724278835167973,0.10947155477532397,0.292024076496477,0.0,1.0,1.0,0.0,0.0,0.0,1.0,0.0,0.0,0.0,0.0,1.0,0.0,0.0,0.0,0.0,0.0,0.0,0.0,0.0,1.0,0.0
EVT01198,0.001389678252892188,0.8532296883998581,0.5125894023013345,-1.1601721231645696,-0.0016724278835167973,1.204187102528564,1.0490716103807673,0.0,1.0,1.0,0.0,0.0,0.0,1.0,0.0,1.0,0.0,0.0,0.0,0.0,0.0,0.0,0.0,0.0,0.0,0.0,1.0,0.0,0.0
EVT01199,-0.5346290764341026,1.3754612660934218,1.4550418273701822,-1.1601721231645696,0.7509201196990747,1.204187102528564,1.1331880030345773,1.0,1.0,0.0,0.0,0.0,0.0,0.0,1.0,0.0,0.0,0.0,0.0,1.0,0.0,0.0,0.0,0.0,0.0,0.0,0.0,1.0,0.0
EVT01200,1.9667917787718732,1.2013840735289005,-0.4298630227675131,-1.1601721231645696,0.7509201196990747,1.204187102528564,1.1331880030345773,0.0,1.0,0.0,0.0,0.0,1.0,0.0,0.0,0.0,0.0,0.0,1.0,0.0,0.0,0.0,0.0,0.0,0.0,0.0,0.0,1.0,0.0
EVT01201,-0.5346290764341026,-0.6786496061679288,1.4550418273701822,-1.0176448353065144,-0.7542649754661083,-0.985243992977916,-0.12855788677257324,0.0,1.0,1.0,0.0,0.0,0.0,0.0,1.0,0.0,0.0,0.0,0.0,0.0,0.0,0.0,1.0,0.0,0.0,0.0,0.0,0.0,1.0
EVT01202,-0.5346290764341026,-1.1312503068356838,-1.3723154478363608,-1.0176448353065144,1.503512667281666,1.204187102528564,1.2173043956883876,0.0,1.0,1.0,0.0,1.0,0.0,0.0,0.0,0.0,0.0,0.0,0.0,0.0,1.0,0.0,0.0,0.0,0.0,0.0,0.0,1.0,0.0
EVT01203,-0.5346290764341026,-0.29567978252598215,0.5125894023013345,-1.0176448353065144,-0.0016724278835167973,-0.985243992977916,-0.0444414941187632,1.0,1.0,1.0,0.0,0.0,1.0,0.0,0.0,0.0,0.0,0.0,0.0,1.0,0.0,0.0,0.0,0.0,0.0,0.0,0.0,1.0,0.0
EVT01204,-0.5346290764341026,-1.444589253451822,-0.4298630227675131,-1.0176448353065144,-1.5068575230486998,-0.985243992977916,0.5443732544579071,0.0,1.0,1.0,0.0,0.0,0.0,1.0,0.0,0.0,0.0,1.0,0.0,0.0,0.0,0.0,0.0,0.0,0.0,0.0,0.0,1.0,0.0
EVT01205,-0.5346290764341026,-1.583851007503439,0.5125894023013345,-1.0176448353065144,-0.0016724278835167973,-0.985243992977916,0.03967489853504685,1.0,1.0,0.0,1.0,0.0,0.0,0.0,0.0,0.0,0.0,0.0,0.0,1.0,0.0,0.0,0.0,0.0,0.0,0.0,1.0,0.0,0.0
EVT01206,-0.5346290764341026,-1.4794046919647263,-0.4298630227675131,-1.0176448353065144,-0.7542649754661083,-0.985243992977916,-0.9697218133106736,0.0,1.0,0.0,0.0,0.0,1.0,0.0,0.0,0.0,0.0,1.0,0.0,0.0,0.0,0.0,0.0,0.0,0.0,0.0,0.0,1.0,0.0
EVT01207,0.7160813511688852,1.0969377579901876,0.5125894023013345,-1.0176448353065144,0.7509201196990747,0.10947155477532397,0.1237912911888569,0.0,1.0,1.0,0.0,0.0,1.0,0.0,0.0,0.0,1.0,0.0,0.0,0.0,0.0,0.0,0.0,0.0,0.0,1.0,0.0,0.0,0.0
EVT01208,-0.1772832399761061,1.6888002127095603,0.5125894023013345,-1.0176448353065144,-0.7542649754661083,0.10947155477532397,0.6284896471117172,0.0,1.0,1.0,0.0,0.0,0.0,1.0,0.0,0.0,1.0,0.0,0.0,0.0,0.0,0.0,0.0,0.0,0.0,0.0,1.0,0.0,0.0
EVT01209,-0.5346290764341026,1.0969377579901876,0.5125894023013345,-1.0176448353065144,0.7509201196990747,0.10947155477532397,0.8808388250731473,0.0,1.0,1.0,0.0,0.0,0.0,0.0,1.0,0.0,0.0,0.0,0.0,0.0,0.0,0.0,0.0,1.0,0.0,0.0,0.0,1.0,0.0
EVT01210,-0.5346290764341026,0.679152495835337,-1.3723154478363608,-1.0176448353065144,1.503512667281666,0.10947155477532397,0.20790768384266695,0.0,1.0,1.0,1.0,0.0,0.0,0.0,0.0,0.0,0.0,0.0,0.0,0.0,0.0,0.0,0.0,0.0,1.0,0.0,1.0,0.0,0.0
EVT01211,-0.5346290764341026,1.6888002127095603,-1.3723154478363608,-1.0176448353065144,2.2561052148642577,0.10947155477532397,0.292024076496477,0.0,1.0,1.0,0.0,0.0,1.0,0.0,0.0,0.0,0.0,0.0,0.0,0.0,0.0,1.0,0.0,0.0,0.0,0.0,0.0,0.0,1.0
EVT01212,-0.5346290764341026,0.052474602603060284,-0.4298630227675131,-1.0176448353065144,3.008697762446849,0.10947155477532397,0.37614046915028704,0.0,1.0,1.0,0.0,0.0,0.0,1.0,0.0,0.0,0.0,0.0,0.0,0.0,0.0,1.0,0.0,0.0,0.0,0.0,1.0,0.0,0.0
EVT01213,-0.5346290764341026,-0.05197171293565239,-0.4298630227675131,-0.8751175474484592,-1.5068575230486998,-0.985243992977916,1.0490716103807673,0.0,1.0,1.0,0.0,0.0,0.0,1.0,0.0,0.0,0.0,0.0,0.0,0.0,1.0,0.0,0.0,0.0,0.0,0.0,0.0,0.0,1.0
EVT01214,3.038829288145863,0.5398907417837199,-1.3723154478363608,-0.8751175474484592,-0.7542649754661083,0.10947155477532397,1.1331880030345773,0.0,1.0,0.0,0.0,0.0,0.0,0.0,1.0,0.0,0.0,0.0,1.0,0.0,0.0,0.0,0.0,0.0,0.0,0.0,0.0,0.0,1.0
EVT01215,1.6094459423138765,-1.4097738149389178,-0.4298630227675131,-0.8751175474484592,-0.0016724278835167973,1.204187102528564,1.2173043956883876,0.0,1.0,1.0,0.0,0.0,1.0,0.0,0.0,0.0,0.0,0.0,1.0,0.0,0.0,0.0,0.0,0.0,0.0,0.0,1.0,0.0,0.0
EVT01216,0.001389678252892188,-0.434941536577599,1.4550418273701822,-0.8751175474484592,-0.7542649754661083,0.10947155477532397,0.7967224324193373,0.0,1.0,1.0,0.0,0.0,0.0,0.0,1.0,1.0,0.0,0.0,0.0,0.0,0.0,0.0,0.0,0.0,0.0,0.0,0.0,0.0,1.0
EVT01217,1.6094459423138765,-0.26086434401307773,0.5125894023013345,-0.8751175474484592,0.7509201196990747,2.298902650281804,1.3014207883421975,0.0,1.0,1.0,0.0,1.0,0.0,0.0,0.0,0.0,1.0,0.0,0.0,0.0,0.0,0.0,0.0,0.0,0.0,0.0,0.0,0.0,1.0
EVT01218,1.0734271876268817,-1.270512060887301,-1.3723154478363608,-0.8751175474484592,-0.7542649754661083,0.10947155477532397,-1.0538382059644837,0.0,1.0,1.0,0.0,0.0,1.0,0.0,0.0,0.0,0.0,0.0,1.0,0.0,0.0,0.0,0.0,0.0,0.0,0.0,1.0,0.0,0.0
EVT01219,-0.1772832399761061,-0.8179113602195457,0.5125894023013345,-0.8751175474484592,-1.5068575230486998,0.10947155477532397,-0.21267427942638328,0.0,1.0,0.0,0.0,0.0,1.0,0.0,0.0,0.0,1.0,0.0,0.0,0.0,0.0,0.0,0.0,0.0,0.0,0.0,1.0,0.0,0.0
EVT01220,-0.5346290764341026,-0.9571731142711627,0.5125894023013345,-0.8751175474484592,1.503512667281666,2.298902650281804,1.3855371809960075,0.0,1.0,1.0,0.0,0.0,1.0,0.0,0.0,0.0,0.0,0.0,0.0,0.0,0.0,0.0,0.0,1.0,0.0,0.0,0.0,0.0,1.0
EVT01221,-0.5346290764341026,-0.01715627442274796,-1.3723154478363608,-0.8751175474484592,-0.0016724278835167973,0.10947155477532397,0.8808388250731473,0.0,1.0,1.0,0.0,0.0,0.0,0.0,1.0,0.0,0.0,1.0,0.0,0.0,0.0,0.0,0.0,0.0,0.0,0.0,0.0,1.0,0.0
EVT01222,-0.5346290764341026,0.12210547962886883,1.4550418273701822,-0.8751175474484592,-0.0016724278835167973,0.10947155477532397,0.9649552177269574,1.0,1.0,1.0,1.0,0.0,0.0,0.0,0.0,0.0,0.0,0.0,0.0,1.0,0.0,0.0,0.0,0.0,0.0,0.0,0.0,0.0,1.0
EVT01223,-0.5346290764341026,0.6095216188095284,-1.3723154478363608,-0.8751175474484592,0.7509201196990747,0.10947155477532397,1.0490716103807673,0.0,1.0,1.0,0.0,1.0,0.0,0.0,0.0,0.0,0.0,1.0,0.0,0.0,0.0,0.0,0.0,0.0,0.0,1.0,0.0,0.0,0.0
EVT01224,1.25210010585588,1.7236156512224643,-0.4298630227675131,-0.8751175474484592,-1.5068575230486998,0.10947155477532397,0.6284896471117172,0.0,1.0,1.0,0.0,0.0,1.0,0.0,0.0,0.0,0.0,0.0,1.0,0.0,0.0,0.0,0.0,0.0,0.0,0.0,0.0,0.0,1.0
EVT01225,-0.5346290764341026,-0.6090187291421202,0.5125894023013345,-0.7325902595904039,-1.5068575230486998,-0.985243992977916,0.20790768384266695,1.0,1.0,1.0,0.0,0.0,1.0,0.0,0.0,0.0,0.0,0.0,0.0,1.0,0.0,0.0,0.0,0.0,0.0,1.0,0.0,0.0,0.0
EVT01226,-0.5346290764341026,1.0621223194772835,0.5125894023013345,-0.7325902595904039,1.503512667281666,0.10947155477532397,1.0490716103807673,0.0,1.0,0.0,0.0,0.0,0.0,1.0,0.0,0.0,0.0,0.0,0.0,0.0,0.0,0.0,0.0,1.0,0.0,0.0,0.0,1.0,0.0
EVT01227,1.7881188605428748,-1.583851007503439,-1.3723154478363608,-0.7325902595904039,2.2561052148642577,1.204187102528564,1.1331880030345773,0.0,1.0,1.0,0.0,1.0,0.0,0.0,0.0,0.0,0.0,0.0,1.0,0.0,0.0,0.0,0.0,0.0,0.0,1.0,0.0,0.0,0.0
EVT01228,-0.5346290764341026,0.9576760039385709,1.4550418273701822,-0.7325902595904039,-0.7542649754661083,0.10947155477532397,-0.21267427942638328,0.0,1.0,1.0,0.0,0.0,0.0,1.0,0.0,0.0,0.0,0.0,0.0,0.0,0.0,0.0,1.0,0.0,0.0,0.0,0.0,1.0,0.0
EVT01229,1.4307730240848784,0.08729004111596471,0.5125894023013345,-0.7325902595904039,-0.0016724278835167973,1.204187102528564,1.3014207883421975,0.0,1.0,1.0,1.0,0.0,0.0,0.0,0.0,0.0,1.0,0.0,0.0,0.0,0.0,0.0,0.0,0.0,0.0,0.0,0.0,0.0,1.0
EVT01230,-0.5346290764341026,1.3754612660934218,-1.3723154478363608,-0.7325902595904039,2.2561052148642577,0.10947155477532397,1.1331880030345773,0.0,1.0,1.0,0.0,1.0,0.0,0.0,0.0,0.0,0.0,1.0,0.0,0.0,0.0,0.0,0.0,0.0,0.0,1.0,0.0,0.0,0.0
EVT01231,-0.5346290764341026,-1.0964348683227798,-1.3723154478363608,-0.7325902595904039,-1.5068575230486998,-0.985243992977916,-1.0538382059644837,0.0,1.0,1.0,0.0,0.0,0.0,0.0,1.0,0.0,0.0,0.0,0.0,0.0,1.0,0.0,0.0,0.0,0.0,1.0,0.0,0.0,0.0
EVT01232,-0.5346290764341026,0.29618267219339006,-0.4298630227675131,-0.7325902595904039,-0.0016724278835167973,0.10947155477532397,1.3855371809960075,0.0,1.0,1.0,1.0,0.0,0.0,0.0,0.0,0.0,0.0,1.0,0.0,0.0,0.0,0.0,0.0,0.0,0.0,0.0,0.0,0.0,1.0
EVT01233,-0.5346290764341026,-1.6186664460163434,1.4550418273701822,-0.7325902595904039,3.008697762446849,0.10947155477532397,1.2173043956883876,1.0,1.0,0.0,0.0,0.0,1.0,0.0,0.0,0.0,0.0,0.0,0.0,1.0,0.0,0.0,0.0,0.0,0.0,0.0,1.0,0.0,0.0
EVT01234,-0.5346290764341026,0.052474602603060284,-0.4298630227675131,-0.7325902595904039,-0.7542649754661083,-0.985243992977916,-0.9697218133106736,0.0,1.0,1.0,0.0,1.0,0.0,0.0,0.0,0.0,0.0,0.0,0.0,0.0,0.0,0.0,0.0,0.0,1.0,0.0,0.0,1.0,0.0
EVT01235,-0.5346290764341026,1.0273068809643795,-1.3723154478363608,-0.7325902595904039,-0.0016724278835167973,0.10947155477532397,1.3014207883421975,0.0,1.0,1.0,1.0,0.0,0.0,0.0,0.0,0.0,0.0,1.0,0.0,0.0,0.0,0.0,0.0,0.0,0.0,1.0,0.0,0.0,0.0
EVT01236,2.3241376152298696,-1.0268039912969713,-0.4298630227675131,-0.7325902595904039,-0.0016724278835167973,0.10947155477532397,-0.9697218133106736,0.0,1.0,1.0,1.0,0.0,0.0,0.0,0.0,0.0,0.0,0.0,1.0,0.0,0.0,0.0,0.0,0.0,0.0,1.0,0.0,0.0,0.0
EVT01237,-0.5346290764341026,0.6095216188095284,0.5125894023013345,-0.5900629717323487,1.503512667281666,0.10947155477532397,1.3014207883421975,1.0,1.0,1.0,0.0,0.0,0.0,0.0,1.0,0.0,0.0,0.0,0.0,1.0,0.0,0.0,0.0,0.0,0.0,0.0,1.0,0.0,0.0
EVT01238,-0.5346290764341026,0.9924914424514749,1.4550418273701822,-0.5900629717323487,0.7509201196990747,0.10947155477532397,1.3855371809960075,1.0,1.0,0.0,0.0,1.0,0.0,0.0,0.0,0.0,0.0,0.0,0.0,1.0,0.0,0.0,0.0,0.0,0.0,0.0,0.0,0.0,1.0
EVT01239,-0.5346290764341026,-0.26086434401307773,1.4550418273701822,-0.5900629717323487,-1.5068575230486998,-0.985243992977916,0.292024076496477,0.0,1.0,1.0,0.0,1.0,0.0,0.0,0.0,0.0,0.0,0.0,0.0,0.0,0.0,0.0,1.0,0.0,0.0,1.0,0.0,0.0,0.0
EVT01240,-0.5346290764341026,1.410276704606326,-1.3723154478363608,-0.5900629717323487,1.503512667281666,0.10947155477532397,1.3855371809960075,0.0,1.0,0.0,0.0,0.0,0.0,1.0,0.0,0.0,0.0,1.0,0.0,0.0,0.0,0.0,0.0,0.0,0.0,0.0,1.0,0.0,0.0
EVT01241,-0.5346290764341026,-1.6534818845292476,0.5125894023013345,-0.5900629717323487,0.7509201196990747,0.10947155477532397,1.3855371809960075,0.0,1.0,0.0,0.0,0.0,0.0,0.0,1.0,1.0,0.0,0.0,0.0,0.0,0.0,0.0,0.0,0.0,0.0,0.0,0.0,1.0,0.0
EVT01242,0.537408432939887,1.2013840735289005,0.5125894023013345,-0.5900629717323487,-1.5068575230486998,0.10947155477532397,0.292024076496477,0.0,1.0,0.0,0.0,0.0,1.0,0.0,0.0,0.0,1.0,0.0,0.0,0.0,0.0,0.0,0.0,0.0,0.0,0.0,1.0,0.0,0.0
EVT01243,-0.5346290764341026,1.3754612660934218,-0.4298630227675131,-0.5900629717323487,-0.7542649754661083,-0.985243992977916,0.292024076496477,0.0,1.0,1.0,0.0,0.0,1.0,0.0,0.0,0.0,0.0,0.0,0.0,0.0,0.0,0.0,0.0,0.0,1.0,0.0,0.0,0.0,1.0
EVT01244,-0.5346290764341026,-0.6786496061679288,1.4550418273701822,-0.5900629717323487,-0.0016724278835167973,0.10947155477532397,-0.9697218133106736,1.0,1.0,1.0,0.0,1.0,0.0,0.0,0.0,0.0,0.0,0.0,0.0,1.0,0.0,0.0,0.0,0.0,0.0,0.0,1.0,0.0,0.0
EVT01245,-0.5346290764341026,-0.08678715144855652,-1.3723154478363608,-0.5900629717323487,0.7509201196990747,0.10947155477532397,-0.8856054206568637,0.0,1.0,0.0,0.0,1.0,0.0,0.0,0.0,0.0,0.0,0.0,0.0,0.0,0.0,0.0,0.0,0.0,1.0,0.0,0.0,1.0,0.0
EVT01246,-0.5346290764341026,1.514723020145039,0.5125894023013345,-0.5900629717323487,-0.0016724278835167973,0.10947155477532397,1.4696535736498175,0.0,1.0,1.0,0.0,0.0,0.0,0.0,1.0,0.0,0.0,0.0,0.0,0.0,0.0,0.0,1.0,0.0,0.0,0.0,0.0,1.0,0.0
EVT01247,-0.5346290764341026,1.514723020145039,0.5125894023013345,-0.5900629717323487,0.7509201196990747,0.10947155477532397,-0.8856054206568637,0.0,1.0,1.0,0.0,1.0,0.0,0.0,0.0,0.0,0.0,0.0,0.0,0.0,0.0,0.0,1.0,0.0,0.0,0.0,0.0,0.0,1.0
EVT01248,-0.5346290764341026,1.2013840735289005,0.5125894023013345,-0.5900629717323487,-1.5068575230486998,-0.985243992977916,-0.6332562426954335,1.0,1.0,1.0,0.0,0.0,1.0,0.0,0.0,0.0,0.0,0.0,0.0,1.0,0.0,0.0,0.0,0.0,0.0,1.0,0.0,0.0,0.0
EVT01249,-0.5346290764341026,-0.08678715144855652,-0.4298630227675131,-0.4475356838742935,0.7509201196990747,0.10947155477532397,1.4696535736498175,0.0,0.0,0.0,0.0,0.0,0.0,1.0,0.0,0.0,0.0,0.0,0.0,0.0,0.0,0.0,0.0,0.0,1.0,1.0,0.0,0.0,0.0
EVT01250,1.7881188605428748,-1.0616194298098756,-0.4298630227675131,-0.4475356838742935,-0.7542649754661083,0.10947155477532397,-0.5491398500416235,0.0,0.0,1.0,1.0,0.0,0.0,0.0,0.0,0.0,0.0,0.0,1.0,0.0,0.0,0.0,0.0,0.0,0.0,0.0,0.0,0.0,1.0
EVT01251,-0.5346290764341026,-0.6786496061679288,-0.4298630227675131,-0.4475356838742935,-0.0016724278835167973,0.10947155477532397,-0.4650234573878134,0.0,0.0,1.0,0.0,0.0,1.0,0.0,0.0,0.0,0.0,0.0,0.0,0.0,1.0,0.0,0.0,0.0,0.0,0.0,0.0,1.0,0.0
EVT01252,-0.5346290764341026,-0.8527267987324499,-0.4298630227675131,-0.4475356838742935,0.7509201196990747,0.10947155477532397,1.5537699663036277,0.0,0.0,1.0,0.0,1.0,0.0,0.0,0.0,0.0,0.0,1.0,0.0,0.0,0.0,0.0,0.0,0.0,0.0,0.0,0.0,1.0,0.0
EVT01253,2.3241376152298696,-1.583851007503439,0.5125894023013345,-0.4475356838742935,0.7509201196990747,1.204187102528564,-0.3809070647340034,0.0,0.0,1.0,0.0,0.0,0.0,1.0,0.0,1.0,0.0,0.0,0.0,0.0,0.0,0.0,0.0,0.0,0.0,0.0,1.0,0.0,0.0
EVT01254,-0.5346290764341026,0.7487833728611452,0.5125894023013345,-0.4475356838742935,-0.7542649754661083,-0.985243992977916,0.03967489853504685,0.0,0.0,0.0,0.0,0.0,0.0,1.0,0.0,0.0,0.0,0.0,0.0,0.0,0.0,0.0,0.0,1.0,0.0,1.0,0.0,0.0,0.0
EVT01255,-0.5346290764341026,0.1917363566546774,1.4550418273701822,-0.4475356838742935,-1.5068575230486998,-0.985243992977916,-0.0444414941187632,0.0,0.0,0.0,0.0,0.0,0.0,1.0,0.0,0.0,0.0,0.0,0.0,0.0,0.0,0.0,1.0,0.0,0.0,0.0,0.0,0.0,1.0
EVT01256,-0.5346290764341026,1.5843538971708473,-1.3723154478363608,-0.4475356838742935,0.7509201196990747,-0.985243992977916,1.5537699663036277,0.0,0.0,1.0,0.0,1.0,0.0,0.0,0.0,0.0,0.0,1.0,0.0,0.0,0.0,0.0,0.0,0.0,0.0,0.0,1.0,0.0,0.0
EVT01257,-0.5346290764341026,0.47025986475791126,1.4550418273701822,-0.4475356838742935,-0.0016724278835167973,-0.985243992977916,-0.8014890280030535,0.0,0.0,1.0,0.0,0.0,0.0,0.0,1.0,0.0,0.0,0.0,0.0,0.0,0.0,0.0,0.0,1.0,0.0,0.0,1.0,0.0,0.0
EVT01258,-0.5346290764341026,-0.15641802847436506,1.4550418273701822,-0.4475356838742935,-1.5068575230486998,-0.985243992977916,1.3014207883421975,0.0,0.0,1.0,0.0,0.0,0.0,0.0,1.0,0.0,0.0,0.0,0.0,0.0,0.0,0.0,0.0,1.0,0.0,0.0,0.0,0.0,1.0
EVT01259,-0.5346290764341026,1.7584310897353683,-0.4298630227675131,-0.4475356838742935,-0.7542649754661083,-0.985243992977916,0.03967489853504685,0.0,0.0,1.0,0.0,0.0,0.0,0.0,1.0,0.0,0.0,0.0,0.0,0.0,0.0,1.0,0.0,0.0,0.0,0.0,0.0,0.0,1.0
EVT01260,2.1454646970008713,1.549538458657943,0.5125894023013345,-0.4475356838742935,-0.7542649754661083,0.10947155477532397,1.3014207883421975,0.0,0.0,1.0,0.0,0.0,0.0,1.0,0.0,1.0,0.0,0.0,0.0,0.0,0.0,0.0,0.0,0.0,0.0,0.0,1.0,0.0,0.0
EVT01261,-0.1772832399761061,-0.29567978252598215,0.5125894023013345,-0.30500839601623825,-0.0016724278835167973,0.10947155477532397,0.03967489853504685,0.0,0.0,1.0,1.0,0.0,0.0,0.0,0.0,0.0,1.0,0.0,0.0,0.0,0.0,0.0,0.0,0.0,0.0,0.0,0.0,0.0,1.0
EVT01262,-0.5346290764341026,-0.9223576757582586,1.4550418273701822,-0.30500839601623825,-0.0016724278835167973,0.10947155477532397,1.3855371809960075,0.0,0.0,0.0,0.0,0.0,1.0,0.0,0.0,0.0,0.0,0.0,0.0,0.0,0.0,0.0,1.0,0.0,0.0,1.0,0.0,0.0,0.0
EVT01263,0.3587355147108887,0.8184142498869538,0.5125894023013345,-0.30500839601623825,-0.0016724278835167973,1.204187102528564,-0.29679067208019333,0.0,0.0,1.0,0.0,0.0,0.0,1.0,0.0,0.0,1.0,0.0,0.0,0.0,0.0,0.0,0.0,0.0,0.0,1.0,0.0,0.0,0.0
EVT01264,1.25210010585588,0.9228605654256664,-1.3723154478363608,-0.30500839601623825,-0.0016724278835167973,0.10947155477532397,1.4696535736498175,0.0,0.0,1.0,0.0,0.0,1.0,0.0,0.0,0.0,0.0,0.0,1.0,0.0,0.0,0.0,0.0,0.0,0.0,0.0,0.0,1.0,0.0
EVT01265,-0.5346290764341026,1.3754612660934218,-0.4298630227675131,-0.30500839601623825,0.7509201196990747,0.10947155477532397,1.3014207883421975,0.0,0.0,1.0,0.0,0.0,0.0,0.0,1.0,0.0,0.0,0.0,0.0,0.0,1.0,0.0,0.0,0.0,0.0,0.0,1.0,0.0,0.0
EVT01266,-0.5346290764341026,0.1917363566546774,-1.3723154478363608,-0.30500839601623825,-0.7542649754661083,0.10947155477532397,-0.21267427942638328,0.0,0.0,0.0,1.0,0.0,0.0,0.0,0.0,0.0,0.0,0.0,0.0,0.0,1.0,0.0,0.0,0.0,0.0,1.0,0.0,0.0,0.0
EVT01267,-0.5346290764341026,1.0969377579901876,-1.3723154478363608,-0.30500839601623825,1.503512667281666,0.10947155477532397,1.3855371809960075,0.0,0.0,1.0,0.0,0.0,0.0,0.0,1.0,0.0,0.0,1.0,0.0,0.0,0.0,0.0,0.0,0.0,0.0,1.0,0.0,0.0,0.0
EVT01268,3.038829288145863,-0.3304952210388863,0.5125894023013345,-0.30500839601623825,-0.0016724278835167973,1.204187102528564,1.4696535736498175,0.0,0.0,0.0,1.0,0.0,0.0,0.0,0.0,1.0,0.0,0.0,0.0,0.0,0.0,0.0,0.0,0.0,0.0,0.0,0.0,1.0,0.0
EVT01269,0.8947542693978835,1.3754612660934218,0.5125894023013345,-0.30500839601623825,-0.7542649754661083,0.10947155477532397,-0.8856054206568637,0.0,0.0,1.0,0.0,0.0,0.0,0.0,1.0,0.0,1.0,0.0,0.0,0.0,0.0,0.0,0.0,0.0,0.0,0.0,0.0,1.0,0.0
EVT01270,-0.5346290764341026,-1.2356966223743966,-1.3723154478363608,-0.30500839601623825,-1.5068575230486998,-0.985243992977916,0.03967489853504685,0.0,0.0,1.0,0.0,0.0,0.0,1.0,0.0,0.0,0.0,0.0,0.0,0.0,0.0,0.0,0.0,0.0,1.0,1.0,0.0,0.0,0.0
EVT01271,-0.5346290764341026,0.40062898773210276,0.5125894023013345,-0.30500839601623825,-0.0016724278835167973,0.10947155477532397,-0.12855788677257324,0.0,0.0,1.0,0.0,0.0,1.0,0.0,0.0,0.0,0.0,0.0,0.0,0.0,0.0,0.0,1.0,0.0,0.0,1.0,0.0,0.0,0.0
EVT01272,-0.5346290764341026,-1.4794046919647263,-0.4298630227675131,-0.30500839601623825,-0.7542649754661083,-0.985243992977916,0.03967489853504685,0.0,0.0,1.0,0.0,0.0,1.0,0.0,0.0,0.0,0.0,0.0,0.0,0.0,1.0,0.0,0.0,0.0,0.0,0.0,1.0,0.0,0.0
EVT01273,-0.5346290764341026,-1.688297323042152,0.5125894023013345,-0.16248110815818304,-0.0016724278835167973,-0.985243992977916,0.1237912911888569,1.0,0.0,1.0,0.0,1.0,0.0,0.0,0.0,0.0,0.0,0.0,0.0,1.0,0.0,0.0,0.0,0.0,0.0,0.0,1.0,0.0,0.0
EVT01274,-0.5346290764341026,-0.26086434401307773,-0.4298630227675131,-0.16248110815818304,0.7509201196990747,-0.985243992977916,1.3014207883421975,0.0,0.0,1.0,0.0,0.0,0.0,0.0,1.0,0.0,0.0,0.0,0.0,0.0,0.0,1.0,0.0,0.0,0.0,1.0,0.0,0.0,0.0
EVT01275,-0.5346290764341026,0.3309981107062945,0.5125894023013345,-0.16248110815818304,0.7509201196990747,-0.985243992977916,1.3855371809960075,0.0,0.0,1.0,0.0,0.0,1.0,0.0,0.0,0.0,0.0,0.0,0.0,0.0,0.0,0.0,1.0,0.0,0.0,0.0,0.0,0.0,1.0
EVT01276,-0.5346290764341026,1.44509214311923,-0.4298630227675131,-0.16248110815818304,0.7509201196990747,-0.985243992977916,0.20790768384266695,0.0,0.0,0.0,0.0,0.0,1.0,0.0,0.0,0.0,0.0,0.0,0.0,0.0,1.0,0.0,0.0,0.0,0.0,1.0,0.0,0.0,0.0
EVT01277,-0.5346290764341026,1.4799075816321343,0.5125894023013345,-0.16248110815818304,1.503512667281666,-0.985243992977916,1.3855371809960075,0.0,0.0,1.0,0.0,1.0,0.0,0.0,0.0,0.0,0.0,0.0,0.0,0.0,0.0,0.0,0.0,1.0,0.0,0.0,1.0,0.0,0.0
EVT01278,-0.5346290764341026,1.7236156512224643,-1.3723154478363608,-0.16248110815818304,1.503512667281666,-0.985243992977916,1.4696535736498175,0.0,0.0,1.0,0.0,0.0,0.0,0.0,1.0,0.0,0.0,1.0,0.0,0.0,0.0,0.0,0.0,0.0,0.0,0.0,0.0,0.0,1.0
EVT01279,-0.5346290764341026,0.29618267219339006,-0.4298630227675131,-0.16248110815818304,-0.7542649754661083,0.10947155477532397,-0.8014890280030535,0.0,0.0,1.0,0.0,1.0,0.0,0.0,0.0,0.0,0.0,1.0,0.0,0.0,0.0,0.0,0.0,0.0,0.0,0.0,1.0,0.0,0.0
EVT01280,-0.5346290764341026,-1.688297323042152,-1.3723154478363608,-0.16248110815818304,1.503512667281666,-0.985243992977916,1.4696535736498175,0.0,0.0,1.0,0.0,0.0,1.0,0.0,0.0,0.0,0.0,0.0,0.0,0.0,0.0,1.0,0.0,0.0,0.0,0.0,0.0,1.0,0.0
EVT01281,-0.5346290764341026,-0.7830959217066414,1.4550418273701822,-0.16248110815818304,2.2561052148642577,-0.985243992977916,1.5537699663036277,1.0,0.0,1.0,0.0,1.0,0.0,0.0,0.0,0.0,0.0,0.0,0.0,1.0,0.0,0.0,0.0,0.0,0.0,0.0,0.0,0.0,1.0
EVT01282,-0.5346290764341026,0.9924914424514749,1.4550418273701822,-0.16248110815818304,3.008697762446849,-0.985243992977916,1.6378863589574377,0.0,0.0,1.0,0.0,0.0,1.0,0.0,0.0,0.0,0.0,0.0,0.0,0.0,0.0,0.0,0.0,1.0,0.0,1.0,0.0,0.0,0.0
EVT01283,-0.5346290764341026,0.6443370573224325,0.5125894023013345,-0.16248110815818304,-0.7542649754661083,-0.985243992977916,-0.8014890280030535,0.0,0.0,1.0,0.0,1.0,0.0,0.0,0.0,0.0,0.0,0.0,0.0,0.0,0.0,0.0,1.0,0.0,0.0,0.0,0.0,1.0,0.0
EVT01284,2.502810533458868,0.3658135492191986,1.4550418273701822,-0.16248110815818304,0.7509201196990747,0.10947155477532397,0.292024076496477,0.0,0.0,0.0,0.0,0.0,0.0,0.0,1.0,1.0,0.0,0.0,0.0,0.0,0.0,0.0,0.0,0.0,0.0,0.0,0.0,0.0,1.0
EVT01285,-0.5346290764341026,-0.46975697509050324,-0.4298630227675131,-0.019953820300127812,-0.0016724278835167973,-0.985243992977916,-0.7173726353492436,0.0,0.0,1.0,0.0,0.0,0.0,1.0,0.0,0.0,0.0,0.0,0.0,0.0,0.0,1.0,0.0,0.0,0.0,0.0,0.0,0.0,1.0
EVT01286,-0.5346290764341026,-1.5490355689905349,-0.4298630227675131,-0.019953820300127812,-1.5068575230486998,-0.985243992977916,-0.29679067208019333,0.0,0.0,1.0,0.0,0.0,0.0,1.0,0.0,0.0,0.0,0.0,0.0,0.0,0.0,1.0,0.0,0.0,0.0,1.0,0.0,0.0,0.0
EVT01287,-0.1772832399761061,-0.3304952210388863,0.5125894023013345,-0.019953820300127812,-0.7542649754661083,0.10947155477532397,-0.29679067208019333,0.0,0.0,1.0,1.0,0.0,0.0,0.0,0.0,0.0,1.0,0.0,0.0,0.0,0.0,0.0,0.0,0.0,0.0,0.0,0.0,0.0,1.0
EVT01288,-0.5346290764341026,1.6888002127095603,0.5125894023013345,-0.019953820300127812,0.7509201196990747,-0.985243992977916,-0.6332562426954335,0.0,0.0,0.0,0.0,0.0,1.0,0.0,0.0,0.0,0.0,0.0,0.0,0.0,0.0,0.0,0.0,1.0,0.0,0.0,0.0,0.0,1.0
EVT01289,2.502810533458868,-0.991988552784067,0.5125894023013345,-0.019953820300127812,2.2561052148642577,0.10947155477532397,1.6378863589574377,0.0,0.0,1.0,0.0,0.0,0.0,0.0,1.0,1.0,0.0,0.0,0.0,0.0,0.0,0.0,0.0,0.0,0.0,0.0,1.0,0.0,0.0
EVT01290,0.3587355147108887,-0.8527267987324499,0.5125894023013345,-0.019953820300127812,2.2561052148642577,1.204187102528564,1.7220027516112477,0.0,0.0,1.0,1.0,0.0,0.0,0.0,0.0,0.0,1.0,0.0,0.0,0.0,0.0,0.0,0.0,0.0,0.0,0.0,1.0,0.0,0.0
EVT01291,-0.5346290764341026,0.40062898773210276,-1.3723154478363608,-0.019953820300127812,-1.5068575230486998,-0.985243992977916,-0.0444414941187632,0.0,0.0,1.0,0.0,1.0,0.0,0.0,0.0,0.0,0.0,0.0,0.0,0.0,1.0,0.0,0.0,0.0,0.0,0.0,0.0,1.0,0.0
EVT01292,-0.5346290764341026,0.9228605654256664,0.5125894023013345,-0.019953820300127812,-0.7542649754661083,-0.985243992977916,-0.0444414941187632,0.0,0.0,1.0,0.0,0.0,0.0,0.0,1.0,0.0,0.0,0.0,0.0,0.0,0.0,0.0,1.0,0.0,0.0,1.0,0.0,0.0,0.0
EVT01293,-0.5346290764341026,0.052474602603060284,-0.4298630227675131,-0.019953820300127812,-0.0016724278835167973,0.10947155477532397,-0.29679067208019333,0.0,0.0,1.0,0.0,0.0,1.0,0.0,0.0,0.0,0.0,0.0,0.0,0.0,0.0,1.0,0.0,0.0,0.0,0.0,0.0,0.0,1.0
EVT01294,-0.5346290764341026,-1.0268039912969713,-1.3723154478363608,-0.019953820300127812,0.7509201196990747,-0.985243992977916,-0.5491398500416235,0.0,0.0,1.0,0.0,0.0,0.0,0.0,1.0,0.0,0.0,0.0,0.0,0.0,0.0,0.0,0.0,0.0,1.0,1.0,0.0,0.0,0.0
EVT01295,1.9667917787718732,-0.9571731142711627,0.5125894023013345,-0.019953820300127812,-0.0016724278835167973,0.10947155477532397,-0.0444414941187632,0.0,0.0,0.0,0.0,1.0,0.0,0.0,0.0,0.0,1.0,0.0,0.0,0.0,0.0,0.0,0.0,0.0,0.0,0.0,0.0,0.0,1.0
EVT01296,-0.5346290764341026,-0.6090187291421202,0.5125894023013345,-0.019953820300127812,0.7509201196990747,0.10947155477532397,-0.21267427942638328,0.0,0.0,0.0,0.0,0.0,1.0,0.0,0.0,0.0,0.0,0.0,0.0,0.0,0.0,0.0,0.0,1.0,0.0,0.0,0.0,0.0,1.0
EVT01297,-0.5346290764341026,-0.15641802847436506,0.5125894023013345,0.12257346755792742,1.503512667281666,0.10947155477532397,-0.12855788677257324,1.0,0.0,1.0,0.0,0.0,0.0,1.0,0.0,0.0,0.0,0.0,0.0,1.0,0.0,0.0,0.0,0.0,0.0,1.0,0.0,0.0,0.0
EVT01298,-0.5346290764341026,-1.583851007503439,0.5125894023013345,0.12257346755792742,-1.5068575230486998,-0.985243992977916,0.9649552177269574,0.0,0.0,1.0,0.0,1.0,0.0,0.0,0.0,0.0,0.0,0.0,0.0,0.0,0.0,0.0,1.0,0.0,0.0,1.0,0.0,0.0,0.0
EVT01299,-0.5346290764341026,1.6191693356837513,-0.4298630227675131,0.12257346755792742,-0.0016724278835167973,-0.985243992977916,-0.5491398500416235,0.0,0.0,1.0,0.0,0.0,1.0,0.0,0.0,0.0,0.0,0.0,0.0,0.0,0.0,0.0,0.0,0.0,1.0,0.0,1.0,0.0,0.0
EVT01300,2.502810533458868,-0.8179113602195457,-0.4298630227675131,0.12257346755792742,-0.7542649754661083,0.10947155477532397,0.9649552177269574,0.0,0.0,1.0,0.0,0.0,0.0,1.0,0.0,0.0,0.0,0.0,1.0,0.0,0.0,0.0,0.0,0.0,0.0,0.0,0.0,0.0,1.0
EVT01301,1.4307730240848784,0.8184142498869538,0.5125894023013345,0.12257346755792742,-1.5068575230486998,0.10947155477532397,0.1237912911888569,0.0,0.0,1.0,0.0,0.0,0.0,0.0,1.0,0.0,1.0,0.0,0.0,0.0,0.0,0.0,0.0,0.0,0.0,0.0,0.0,1.0,0.0
EVT01302,-0.5346290764341026,-0.22604890550017362,-0.4298630227675131,0.12257346755792742,0.7509201196990747,-0.985243992977916,-0.21267427942638328,0.0,0.0,0.0,0.0,0.0,1.0,0.0,0.0,0.0,0.0,0.0,0.0,0.0,0.0,1.0,0.0,0.0,0.0,0.0,0.0,0.0,1.0
EVT01303,-0.5346290764341026,-0.8875422372453542,0.5125894023013345,0.12257346755792742,-1.5068575230486998,-0.985243992977916,1.4696535736498175,0.0,0.0,1.0,0.0,1.0,0.0,0.0,0.0,0.0,0.0,0.0,0.0,0.0,0.0,0.0,1.0,0.0,0.0,1.0,0.0,0.0,0.0
EVT01304,-0.5346290764341026,0.2613672336804859,1.4550418273701822,0.12257346755792742,-0.7542649754661083,0.10947155477532397,0.20790768384266695,0.0,0.0,1.0,0.0,0.0,1.0,0.0,0.0,0.0,0.0,0.0,0.0,0.0,0.0,0.0,0.0,1.0,0.0,1.0,0.0,0.0,0.0
EVT01305,-0.5346290764341026,-0.8527267987324499,1.4550418273701822,0.12257346755792742,-0.0016724278835167973,-0.985243992977916,-0.5491398500416235,0.0,0.0,1.0,0.0,0.0,1.0,0.0,0.0,0.0,0.0,0.0,0.0,0.0,0.0,0.0,0.0,1.0,0.0,0.0,0.0,0.0,1.0
EVT01306,-0.5346290764341026,-0.713465044680833,-1.3723154478363608,0.12257346755792742,-0.0016724278835167973,0.10947155477532397,0.8808388250731473,0.0,0.0,1.0,0.0,0.0,0.0,1.0,0.0,0.0,0.0,0.0,0.0,0.0,0.0,0.0,0.0,0.0,1.0,0.0,1.0,0.0,0.0
EVT01307,-0.5346290764341026,-0.574203290629216,0.5125894023013345,0.12257346755792742,-0.7542649754661083,-0.985243992977916,1.3855371809960075,0.0,0.0,1.0,1.0,0.0,0.0,0.0,0.0,0.0,0.0,0.0,0.0,0.0,0.0,0.0,1.0,0.0,0.0,1.0,0.0,0.0,0.0
EVT01308,-0.5346290764341026,0.2265517951675815,-0.4298630227675131,0.12257346755792742,0.7509201196990747,0.10947155477532397,0.8808388250731473,0.0,0.0,1.0,0.0,1.0,0.0,0.0,0.0,0.0,0.0,0.0,0.0,0.0,0.0,0.0,0.0,0.0,1.0,0.0,0.0,1.0,0.0
EVT01309,-0.5346290764341026,0.6095216188095284,-1.3723154478363608,0.26510075541598266,-0.0016724278835167973,-0.985243992977916,1.4696535736498175,0.0,0.0,1.0,0.0,1.0,0.0,0.0,0.0,0.0,0.0,0.0,0.0,0.0,0.0,0.0,0.0,0.0,1.0,0.0,1.0,0.0,0.0
EVT01310,-0.5346290764341026,-1.5490355689905349,-1.3723154478363608,0.26510075541598266,0.7509201196990747,-0.985243992977916,1.5537699663036277,0.0,0.0,0.0,1.0,0.0,0.0,0.0,0.0,0.0,0.0,1.0,0.0,0.0,0.0,0.0,0.0,0.0,0.0,1.0,0.0,0.0,0.0
EVT01311,-0.5346290764341026,-0.6786496061679288,-0.4298630227675131,0.26510075541598266,-0.0016724278835167973,-0.985243992977916,-0.5491398500416235,0.0,0.0,1.0,0.0,0.0,0.0,0.0,1.0,0.0,0.0,0.0,0.0,0.0,0.0,1.0,0.0,0.0,0.0,0.0,1.0,0.0,0.0
EVT01312,-0.5346290764341026,-1.4794046919647263,-1.3723154478363608,0.26510075541598266,1.503512667281666,-0.985243992977916,1.6378863589574377,0.0,0.0,0.0,0.0,0.0,0.0,0.0,1.0,0.0,0.0,0.0,0.0,0.0,0.0,0.0,0.0,0.0,1.0,0.0,1.0,0.0,0.0
EVT01313,1.9667917787718732,0.9924914424514749,1.4550418273701822,0.26510075541598266,2.2561052148642577,0.10947155477532397,1.7220027516112477,0.0,0.0,1.0,1.0,0.0,0.0,0.0,0.0,1.0,0.0,0.0,0.0,0.0,0.0,0.0,0.0,0.0,0.0,0.0,1.0,0.0,0.0
EVT01314,-0.5346290764341026,0.8880451269127623,0.5125894023013345,0.26510075541598266,-0.7542649754661083,-0.985243992977916,0.1237912911888569,1.0,0.0,0.0,0.0,1.0,0.0,0.0,0.0,0.0,0.0,0.0,0.0,1.0,0.0,0.0,0.0,0.0,0.0,0.0,0.0,0.0,1.0
EVT01315,1.4307730240848784,-0.7830959217066414,0.5125894023013345,0.26510075541598266,-0.0016724278835167973,0.10947155477532397,-0.4650234573878134,0.0,0.0,1.0,0.0,1.0,0.0,0.0,0.0,1.0,0.0,0.0,0.0,0.0,0.0,0.0,0.0,0.0,0.0,1.0,0.0,0.0,0.0
EVT01316,-0.5346290764341026,0.29618267219339006,1.4550418273701822,0.26510075541598266,2.2561052148642577,0.10947155477532397,1.7220027516112477,0.0,0.0,1.0,0.0,0.0,0.0,0.0,1.0,0.0,0.0,0.0,0.0,0.0,0.0,0.0,1.0,0.0,0.0,0.0,0.0,0.0,1.0
EVT01317,-0.5346290764341026,1.6888002127095603,0.5125894023013345,0.26510075541598266,-0.7542649754661083,-0.985243992977916,0.20790768384266695,1.0,0.0,1.0,0.0,0.0,0.0,0.0,1.0,0.0,0.0,0.0,0.0,1.0,0.0,0.0,0.0,0.0,0.0,0.0,0.0,0.0,1.0
EVT01318,-0.5346290764341026,-1.5142201304776308,1.4550418273701822,0.26510075541598266,-1.5068575230486998,-0.985243992977916,-0.21267427942638328,1.0,0.0,1.0,0.0,0.0,0.0,0.0,1.0,0.0,0.0,0.0,0.0,1.0,0.0,0.0,0.0,0.0,0.0,0.0,0.0,1.0,0.0
EVT01319,-0.5346290764341026,1.6539847741966553,0.5125894023013345,0.26510075541598266,-0.7542649754661083,-0.985243992977916,0.8808388250731473,0.0,0.0,0.0,0.0,0.0,0.0,0.0,1.0,0.0,0.0,0.0,0.0,0.0,0.0,0.0,0.0,1.0,0.0,0.0,0.0,0.0,1.0
EVT01320,-0.5346290764341026,0.3309981107062945,0.5125894023013345,0.26510075541598266,-0.0016724278835167973,-0.985243992977916,0.1237912911888569,0.0,0.0,1.0,0.0,1.0,0.0,0.0,0.0,0.0,0.0,0.0,0.0,0.0,0.0,0.0,1.0,0.0,0.0,0.0,1.0,0.0,0.0
EVT01321,-0.5346290764341026,-0.7830959217066414,0.5125894023013345,0.4076280432740379,-0.0016724278835167973,0.10947155477532397,-0.4650234573878134,1.0,0.0,1.0,0.0,0.0,1.0,0.0,0.0,0.0,0.0,0.0,0.0,1.0,0.0,0.0,0.0,0.0,0.0,0.0,0.0,1.0,0.0
EVT01322,0.18006259648189046,0.6443370573224325,-1.3723154478363608,0.4076280432740379,0.7509201196990747,0.10947155477532397,0.20790768384266695,0.0,0.0,1.0,0.0,1.0,0.0,0.0,0.0,0.0,0.0,0.0,1.0,0.0,0.0,0.0,0.0,0.0,0.0,0.0,0.0,0.0,1.0
EVT01323,2.502810533458868,-0.40012609806469485,1.4550418273701822,0.4076280432740379,-0.7542649754661083,0.10947155477532397,0.9649552177269574,0.0,0.0,1.0,0.0,0.0,1.0,0.0,0.0,1.0,0.0,0.0,0.0,0.0,0.0,0.0,0.0,0.0,0.0,1.0,0.0,0.0,0.0
EVT01324,-0.5346290764341026,0.052474602603060284,-1.3723154478363608,0.4076280432740379,-0.0016724278835167973,0.10947155477532397,-0.4650234573878134,0.0,0.0,0.0,0.0,1.0,0.0,0.0,0.0,0.0,0.0,0.0,0.0,0.0,0.0,0.0,0.0,0.0,1.0,0.0,0.0,1.0,0.0
EVT01325,-0.5346290764341026,-0.5393878521163118,-0.4298630227675131,0.4076280432740379,-0.7542649754661083,-0.985243992977916,-0.29679067208019333,0.0,0.0,1.0,0.0,0.0,1.0,0.0,0.0,0.0,0.0,0.0,0.0,0.0,1.0,0.0,0.0,0.0,0.0,0.0,0.0,1.0,0.0
EVT01326,-0.5346290764341026,-0.26086434401307773,0.5125894023013345,0.4076280432740379,-0.7542649754661083,-0.985243992977916,1.5537699663036277,0.0,0.0,0.0,0.0,0.0,0.0,1.0,0.0,0.0,0.0,0.0,0.0,0.0,0.0,0.0,1.0,0.0,0.0,0.0,0.0,1.0,0.0
EVT01327,-0.5346290764341026,-0.01715627442274796,0.5125894023013345,0.4076280432740379,-0.0016724278835167973,-0.985243992977916,-0.29679067208019333,0.0,0.0,1.0,0.0,1.0,0.0,0.0,0.0,0.0,0.0,0.0,0.0,0.0,0.0,0.0,1.0,0.0,0.0,0.0,1.0,0.0,0.0
EVT01328,0.3587355147108887,0.29618267219339006,0.5125894023013345,0.4076280432740379,-0.0016724278835167973,1.204187102528564,1.0490716103807673,0.0,0.0,1.0,0.0,0.0,1.0,0.0,0.0,0.0,1.0,0.0,0.0,0.0,0.0,0.0,0.0,0.0,0.0,0.0,0.0,0.0,1.0
EVT01329,-0.5346290764341026,-1.305327499400205,-0.4298630227675131,0.4076280432740379,-0.0016724278835167973,-0.985243992977916,-0.5491398500416235,0.0,0.0,1.0,1.0,0.0,0.0,0.0,0.0,0.0,0.0,1.0,0.0,0.0,0.0,0.0,0.0,0.0,0.0,1.0,0.0,0.0,0.0
EVT01330,-0.5346290764341026,-0.9571731142711627,-0.4298630227675131,0.4076280432740379,0.7509201196990747,1.204187102528564,1.1331880030345773,0.0,0.0,1.0,1.0,0.0,0.0,0.0,0.0,0.0,0.0,0.0,0.0,0.0,0.0,1.0,0.0,0.0,0.0,0.0,0.0,0.0,1.0
EVT01331,-0.5346290764341026,1.1665686350159965,0.5125894023013345,0.4076280432740379,1.503512667281666,1.204187102528564,1.2173043956883876,0.0,0.0,1.0,0.0,0.0,0.0,0.0,1.0,0.0,0.0,0.0,0.0,0.0,0.0,0.0,0.0,1.0,0.0,0.0,0.0,0.0,1.0
EVT01332,-0.5346290764341026,0.5398907417837199,1.4550418273701822,0.4076280432740379,0.7509201196990747,-0.985243992977916,-0.6332562426954335,0.0,0.0,1.0,0.0,0.0,0.0,0.0,1.0,0.0,0.0,0.0,0.0,0.0,0.0,0.0,1.0,0.0,0.0,0.0,0.0,0.0,1.0
EVT01333,-0.5346290764341026,0.5050753032708157,0.5125894023013345,0.5501553311320931,-0.7542649754661083,-0.985243992977916,1.6378863589574377,0.0,0.0,1.0,0.0,0.0,0.0,1.0,0.0,0.0,0.0,0.0,0.0,0.0,0.0,0.0,0.0,1.0,0.0,0.0,1.0,0.0,0.0
EVT01334,-0.5346290764341026,-0.08678715144855652,0.5125894023013345,0.5501553311320931,-0.0016724278835167973,-0.985243992977916,1.7220027516112477,1.0,0.0,0.0,0.0,0.0,0.0,0.0,1.0,0.0,0.0,0.0,0.0,1.0,0.0,0.0,0.0,0.0,0.0,0.0,0.0,0.0,1.0
EVT01335,-0.5346290764341026,0.679152495835337,-0.4298630227675131,0.5501553311320931,-1.5068575230486998,-0.985243992977916,-0.4650234573878134,0.0,0.0,1.0,0.0,0.0,0.0,1.0,0.0,0.0,0.0,0.0,0.0,0.0,0.0,1.0,0.0,0.0,0.0,0.0,0.0,0.0,1.0
EVT01336,-0.5346290764341026,-0.26086434401307773,-0.4298630227675131,0.5501553311320931,0.7509201196990747,-0.985243992977916,-0.5491398500416235,0.0,0.0,1.0,0.0,0.0,0.0,0.0,1.0,0.0,0.0,1.0,0.0,0.0,0.0,0.0,0.0,0.0,0.0,0.0,0.0,0.0,1.0
EVT01337,-0.5346290764341026,-1.583851007503439,-1.3723154478363608,0.5501553311320931,0.7509201196990747,-0.985243992977916,-0.4650234573878134,0.0,0.0,1.0,1.0,0.0,0.0,0.0,0.0,0.0,0.0,0.0,0.0,0.0,1.0,0.0,0.0,0.0,0.0,1.0,0.0,0.0,0.0
EVT01338,0.8947542693978835,0.5050753032708157,-1.3723154478363608,0.5501553311320931,1.503512667281666,0.10947155477532397,-0.4650234573878134,0.0,0.0,1.0,0.0,0.0,1.0,0.0,0.0,0.0,0.0,0.0,1.0,0.0,0.0,0.0,0.0,0.0,0.0,0.0,1.0,0.0,0.0
EVT01339,2.502810533458868,-0.01715627442274796,0.5125894023013345,0.5501553311320931,2.2561052148642577,1.204187102528564,-0.3809070647340034,0.0,0.0,1.0,0.0,1.0,0.0,0.0,0.0,1.0,0.0,0.0,0.0,0.0,0.0,0.0,0.0,0.0,0.0,0.0,0.0,1.0,0.0
EVT01340,-0.5346290764341026,-0.434941536577599,-1.3723154478363608,0.5501553311320931,-0.7542649754661083,-0.985243992977916,-0.4650234573878134,0.0,0.0,1.0,1.0,0.0,0.0,0.0,0.0,0.0,0.0,0.0,0.0,0.0,0.0,1.0,0.0,0.0,0.0,1.0,0.0,0.0,0.0
EVT01341,0.8947542693978835,-0.434941536577599,-1.3723154478363608,0.5501553311320931,-0.0016724278835167973,0.10947155477532397,-0.4650234573878134,0.0,0.0,1.0,0.0,1.0,0.0,0.0,0.0,0.0,0.0,0.0,1.0,0.0,0.0,0.0,0.0,0.0,0.0,0.0,0.0,0.0,1.0
EVT01342,-0.5346290764341026,1.5843538971708473,0.5125894023013345,0.5501553311320931,-0.0016724278835167973,-0.985243992977916,1.7220027516112477,1.0,0.0,1.0,1.0,0.0,0.0,0.0,0.0,0.0,0.0,0.0,0.0,1.0,0.0,0.0,0.0,0.0,0.0,0.0,0.0,0.0,1.0
EVT01343,0.7160813511688852,-0.7482804831937373,-0.4298630227675131,0.5501553311320931,-1.5068575230486998,0.10947155477532397,0.03967489853504685,0.0,0.0,1.0,1.0,0.0,0.0,0.0,0.0,0.0,0.0,0.0,1.0,0.0,0.0,0.0,0.0,0.0,0.0,0.0,0.0,0.0,1.0
EVT01344,-0.5346290764341026,-1.2008811838614923,-0.4298630227675131,0.5501553311320931,0.7509201196990747,-0.985243992977916,1.8061191442650577,0.0,0.0,1.0,0.0,0.0,0.0,1.0,0.0,0.0,0.0,0.0,0.0,0.0,1.0,0.0,0.0,0.0,0.0,0.0,1.0,0.0,0.0
EVT01345,-0.5346290764341026,1.1317531965030918,-1.3723154478363608,0.6926826189901484,-1.5068575230486998,-0.985243992977916,-0.3809070647340034,0.0,0.0,1.0,0.0,0.0,0.0,0.0,1.0,0.0,0.0,0.0,0.0,0.0,0.0,1.0,0.0,0.0,0.0,0.0,1.0,0.0,0.0
EVT01346,-0.5346290764341026,1.514723020145039,0.5125894023013345,0.6926826189901484,0.7509201196990747,0.10947155477532397,-0.4650234573878134,1.0,0.0,1.0,0.0,1.0,0.0,0.0,0.0,0.0,0.0,0.0,0.0,1.0,0.0,0.0,0.0,0.0,0.0,1.0,0.0,0.0,0.0
EVT01347,1.4307730240848784,-0.22604890550017362,0.5125894023013345,0.6926826189901484,-0.0016724278835167973,0.10947155477532397,1.890235536918868,0.0,0.0,1.0,0.0,0.0,1.0,0.0,0.0,0.0,1.0,0.0,0.0,0.0,0.0,0.0,0.0,0.0,0.0,0.0,0.0,1.0,0.0
EVT01348,-0.5346290764341026,-0.991988552784067,1.4550418273701822,0.6926826189901484,1.503512667281666,1.204187102528564,-0.3809070647340034,0.0,0.0,1.0,0.0,0.0,0.0,1.0,0.0,0.0,0.0,0.0,0.0,0.0,0.0,0.0,1.0,0.0,0.0,0.0,0.0,1.0,0.0
EVT01349,-0.5346290764341026,1.3406458275805178,-1.3723154478363608,0.6926826189901484,-0.7542649754661083,-0.985243992977916,-0.3809070647340034,0.0,0.0,0.0,0.0,1.0,0.0,0.0,0.0,0.0,0.0,1.0,0.0,0.0,0.0,0.0,0.0,0.0,0.0,1.0,0.0,0.0,0.0
EVT01350,-0.5346290764341026,-0.19123346698726917,1.4550418273701822,0.6926826189901484,0.7509201196990747,0.10947155477532397,-0.5491398500416235,0.0,0.0,1.0,0.0,0.0,0.0,1.0,0.0,0.0,0.0,0.0,0.0,0.0,0.0,0.0,1.0,0.0,0.0,0.0,0.0,1.0,0.0
EVT01351,-0.5346290764341026,0.4354444262450072,-1.3723154478363608,0.6926826189901484,1.503512667281666,0.10947155477532397,-0.4650234573878134,0.0,0.0,1.0,0.0,0.0,0.0,1.0,0.0,0.0,0.0,0.0,0.0,0.0,0.0,0.0,0.0,0.0,1.0,0.0,0.0,0.0,1.0
EVT01352,-0.5346290764341026,1.3754612660934218,0.5125894023013345,0.6926826189901484,-0.0016724278835167973,-0.985243992977916,-0.29679067208019333,1.0,0.0,1.0,0.0,1.0,0.0,0.0,0.0,0.0,0.0,0.0,0.0,1.0,0.0,0.0,0.0,0.0,0.0,1.0,0.0,0.0,0.0
EVT01353,-0.5346290764341026,1.0621223194772835,-0.4298630227675131,0.6926826189901484,-1.5068575230486998,-0.985243992977916,0.8808388250731473,0.0,0.0,1.0,0.0,0.0,1.0,0.0,0.0,0.0,0.0,0.0,0.0,0.0,0.0,1.0,0.0,0.0,0.0,1.0,0.0,0.0,0.0
EVT01354,0.8947542693978835,0.8880451269127623,-1.3723154478363608,0.6926826189901484,-0.7542649754661083,0.10947155477532397,0.9649552177269574,0.0,0.0,0.0,1.0,0.0,0.0,0.0,0.0,0.0,0.0,0.0,1.0,0.0,0.0,0.0,0.0,0.0,0.0,0.0,0.0,1.0,0.0
EVT01355,-0.5346290764341026,0.15692091814177325,-1.3723154478363608,0.6926826189901484,0.7509201196990747,-0.985243992977916,-0.4650234573878134,0.0,0.0,0.0,0.0,0.0,0.0,1.0,0.0,0.0,0.0,0.0,0.0,0.0,0.0,0.0,0.0,0.0,1.0,0.0,1.0,0.0,0.0
EVT01356,-0.5346290764341026,0.6443370573224325,-1.3723154478363608,0.6926826189901484,-0.0016724278835167973,0.10947155477532397,1.890235536918868,0.0,0.0,1.0,1.0,0.0,0.0,0.0,0.0,0.0,0.0,0.0,0.0,0.0,0.0,0.0,0.0,0.0,1.0,0.0,0.0,1.0,0.0
EVT01357,-0.5346290764341026,-1.5490355689905349,0.5125894023013345,0.8352099068482035,-0.0016724278835167973,0.10947155477532397,1.0490716103807673,0.0,0.0,1.0,0.0,0.0,0.0,1.0,0.0,0.0,0.0,0.0,0.0,0.0,0.0,0.0,1.0,0.0,0.0,1.0,0.0,0.0,0.0
EVT01358,-0.5346290764341026,0.15692091814177325,-1.3723154478363608,0.8352099068482035,-1.5068575230486998,-0.985243992977916,0.03967489853504685,0.0,0.0,1.0,0.0,0.0,0.0,1.0,0.0,0.0,0.0,1.0,0.0,0.0,0.0,0.0,0.0,0.0,0.0,0.0,1.0,0.0,0.0
EVT01359,2.502810533458868,-0.5393878521163118,-1.3723154478363608,0.8352099068482035,-0.0016724278835167973,1.204187102528564,1.8061191442650577,0.0,0.0,0.0,0.0,0.0,0.0,0.0,1.0,0.0,0.0,0.0,1.0,0.0,0.0,0.0,0.0,0.0,0.0,0.0,0.0,0.0,1.0
EVT01360,0.537408432939887,-1.2008811838614923,-0.4298630227675131,0.8352099068482035,0.7509201196990747,0.10947155477532397,-0.4650234573878134,0.0,0.0,0.0,1.0,0.0,0.0,0.0,0.0,0.0,0.0,0.0,1.0,0.0,0.0,0.0,0.0,0.0,0.0,0.0,0.0,1.0,0.0
EVT01361,-0.5346290764341026,-0.3653106595517906,0.5125894023013345,0.8352099068482035,-0.0016724278835167973,0.10947155477532397,1.890235536918868,0.0,0.0,1.0,0.0,0.0,0.0,1.0,0.0,0.0,0.0,0.0,0.0,0.0,0.0,0.0,0.0,1.0,0.0,0.0,1.0,0.0,0.0
EVT01362,-0.5346290764341026,-0.8527267987324499,-0.4298630227675131,0.8352099068482035,0.7509201196990747,0.10947155477532397,0.9649552177269574,0.0,0.0,1.0,0.0,0.0,0.0,1.0,0.0,0.0,0.0,0.0,0.0,0.0,0.0,1.0,0.0,0.0,0.0,0.0,0.0,1.0,0.0
EVT01363,-0.5346290764341026,0.6095216188095284,-0.4298630227675131,0.8352099068482035,0.7509201196990747,0.10947155477532397,-0.3809070647340034,0.0,0.0,1.0,0.0,0.0,0.0,0.0,1.0,0.0,0.0,1.0,0.0,0.0,0.0,0.0,0.0,0.0,0.0,1.0,0.0,0.0,0.0
EVT01364,2.6814834516878663,-0.6786496061679288,0.5125894023013345,0.8352099068482035,0.7509201196990747,1.204187102528564,-0.29679067208019333,0.0,0.0,1.0,0.0,0.0,1.0,0.0,0.0,1.0,0.0,0.0,0.0,0.0,0.0,0.0,0.0,0.0,0.0,0.0,0.0,1.0,0.0
EVT01365,-0.5346290764341026,0.15692091814177325,-0.4298630227675131,0.8352099068482035,-0.7542649754661083,-0.985243992977916,0.03967489853504685,0.0,0.0,1.0,1.0,0.0,0.0,0.0,0.0,0.0,0.0,0.0,0.0,0.0,0.0,0.0,0.0,0.0,1.0,0.0,1.0,0.0,0.0
EVT01366,-0.5346290764341026,1.410276704606326,-0.4298630227675131,0.8352099068482035,0.7509201196990747,0.10947155477532397,1.890235536918868,0.0,0.0,1.0,1.0,0.0,0.0,0.0,0.0,0.0,0.0,0.0,0.0,0.0,1.0,0.0,0.0,0.0,0.0,0.0,0.0,0.0,1.0
EVT01367,1.7881188605428748,1.2361995120418048,-1.3723154478363608,0.8352099068482035,-1.5068575230486998,0.10947155477532397,-0.3809070647340034,0.0,0.0,0.0,0.0,1.0,0.0,0.0,0.0,0.0,0.0,0.0,1.0,0.0,0.0,0.0,0.0,0.0,0.0,1.0,0.0,0.0,0.0
EVT01368,-0.5346290764341026,-1.6186664460163434,-1.3723154478363608,0.8352099068482035,-0.7542649754661083,0.10947155477532397,-0.29679067208019333,0.0,0.0,1.0,0.0,0.0,1.0,0.0,0.0,0.0,0.0,0.0,0.0,0.0,0.0,0.0,0.0,0.0,1.0,0.0,1.0,0.0,0.0
EVT01369,2.3241376152298696,1.6888002127095603,-0.4298630227675131,0.9777371947062587,-0.0016724278835167973,1.204187102528564,-0.21267427942638328,0.0,1.0,1.0,0.0,0.0,1.0,0.0,0.0,0.0,0.0,0.0,1.0,0.0,0.0,0.0,0.0,0.0,0.0,1.0,0.0,0.0,0.0
EVT01370,-0.5346290764341026,0.15692091814177325,-0.4298630227675131,0.9777371947062587,-1.5068575230486998,-0.985243992977916,-0.29679067208019333,0.0,1.0,1.0,0.0,0.0,1.0,0.0,0.0,0.0,0.0,0.0,0.0,0.0,1.0,0.0,0.0,0.0,0.0,1.0,0.0,0.0,0.0
EVT01371,-0.5346290764341026,-0.29567978252598215,0.5125894023013345,0.9777371947062587,-0.7542649754661083,-0.985243992977916,-0.12855788677257324,0.0,1.0,0.0,0.0,1.0,0.0,0.0,0.0,0.0,0.0,0.0,0.0,0.0,0.0,0.0,0.0,1.0,0.0,0.0,0.0,0.0,1.0
EVT01372,-0.5346290764341026,1.514723020145039,1.4550418273701822,0.9777371947062587,0.7509201196990747,1.204187102528564,-0.12855788677257324,0.0,1.0,1.0,0.0,0.0,0.0,0.0,1.0,0.0,0.0,0.0,0.0,0.0,0.0,0.0,1.0,0.0,0.0,0.0,1.0,0.0,0.0
EVT01373,-0.5346290764341026,-1.166065745348588,-1.3723154478363608,0.9777371947062587,-0.7542649754661083,-0.985243992977916,-0.29679067208019333,0.0,1.0,1.0,0.0,1.0,0.0,0.0,0.0,0.0,0.0,0.0,0.0,0.0,1.0,0.0,0.0,0.0,0.0,1.0,0.0,0.0,0.0
EVT01374,-0.5346290764341026,-0.29567978252598215,-0.4298630227675131,0.9777371947062587,-0.0016724278835167973,0.10947155477532397,-0.3809070647340034,0.0,1.0,0.0,0.0,0.0,0.0,0.0,1.0,0.0,0.0,0.0,0.0,0.0,0.0,0.0,0.0,0.0,1.0,0.0,1.0,0.0,0.0
EVT01375,-0.5346290764341026,-0.40012609806469485,-1.3723154478363608,0.9777371947062587,-0.0016724278835167973,-0.985243992977916,-0.21267427942638328,0.0,1.0,1.0,1.0,0.0,0.0,0.0,0.0,0.0,0.0,0.0,0.0,0.0,0.0,1.0,0.0,0.0,0.0,1.0,0.0,0.0,0.0
EVT01376,-0.5346290764341026,-1.583851007503439,1.4550418273701822,0.9777371947062587,-0.7542649754661083,-0.985243992977916,1.8061191442650577,0.0,1.0,1.0,0.0,1.0,0.0,0.0,0.0,0.0,0.0,0.0,0.0,0.0,0.0,0.0,1.0,0.0,0.0,0.0,0.0,0.0,1.0
EVT01377,-0.5346290764341026,0.8184142498869538,-0.4298630227675131,0.9777371947062587,-1.5068575230486998,-0.985243992977916,0.7967224324193373,0.0,1.0,0.0,0.0,0.0,0.0,0.0,1.0,0.0,0.0,1.0,0.0,0.0,0.0,0.0,0.0,0.0,0.0,1.0,0.0,0.0,0.0
EVT01378,1.7881188605428748,1.1317531965030918,-1.3723154478363608,0.9777371947062587,-0.0016724278835167973,0.10947155477532397,1.890235536918868,0.0,1.0,1.0,0.0,0.0,0.0,0.0,1.0,0.0,0.0,0.0,1.0,0.0,0.0,0.0,0.0,0.0,0.0,1.0,0.0,0.0,0.0
EVT01379,0.8947542693978835,1.0621223194772835,-0.4298630227675131,0.9777371947062587,1.503512667281666,2.298902650281804,-0.21267427942638328,0.0,1.0,0.0,1.0,0.0,0.0,0.0,0.0,0.0,0.0,0.0,1.0,0.0,0.0,0.0,0.0,0.0,0.0,0.0,1.0,0.0,0.0
EVT01380,-0.5346290764341026,0.2265517951675815,0.5125894023013345,0.9777371947062587,-0.0016724278835167973,0.10947155477532397,1.890235536918868,0.0,1.0,0.0,0.0,1.0,0.0,0.0,0.0,0.0,0.0,0.0,0.0,0.0,0.0,0.0,1.0,0.0,0.0,0.0,1.0,0.0,0.0
EVT01381,-0.5346290764341026,1.6888002127095603,-1.3723154478363608,1.120264482564314,0.7509201196990747,-0.985243992977916,-0.21267427942638328,0.0,1.0,1.0,0.0,0.0,0.0,1.0,0.0,0.0,0.0,0.0,0.0,0.0,0.0,1.0,0.0,0.0,0.0,1.0,0.0,0.0,0.0
EVT01382,-0.5346290764341026,1.5843538971708473,-0.4298630227675131,1.120264482564314,1.503512667281666,-0.985243992977916,-0.12855788677257324,0.0,1.0,0.0,0.0,0.0,0.0,0.0,1.0,0.0,0.0,0.0,0.0,0.0,0.0,0.0,0.0,0.0,1.0,0.0,0.0,1.0,0.0
EVT01383,-0.5346290764341026,1.6539847741966553,-0.4298630227675131,1.120264482564314,-0.7542649754661083,-0.985243992977916,-0.29679067208019333,0.0,1.0,1.0,0.0,0.0,1.0,0.0,0.0,0.0,0.0,0.0,0.0,0.0,0.0,1.0,0.0,0.0,0.0,1.0,0.0,0.0,0.0
EVT01384,1.9667917787718732,1.6191693356837513,1.4550418273701822,1.120264482564314,-1.5068575230486998,0.10947155477532397,-0.12855788677257324,0.0,1.0,1.0,0.0,0.0,1.0,0.0,0.0,1.0,0.0,0.0,0.0,0.0,0.0,0.0,0.0,0.0,0.0,1.0,0.0,0.0,0.0
EVT01385,-0.5346290764341026,-1.2356966223743966,1.4550418273701822,1.120264482564314,0.7509201196990747,0.10947155477532397,1.974351929572678,1.0,1.0,1.0,0.0,1.0,0.0,0.0,0.0,0.0,0.0,0.0,0.0,1.0,0.0,0.0,0.0,0.0,0.0,0.0,1.0,0.0,0.0
EVT01386,-0.1772832399761061,1.44509214311923,0.5125894023013345,1.120264482564314,-0.0016724278835167973,0.10947155477532397,-0.29679067208019333,0.0,1.0,1.0,1.0,0.0,0.0,0.0,0.0,1.0,0.0,0.0,0.0,0.0,0.0,0.0,0.0,0.0,0.0,1.0,0.0,0.0,0.0
EVT01387,2.3241376152298696,1.2013840735289005,0.5125894023013345,1.120264482564314,-0.7542649754661083,1.204187102528564,-0.12855788677257324,0.0,1.0,1.0,0.0,0.0,1.0,0.0,0.0,0.0,1.0,0.0,0.0,0.0,0.0,0.0,0.0,0.0,0.0,0.0,0.0,0.0,1.0
EVT01388,0.8947542693978835,1.6191693356837513,1.4550418273701822,1.120264482564314,-0.7542649754661083,1.204187102528564,-0.12855788677257324,0.0,1.0,1.0,0.0,0.0,0.0,0.0,1.0,1.0,0.0,0.0,0.0,0.0,0.0,0.0,0.0,0.0,0.0,0.0,0.0,0.0,1.0
EVT01389,-0.5346290764341026,0.5398907417837199,-1.3723154478363608,1.120264482564314,0.7509201196990747,0.10947155477532397,1.974351929572678,0.0,1.0,0.0,0.0,0.0,1.0,0.0,0.0,0.0,0.0,0.0,0.0,0.0,0.0,0.0,0.0,0.0,1.0,1.0,0.0,0.0,0.0
EVT01390,-0.5346290764341026,-1.5142201304776308,-1.3723154478363608,1.120264482564314,-0.0016724278835167973,1.204187102528564,-0.0444414941187632,0.0,1.0,1.0,0.0,0.0,0.0,0.0,1.0,0.0,0.0,0.0,0.0,0.0,0.0,1.0,0.0,0.0,0.0,0.0,0.0,1.0,0.0
EVT01391,-0.5346290764341026,-0.434941536577599,-0.4298630227675131,1.120264482564314,0.7509201196990747,-0.985243992977916,1.974351929572678,0.0,1.0,1.0,0.0,0.0,0.0,0.0,1.0,0.0,0.0,0.0,0.0,0.0,0.0,1.0,0.0,0.0,0.0,0.0,0.0,1.0,0.0
EVT01392,-0.5346290764341026,0.08729004111596471,1.4550418273701822,1.120264482564314,-1.5068575230486998,-0.985243992977916,0.37614046915028704,1.0,1.0,1.0,1.0,0.0,0.0,0.0,0.0,0.0,0.0,0.0,0.0,1.0,0.0,0.0,0.0,0.0,0.0,0.0,0.0,0.0,1.0
EVT01393,-0.5346290764341026,-1.0964348683227798,-0.4298630227675131,1.2627917704223692,-0.0016724278835167973,0.10947155477532397,-0.3809070647340034,0.0,1.0,0.0,0.0,1.0,0.0,0.0,0.0,0.0,0.0,1.0,0.0,0.0,0.0,0.0,0.0,0.0,0.0,0.0,0.0,1.0,0.0
EVT01394,0.18006259648189046,1.4799075816321343,-1.3723154478363608,1.2627917704223692,-0.7542649754661083,1.204187102528564,-0.0444414941187632,0.0,1.0,0.0,0.0,1.0,0.0,0.0,0.0,0.0,0.0,0.0,1.0,0.0,0.0,0.0,0.0,0.0,0.0,0.0,0.0,1.0,0.0
EVT01395,-0.5346290764341026,0.3309981107062945,0.5125894023013345,1.2627917704223692,0.7509201196990747,1.204187102528564,0.03967489853504685,0.0,1.0,1.0,0.0,0.0,1.0,0.0,0.0,0.0,0.0,0.0,0.0,0.0,0.0,0.0,0.0,1.0,0.0,1.0,0.0,0.0,0.0
EVT01396,-0.5346290764341026,-1.166065745348588,0.5125894023013345,1.2627917704223692,1.503512667281666,1.204187102528564,0.1237912911888569,0.0,1.0,0.0,0.0,0.0,0.0,0.0,1.0,0.0,0.0,0.0,0.0,0.0,0.0,0.0,0.0,1.0,0.0,1.0,0.0,0.0,0.0
EVT01397,-0.5346290764341026,-1.688297323042152,1.4550418273701822,1.2627917704223692,-0.7542649754661083,-0.985243992977916,0.20790768384266695,0.0,1.0,1.0,0.0,1.0,0.0,0.0,0.0,0.0,0.0,0.0,0.0,0.0,0.0,0.0,1.0,0.0,0.0,0.0,1.0,0.0,0.0
EVT01398,-0.5346290764341026,1.7236156512224643,-1.3723154478363608,1.2627917704223692,-0.0016724278835167973,0.10947155477532397,-0.29679067208019333,0.0,1.0,1.0,0.0,0.0,0.0,0.0,1.0,0.0,0.0,0.0,0.0,0.0,1.0,0.0,0.0,0.0,0.0,1.0,0.0,0.0,0.0
EVT01399,-0.5346290764341026,-0.40012609806469485,-1.3723154478363608,1.2627917704223692,-0.0016724278835167973,-0.985243992977916,-0.29679067208019333,0.0,1.0,1.0,0.0,1.0,0.0,0.0,0.0,0.0,0.0,1.0,0.0,0.0,0.0,0.0,0.0,0.0,0.0,0.0,0.0,1.0,0.0
EVT01400,-0.5346290764341026,0.5050753032708157,-0.4298630227675131,1.2627917704223692,-0.0016724278835167973,-0.985243992977916,1.974351929572678,0.0,1.0,1.0,0.0,0.0,1.0,0.0,0.0,0.0,0.0,1.0,0.0,0.0,0.0,0.0,0.0,0.0,0.0,0.0,1.0,0.0,0.0
EVT01401,0.001389678252892188,1.2361995120418048,-0.4298630227675131,1.2627917704223692,-1.5068575230486998,0.10947155477532397,-0.29679067208019333,0.0,1.0,0.0,0.0,0.0,0.0,0.0,1.0,0.0,0.0,0.0,1.0,0.0,0.0,0.0,0.0,0.0,0.0,0.0,0.0,0.0,1.0
EVT01402,-0.5346290764341026,-0.6090187291421202,-1.3723154478363608,1.2627917704223692,-0.0016724278835167973,-0.985243992977916,0.292024076496477,0.0,1.0,0.0,0.0,0.0,0.0,1.0,0.0,0.0,0.0,0.0,0.0,0.0,0.0,1.0,0.0,0.0,0.0,0.0,0.0,0.0,1.0
EVT01403,-0.5346290764341026,1.6539847741966553,-0.4298630227675131,1.2627917704223692,0.7509201196990747,-0.985243992977916,0.37614046915028704,0.0,1.0,1.0,0.0,0.0,0.0,1.0,0.0,0.0,0.0,0.0,0.0,0.0,1.0,0.0,0.0,0.0,0.0,0.0,0.0,1.0,0.0
EVT01404,-0.5346290764341026,-1.3401429379131093,-0.4298630227675131,1.2627917704223692,0.7509201196990747,-0.985243992977916,-0.21267427942638328,0.0,1.0,0.0,0.0,0.0,1.0,0.0,0.0,0.0,0.0,0.0,0.0,0.0,0.0,0.0,0.0,0.0,1.0,0.0,0.0,1.0,0.0
EVT01405,1.6094459423138765,0.017659164090156162,1.4550418273701822,1.4053190582804245,-0.7542649754661083,1.204187102528564,-0.12855788677257324,0.0,1.0,1.0,0.0,0.0,0.0,1.0,0.0,1.0,0.0,0.0,0.0,0.0,0.0,0.0,0.0,0.0,0.0,0.0,1.0,0.0,0.0
EVT01406,-0.5346290764341026,1.514723020145039,-1.3723154478363608,1.4053190582804245,-0.7542649754661083,0.10947155477532397,-0.21267427942638328,0.0,1.0,1.0,1.0,0.0,0.0,0.0,0.0,0.0,0.0,0.0,0.0,0.0,0.0,0.0,0.0,0.0,1.0,0.0,0.0,1.0,0.0
EVT01407,-0.5346290764341026,-0.08678715144855652,1.4550418273701822,1.4053190582804245,0.7509201196990747,-0.985243992977916,-0.21267427942638328,0.0,1.0,1.0,1.0,0.0,0.0,0.0,0.0,0.0,0.0,0.0,0.0,0.0,0.0,0.0,0.0,1.0,0.0,0.0,1.0,0.0,0.0
EVT01408,-0.5346290764341026,-1.688297323042152,-0.4298630227675131,1.4053190582804245,0.7509201196990747,-0.985243992977916,0.292024076496477,0.0,1.0,1.0,0.0,0.0,1.0,0.0,0.0,0.0,0.0,0.0,0.0,0.0,1.0,0.0,0.0,0.0,0.0,0.0,0.0,1.0,0.0
EVT01409,-0.5346290764341026,1.2013840735289005,-0.4298630227675131,1.4053190582804245,-0.7542649754661083,0.10947155477532397,-0.0444414941187632,0.0,1.0,1.0,0.0,0.0,1.0,0.0,0.0,0.0,0.0,1.0,0.0,0.0,0.0,0.0,0.0,0.0,0.0,0.0,0.0,0.0,1.0
EVT01410,-0.5346290764341026,1.2013840735289005,1.4550418273701822,1.4053190582804245,-0.7542649754661083,-0.985243992977916,1.890235536918868,1.0,1.0,1.0,1.0,0.0,0.0,0.0,0.0,0.0,0.0,0.0,0.0,1.0,0.0,0.0,0.0,0.0,0.0,1.0,0.0,0.0,0.0
EVT01411,-0.5346290764341026,1.0273068809643795,-0.4298630227675131,1.4053190582804245,-0.0016724278835167973,0.10947155477532397,-0.12855788677257324,0.0,1.0,1.0,1.0,0.0,0.0,0.0,0.0,0.0,0.0,0.0,0.0,0.0,0.0,0.0,0.0,0.0,1.0,0.0,0.0,0.0,1.0
EVT01412,2.1454646970008713,1.0273068809643795,-0.4298630227675131,1.4053190582804245,0.7509201196990747,1.204187102528564,-0.0444414941187632,0.0,1.0,1.0,0.0,0.0,1.0,0.0,0.0,0.0,0.0,0.0,1.0,0.0,0.0,0.0,0.0,0.0,0.0,0.0,0.0,0.0,1.0
EVT01413,-0.5346290764341026,0.9924914424514749,-1.3723154478363608,1.4053190582804245,-0.0016724278835167973,0.10947155477532397,0.03967489853504685,0.0,1.0,1.0,0.0,0.0,0.0,1.0,0.0,0.0,0.0,0.0,0.0,0.0,0.0,0.0,0.0,0.0,1.0,1.0,0.0,0.0,0.0
EVT01414,-0.5346290764341026,-0.7830959217066414,1.4550418273701822,1.4053190582804245,-0.0016724278835167973,-0.985243992977916,-0.29679067208019333,0.0,1.0,1.0,0.0,1.0,0.0,0.0,0.0,0.0,0.0,0.0,0.0,0.0,0.0,0.0,0.0,1.0,0.0,1.0,0.0,0.0,0.0
EVT01415,-0.5346290764341026,-0.05197171293565239,0.5125894023013345,1.4053190582804245,-1.5068575230486998,-0.985243992977916,0.03967489853504685,1.0,1.0,0.0,1.0,0.0,0.0,0.0,0.0,0.0,0.0,0.0,0.0,1.0,0.0,0.0,0.0,0.0,0.0,0.0,1.0,0.0,0.0
EVT01416,0.001389678252892188,-0.15641802847436506,0.5125894023013345,1.4053190582804245,-0.7542649754661083,0.10947155477532397,0.1237912911888569,0.0,1.0,1.0,0.0,1.0,0.0,0.0,0.0,0.0,1.0,0.0,0.0,0.0,0.0,0.0,0.0,0.0,0.0,0.0,0.0,1.0,0.0
EVT01417,1.7881188605428748,-0.6786496061679288,-0.4298630227675131,1.5478463461384797,-0.7542649754661083,0.10947155477532397,1.974351929572678,0.0,1.0,1.0,0.0,0.0,0.0,0.0,1.0,0.0,0.0,0.0,1.0,0.0,0.0,0.0,0.0,0.0,0.0,0.0,1.0,0.0,0.0
EVT01418,-0.5346290764341026,1.0969377579901876,1.4550418273701822,1.5478463461384797,0.7509201196990747,0.10947155477532397,-0.12855788677257324,1.0,1.0,1.0,0.0,0.0,1.0,0.0,0.0,0.0,0.0,0.0,0.0,1.0,0.0,0.0,0.0,0.0,0.0,0.0,1.0,0.0,0.0
EVT01419,-0.5346290764341026,1.7236156512224643,1.4550418273701822,1.5478463461384797,0.7509201196990747,0.10947155477532397,-0.0444414941187632,0.0,1.0,1.0,0.0,0.0,0.0,0.0,1.0,0.0,0.0,0.0,0.0,0.0,0.0,0.0,0.0,1.0,0.0,1.0,0.0,0.0,0.0
EVT01420,-0.5346290764341026,0.8880451269127623,0.5125894023013345,1.5478463461384797,-0.7542649754661083,-0.985243992977916,-0.3809070647340034,0.0,1.0,1.0,1.0,0.0,0.0,0.0,0.0,0.0,0.0,0.0,0.0,0.0,0.0,0.0,0.0,1.0,0.0,0.0,1.0,0.0,0.0
EVT01421,-0.5346290764341026,-0.8875422372453542,-1.3723154478363608,1.5478463461384797,-0.0016724278835167973,0.10947155477532397,1.974351929572678,0.0,1.0,1.0,0.0,0.0,1.0,0.0,0.0,0.0,0.0,0.0,0.0,0.0,1.0,0.0,0.0,0.0,0.0,1.0,0.0,0.0,0.0
EVT01422,0.001389678252892188,-1.0616194298098756,0.5125894023013345,1.5478463461384797,-0.0016724278835167973,0.10947155477532397,-0.29679067208019333,0.0,1.0,0.0,0.0,0.0,0.0,1.0,0.0,0.0,1.0,0.0,0.0,0.0,0.0,0.0,0.0,0.0,0.0,1.0,0.0,0.0,0.0
EVT01423,-0.5346290764341026,0.6443370573224325,-1.3723154478363608,1.5478463461384797,-0.0016724278835167973,0.10947155477532397,2.058468322226488,0.0,1.0,1.0,0.0,1.0,0.0,0.0,0.0,0.0,0.0,0.0,0.0,0.0,1.0,0.0,0.0,0.0,0.0,0.0,0.0,0.0,1.0
EVT01424,-0.5346290764341026,0.6443370573224325,0.5125894023013345,1.5478463461384797,0.7509201196990747,0.10947155477532397,0.03967489853504685,0.0,1.0,1.0,0.0,0.0,1.0,0.0,0.0,0.0,0.0,0.0,0.0,0.0,0.0,0.0,0.0,1.0,0.0,0.0,0.0,0.0,1.0
EVT01425,1.9667917787718732,0.08729004111596471,0.5125894023013345,1.5478463461384797,0.7509201196990747,1.204187102528564,-0.21267427942638328,0.0,1.0,1.0,0.0,0.0,1.0,0.0,0.0,0.0,1.0,0.0,0.0,0.0,0.0,0.0,0.0,0.0,0.0,0.0,0.0,0.0,1.0
EVT01426,-0.5346290764341026,-1.583851007503439,-1.3723154478363608,1.5478463461384797,1.503512667281666,1.204187102528564,-0.12855788677257324,0.0,1.0,1.0,0.0,0.0,0.0,1.0,0.0,0.0,0.0,0.0,0.0,0.0,0.0,1.0,0.0,0.0,0.0,0.0,1.0,0.0,0.0
EVT01427,1.7881188605428748,0.12210547962886883,1.4550418273701822,1.5478463461384797,0.7509201196990747,1.204187102528564,1.974351929572678,0.0,1.0,0.0,1.0,0.0,0.0,0.0,0.0,1.0,0.0,0.0,0.0,0.0,0.0,0.0,0.0,0.0,0.0,0.0,1.0,0.0,0.0
EVT01428,2.1454646970008713,0.052474602603060284,0.5125894023013345,1.5478463461384797,1.503512667281666,2.298902650281804,-0.21267427942638328,0.0,1.0,1.0,1.0,0.0,0.0,0.0,0.0,1.0,0.0,0.0,0.0,0.0,0.0,0.0,0.0,0.0,0.0,0.0,1.0,0.0,0.0
EVT01429,-0.1772832399761061,-1.3401429379131093,0.5125894023013345,1.690373633996535,-1.5068575230486998,0.10947155477532397,-0.21267427942638328,0.0,1.0,1.0,0.0,1.0,0.0,0.0,0.0,0.0,1.0,0.0,0.0,0.0,0.0,0.0,0.0,0.0,0.0,1.0,0.0,0.0,0.0
EVT01430,-0.5346290764341026,1.2710149505547088,-1.3723154478363608,1.690373633996535,-0.7542649754661083,0.10947155477532397,-0.12855788677257324,0.0,1.0,1.0,0.0,1.0,0.0,0.0,0.0,0.0,0.0,0.0,0.0,0.0,0.0,1.0,0.0,0.0,0.0,0.0,0.0,0.0,1.0
EVT01431,3.038829288145863,-1.583851007503439,0.5125894023013345,1.690373633996535,-0.0016724278835167973,1.204187102528564,-0.0444414941187632,0.0,1.0,0.0,1.0,0.0,0.0,0.0,0.0,0.0,1.0,0.0,0.0,0.0,0.0,0.0,0.0,0.0,0.0,0.0,0.0,1.0,0.0
EVT01432,-0.5346290764341026,0.2265517951675815,-0.4298630227675131,1.690373633996535,2.2561052148642577,2.298902650281804,-0.12855788677257324,0.0,1.0,1.0,0.0,0.0,0.0,1.0,0.0,0.0,0.0,1.0,0.0,0.0,0.0,0.0,0.0,0.0,0.0,1.0,0.0,0.0,0.0
EVT01433,-0.5346290764341026,1.44509214311923,-0.4298630227675131,1.690373633996535,-1.5068575230486998,-0.985243992977916,0.20790768384266695,0.0,1.0,1.0,0.0,0.0,1.0,0.0,0.0,0.0,0.0,0.0,0.0,0.0,0.0,1.0,0.0,0.0,0.0,0.0,0.0,0.0,1.0
EVT01434,2.1454646970008713,1.4799075816321343,0.5125894023013345,1.690373633996535,-1.5068575230486998,0.10947155477532397,-0.0444414941187632,0.0,1.0,1.0,0.0,0.0,0.0,0.0,1.0,1.0,0.0,0.0,0.0,0.0,0.0,0.0,0.0,0.0,0.0,0.0,0.0,1.0,0.0
EVT01435,2.502810533458868,0.47025986475791126,-0.4298630227675131,1.690373633996535,-0.7542649754661083,1.204187102528564,0.03967489853504685,0.0,1.0,0.0,0.0,0.0,1.0,0.0,0.0,0.0,0.0,0.0,1.0,0.0,0.0,0.0,0.0,0.0,0.0,0.0,0.0,0.0,1.0
EVT01436,0.7160813511688852,-1.583851007503439,1.4550418273701822,1.690373633996535,-0.0016724278835167973,2.298902650281804,0.1237912911888569,0.0,1.0,1.0,0.0,1.0,0.0,0.0,0.0,1.0,0.0,0.0,0.0,0.0,0.0,0.0,0.0,0.0,0.0,0.0,0.0,0.0,1.0
EVT01437,-0.5346290764341026,0.8184142498869538,0.5125894023013345,1.690373633996535,-1.5068575230486998,-0.985243992977916,-0.0444414941187632,0.0,1.0,1.0,0.0,0.0,0.0,1.0,0.0,0.0,0.0,0.0,0.0,0.0,0.0,0.0,0.0,1.0,0.0,0.0,1.0,0.0,0.0
EVT01438,2.1454646970008713,0.15692091814177325,0.5125894023013345,1.690373633996535,0.7509201196990747,1.204187102528564,-0.0444414941187632,0.0,1.0,1.0,1.0,0.0,0.0,0.0,0.0,0.0,1.0,0.0,0.0,0.0,0.0,0.0,0.0,0.0,0.0,0.0,0.0,1.0,0.0
EVT01439,-0.5346290764341026,0.3658135492191986,1.4550418273701822,1.690373633996535,0.7509201196990747,1.204187102528564,-0.0444414941187632,0.0,1.0,0.0,0.0,0.0,0.0,0.0,1.0,0.0,0.0,0.0,0.0,0.0,0.0,0.0,1.0,0.0,0.0,0.0,0.0,0.0,1.0
EVT01440,1.25210010585588,-1.3401429379131093,1.4550418273701822,1.690373633996535,0.7509201196990747,2.298902650281804,-0.0444414941187632,0.0,1.0,0.0,0.0,0.0,0.0,1.0,0.0,1.0,0.0,0.0,0.0,0.0,0.0,0.0,0.0,0.0,0.0,1.0,0.0,0.0,0.0
EVT01441,-0.5346290764341026,0.713967934348241,-1.3723154478363608,-1.5877539867387354,-0.7542649754661083,-0.985243992977916,0.03967489853504685,0.0,1.0,1.0,0.0,0.0,1.0,0.0,0.0,0.0,0.0,1.0,0.0,0.0,0.0,0.0,0.0,0.0,0.0,0.0,1.0,0.0,0.0
EVT01442,-0.5346290764341026,1.44509214311923,-1.3723154478363608,-1.5877539867387354,-0.0016724278835167973,-0.985243992977916,0.1237912911888569,0.0,1.0,1.0,0.0,0.0,0.0,0.0,1.0,0.0,0.0,1.0,0.0,0.0,0.0,0.0,0.0,0.0,0.0,0.0,1.0,0.0,0.0
EVT01443,-0.5346290764341026,0.08729004111596471,-1.3723154478363608,-1.5877539867387354,0.7509201196990747,-0.985243992977916,0.20790768384266695,0.0,1.0,1.0,1.0,0.0,0.0,0.0,0.0,0.0,0.0,0.0,0.0,0.0,0.0,1.0,0.0,0.0,0.0,0.0,0.0,0.0,1.0
EVT01444,-0.5346290764341026,-0.05197171293565239,-1.3723154478363608,-1.5877539867387354,-0.7542649754661083,-0.985243992977916,-0.12855788677257324,0.0,1.0,1.0,0.0,0.0,0.0,0.0,1.0,0.0,0.0,0.0,0.0,0.0,1.0,0.0,0.0,0.0,0.0,1.0,0.0,0.0,0.0
EVT01445,-0.5346290764341026,1.4799075816321343,0.5125894023013345,-1.5877539867387354,-1.5068575230486998,-0.985243992977916,1.8061191442650577,0.0,1.0,1.0,0.0,0.0,1.0,0.0,0.0,0.0,0.0,0.0,0.0,0.0,0.0,0.0,1.0,0.0,0.0,0.0,0.0,0.0,1.0
EVT01446,-0.5346290764341026,1.0621223194772835,-0.4298630227675131,-1.5877539867387354,-0.0016724278835167973,1.204187102528564,0.03967489853504685,0.0,1.0,1.0,1.0,0.0,0.0,0.0,0.0,0.0,0.0,0.0,0.0,0.0,1.0,0.0,0.0,0.0,0.0,0.0,0.0,1.0,0.0
EVT01447,-0.5346290764341026,-0.40012609806469485,0.5125894023013345,-1.5877539867387354,-1.5068575230486998,0.10947155477532397,0.1237912911888569,0.0,1.0,1.0,1.0,0.0,0.0,0.0,0.0,0.0,1.0,0.0,0.0,0.0,0.0,0.0,0.0,0.0,0.0,0.0,0.0,0.0,1.0
EVT01448,-0.5346290764341026,-0.3304952210388863,-1.3723154478363608,-1.5877539867387354,-0.0016724278835167973,-0.985243992977916,-0.0444414941187632,0.0,1.0,1.0,0.0,0.0,1.0,0.0,0.0,0.0,0.0,1.0,0.0,0.0,0.0,0.0,0.0,0.0,0.0,0.0,1.0,0.0,0.0
EVT01449,-0.5346290764341026,1.1317531965030918,-1.3723154478363608,-1.5877539867387354,0.7509201196990747,-0.985243992977916,0.03967489853504685,0.0,1.0,1.0,0.0,1.0,0.0,0.0,0.0,0.0,0.0,0.0,0.0,0.0,1.0,0.0,0.0,0.0,0.0,0.0,0.0,0.0,1.0
EVT01450,-0.5346290764341026,-1.305327499400205,-1.3723154478363608,-1.5877539867387354,-1.5068575230486998,-0.985243992977916,-0.29679067208019333,0.0,1.0,0.0,1.0,0.0,0.0,0.0,0.0,0.0,0.0,1.0,0.0,0.0,0.0,0.0,0.0,0.0,0.0,0.0,1.0,0.0,0.0
EVT01451,-0.5346290764341026,1.0969377579901876,-0.4298630227675131,-1.5877539867387354,0.7509201196990747,-0.985243992977916,0.292024076496477,0.0,1.0,1.0,0.0,0.0,1.0,0.0,0.0,0.0,0.0,0.0,0.0,0.0,0.0,0.0,0.0,0.0,1.0,0.0,0.0,1.0,0.0
EVT01452,-0.5346290764341026,1.44509214311923,1.4550418273701822,-1.5877539867387354,-0.7542649754661083,-0.985243992977916,-0.21267427942638328,0.0,1.0,1.0,0.0,0.0,1.0,0.0,0.0,0.0,0.0,0.0,0.0,0.0,0.0,0.0,0.0,1.0,0.0,0.0,1.0,0.0,0.0
EVT01453,-0.5346290764341026,0.08729004111596471,1.4550418273701822,-1.4452266988806801,-0.7542649754661083,0.10947155477532397,0.1237912911888569,0.0,1.0,1.0,0.0,0.0,0.0,0.0,1.0,0.0,0.0,0.0,0.0,0.0,0.0,0.0,1.0,0.0,0.0,0.0,0.0,1.0,0.0
EVT01454,-0.5346290764341026,-0.08678715144855652,-0.4298630227675131,-1.4452266988806801,0.7509201196990747,-0.985243992977916,0.03967489853504685,0.0,1.0,1.0,0.0,1.0,0.0,0.0,0.0,0.0,0.0,0.0,0.0,0.0,0.0,0.0,0.0,0.0,1.0,1.0,0.0,0.0,0.0
EVT01455,-0.5346290764341026,-1.2356966223743966,-1.3723154478363608,-1.4452266988806801,-0.7542649754661083,-0.985243992977916,1.8061191442650577,0.0,1.0,0.0,0.0,0.0,0.0,1.0,0.0,0.0,0.0,1.0,0.0,0.0,0.0,0.0,0.0,0.0,0.0,1.0,0.0,0.0,0.0
EVT01456,-0.5346290764341026,-0.6438341676550244,0.5125894023013345,-1.4452266988806801,-0.7542649754661083,-0.985243992977916,0.37614046915028704,0.0,1.0,1.0,0.0,0.0,0.0,1.0,0.0,0.0,0.0,0.0,0.0,0.0,0.0,0.0,1.0,0.0,0.0,0.0,0.0,0.0,1.0
EVT01457,1.6094459423138765,-0.434941536577599,-1.3723154478363608,-1.4452266988806801,-0.0016724278835167973,0.10947155477532397,0.4602568618040971,0.0,1.0,1.0,0.0,0.0,1.0,0.0,0.0,0.0,0.0,0.0,1.0,0.0,0.0,0.0,0.0,0.0,0.0,0.0,0.0,1.0,0.0
EVT01458,-0.5346290764341026,-1.583851007503439,1.4550418273701822,-1.4452266988806801,0.7509201196990747,-0.985243992977916,0.1237912911888569,0.0,1.0,1.0,0.0,0.0,0.0,0.0,1.0,0.0,0.0,0.0,0.0,0.0,0.0,0.0,1.0,0.0,0.0,0.0,0.0,1.0,0.0
EVT01459,-0.5346290764341026,-1.723112761555056,-0.4298630227675131,-1.4452266988806801,-0.0016724278835167973,-0.985243992977916,-0.3809070647340034,0.0,1.0,1.0,0.0,0.0,1.0,0.0,0.0,0.0,0.0,1.0,0.0,0.0,0.0,0.0,0.0,0.0,0.0,0.0,1.0,0.0,0.0
EVT01460,3.038829288145863,-0.6438341676550244,1.4550418273701822,-1.4452266988806801,-1.5068575230486998,0.10947155477532397,-0.12855788677257324,0.0,1.0,1.0,0.0,0.0,1.0,0.0,0.0,1.0,0.0,0.0,0.0,0.0,0.0,0.0,0.0,0.0,0.0,0.0,0.0,0.0,1.0
EVT01461,1.7881188605428748,0.8880451269127623,0.5125894023013345,-1.4452266988806801,-0.7542649754661083,0.10947155477532397,1.6378863589574377,0.0,1.0,1.0,0.0,0.0,1.0,0.0,0.0,0.0,1.0,0.0,0.0,0.0,0.0,0.0,0.0,0.0,0.0,0.0,0.0,0.0,1.0
EVT01462,-0.5346290764341026,0.6443370573224325,-0.4298630227675131,-1.4452266988806801,-0.7542649754661083,-0.985243992977916,0.20790768384266695,0.0,1.0,1.0,0.0,0.0,0.0,1.0,0.0,0.0,0.0,0.0,0.0,0.0,0.0,1.0,0.0,0.0,0.0,0.0,1.0,0.0,0.0
EVT01463,-0.5346290764341026,0.8532296883998581,1.4550418273701822,-1.4452266988806801,-0.7542649754661083,0.10947155477532397,-0.12855788677257324,0.0,1.0,1.0,0.0,0.0,0.0,0.0,1.0,0.0,0.0,0.0,0.0,0.0,0.0,0.0,0.0,1.0,0.0,1.0,0.0,0.0,0.0
EVT01464,-0.5346290764341026,1.3406458275805178,-1.3723154478363608,-1.4452266988806801,-0.0016724278835167973,-0.985243992977916,-0.3809070647340034,0.0,1.0,0.0,0.0,0.0,1.0,0.0,0.0,0.0,0.0,1.0,0.0,0.0,0.0,0.0,0.0,0.0,0.0,0.0,1.0,0.0,0.0
EVT01465,-0.5346290764341026,1.7584310897353683,-1.3723154478363608,-1.3026994110226249,-0.0016724278835167973,0.10947155477532397,-0.0444414941187632,0.0,1.0,1.0,1.0,0.0,0.0,0.0,0.0,0.0,0.0,0.0,0.0,0.0,0.0,1.0,0.0,0.0,0.0,0.0,0.0,1.0,0.0
EVT01466,-0.5346290764341026,-1.6534818845292476,-1.3723154478363608,-1.3026994110226249,0.7509201196990747,0.10947155477532397,-0.0444414941187632,0.0,1.0,1.0,0.0,0.0,1.0,0.0,0.0,0.0,0.0,0.0,0.0,0.0,0.0,0.0,0.0,0.0,1.0,1.0,0.0,0.0,0.0
EVT01467,0.18006259648189046,-1.6186664460163434,1.4550418273701822,-1.3026994110226249,-0.0016724278835167973,0.10947155477532397,-0.4650234573878134,0.0,1.0,0.0,0.0,1.0,0.0,0.0,0.0,1.0,0.0,0.0,0.0,0.0,0.0,0.0,0.0,0.0,0.0,1.0,0.0,0.0,0.0
EVT01468,1.6094459423138765,-1.0964348683227798,0.5125894023013345,-1.3026994110226249,-0.7542649754661083,0.10947155477532397,0.1237912911888569,0.0,1.0,0.0,1.0,0.0,0.0,0.0,0.0,0.0,1.0,0.0,0.0,0.0,0.0,0.0,0.0,0.0,0.0,0.0,1.0,0.0,0.0
EVT01469,0.18006259648189046,1.410276704606326,0.5125894023013345,-1.3026994110226249,-0.7542649754661083,0.10947155477532397,0.20790768384266695,0.0,1.0,1.0,0.0,0.0,0.0,1.0,0.0,0.0,1.0,0.0,0.0,0.0,0.0,0.0,0.0,0.0,0.0,0.0,0.0,1.0,0.0
EVT01470,-0.5346290764341026,-0.6090187291421202,-1.3723154478363608,-1.3026994110226249,-0.0016724278835167973,0.10947155477532397,0.20790768384266695,0.0,1.0,0.0,0.0,0.0,0.0,0.0,1.0,0.0,0.0,0.0,0.0,0.0,0.0,1.0,0.0,0.0,0.0,0.0,1.0,0.0,0.0
EVT01471,2.6814834516878663,0.679152495835337,0.5125894023013345,-1.3026994110226249,-0.7542649754661083,1.204187102528564,1.4696535736498175,0.0,1.0,1.0,0.0,0.0,1.0,0.0,0.0,0.0,1.0,0.0,0.0,0.0,0.0,0.0,0.0,0.0,0.0,0.0,1.0,0.0,0.0
EVT01472,1.25210010585588,1.2710149505547088,0.5125894023013345,-1.3026994110226249,-0.0016724278835167973,1.204187102528564,0.20790768384266695,0.0,1.0,1.0,0.0,1.0,0.0,0.0,0.0,1.0,0.0,0.0,0.0,0.0,0.0,0.0,0.0,0.0,0.0,0.0,0.0,0.0,1.0
EVT01473,-0.5346290764341026,1.2013840735289005,-0.4298630227675131,-1.3026994110226249,0.7509201196990747,-0.985243992977916,0.03967489853504685,0.0,1.0,1.0,0.0,1.0,0.0,0.0,0.0,0.0,0.0,1.0,0.0,0.0,0.0,0.0,0.0,0.0,0.0,0.0,0.0,1.0,0.0
EVT01474,-0.5346290764341026,0.9576760039385709,-1.3723154478363608,-1.3026994110226249,-0.0016724278835167973,0.10947155477532397,-0.3809070647340034,0.0,1.0,1.0,1.0,0.0,0.0,0.0,0.0,0.0,0.0,1.0,0.0,0.0,0.0,0.0,0.0,0.0,0.0,0.0,0.0,0.0,1.0
EVT01475,0.18006259648189046,-1.3749583764260136,0.5125894023013345,-1.3026994110226249,-0.7542649754661083,1.204187102528564,1.4696535736498175,0.0,1.0,0.0,0.0,1.0,0.0,0.0,0.0,0.0,1.0,0.0,0.0,0.0,0.0,0.0,0.0,0.0,0.0,0.0,1.0,0.0,0.0
EVT01476,-0.5346290764341026,1.0273068809643795,-1.3723154478363608,-1.3026994110226249,-0.0016724278835167973,0.10947155477532397,0.03967489853504685,0.0,1.0,1.0,1.0,0.0,0.0,0.0,0.0,0.0,0.0,0.0,0.0,0.0,1.0,0.0,0.0,0.0,0.0,1.0,0.0,0.0,0.0
EVT01477,-0.5346290764341026,-0.991988552784067,0.5125894023013345,-1.1601721231645696,-1.5068575230486998,-0.985243992977916,0.4602568618040971,1.0,1.0,1.0,0.0,0.0,1.0,0.0,0.0,0.0,0.0,0.0,0.0,1.0,0.0,0.0,0.0,0.0,0.0,0.0,0.0,1.0,0.0
EVT01478,-0.35595615820510434,-0.9223576757582586,0.5125894023013345,-1.1601721231645696,0.7509201196990747,1.204187102528564,0.1237912911888569,0.0,1.0,1.0,0.0,0.0,0.0,0.0,1.0,0.0,1.0,0.0,0.0,0.0,0.0,0.0,0.0,0.0,0.0,1.0,0.0,0.0,0.0
EVT01479,-0.5346290764341026,-1.2356966223743966,0.5125894023013345,-1.1601721231645696,-0.7542649754661083,-0.985243992977916,0.1237912911888569,0.0,1.0,1.0,0.0,0.0,0.0,0.0,1.0,0.0,0.0,0.0,0.0,0.0,0.0,0.0,1.0,0.0,0.0,0.0,0.0,1.0,0.0
EVT01480,-0.5346290764341026,-1.0616194298098756,-1.3723154478363608,-1.1601721231645696,-0.7542649754661083,-0.985243992977916,0.4602568618040971,0.0,1.0,1.0,0.0,0.0,0.0,1.0,0.0,0.0,0.0,0.0,0.0,0.0,0.0,1.0,0.0,0.0,0.0,1.0,0.0,0.0,0.0
EVT01481,-0.5346290764341026,-1.6534818845292476,-0.4298630227675131,-1.1601721231645696,-0.0016724278835167973,1.204187102528564,1.3014207883421975,0.0,1.0,1.0,0.0,0.0,1.0,0.0,0.0,0.0,0.0,1.0,0.0,0.0,0.0,0.0,0.0,0.0,0.0,0.0,1.0,0.0,0.0
EVT01482,1.0734271876268817,0.2265517951675815,-0.4298630227675131,-1.1601721231645696,-0.0016724278835167973,0.10947155477532397,0.5443732544579071,0.0,1.0,1.0,0.0,0.0,0.0,1.0,0.0,0.0,0.0,0.0,1.0,0.0,0.0,0.0,0.0,0.0,0.0,0.0,0.0,1.0,0.0
EVT01483,-0.5346290764341026,0.2265517951675815,-1.3723154478363608,-1.1601721231645696,0.7509201196990747,0.10947155477532397,0.5443732544579071,0.0,1.0,1.0,0.0,0.0,0.0,1.0,0.0,0.0,0.0,0.0,0.0,0.0,0.0,1.0,0.0,0.0,0.0,1.0,0.0,0.0,0.0
EVT01484,-0.5346290764341026,1.2013840735289005,1.4550418273701822,-1.1601721231645696,-0.7542649754661083,-0.985243992977916,-0.3809070647340034,0.0,1.0,1.0,0.0,1.0,0.0,0.0,0.0,0.0,0.0,0.0,0.0,0.0,0.0,0.0,0.0,1.0,0.0,0.0,0.0,0.0,1.0
EVT01485,-0.5346290764341026,1.1317531965030918,1.4550418273701822,-1.1601721231645696,-0.0016724278835167973,-0.985243992977916,-0.3809070647340034,0.0,1.0,1.0,0.0,0.0,1.0,0.0,0.0,0.0,0.0,0.0,0.0,0.0,0.0,0.0,1.0,0.0,0.0,0.0,1.0,0.0,0.0
EVT01486,-0.5346290764341026,-1.3401429379131093,-1.3723154478363608,-1.1601721231645696,-1.5068575230486998,-0.985243992977916,0.1237912911888569,0.0,1.0,1.0,1.0,0.0,0.0,0.0,0.0,0.0,0.0,1.0,0.0,0.0,0.0,0.0,0.0,0.0,0.0,0.0,1.0,0.0,0.0
EVT01487,-0.5346290764341026,0.2265517951675815,0.5125894023013345,-1.1601721231645696,-0.7542649754661083,-0.985243992977916,0.20790768384266695,0.0,1.0,1.0,0.0,0.0,1.0,0.0,0.0,0.0,0.0,0.0,0.0,0.0,0.0,0.0,0.0,1.0,0.0,0.0,0.0,0.0,1.0
EVT01488,-0.5346290764341026,-1.0964348683227798,1.4550418273701822,-1.1601721231645696,-0.7542649754661083,-0.985243992977916,1.3855371809960075,0.0,1.0,1.0,0.0,0.0,0.0,0.0,1.0,0.0,0.0,0.0,0.0,0.0,0.0,0.0,0.0,1.0,0.0,1.0,0.0,0.0,0.0
EVT01489,-0.5346290764341026,-1.0964348683227798,0.5125894023013345,-1.0176448353065144,1.503512667281666,0.10947155477532397,0.6284896471117172,1.0,1.0,1.0,0.0,1.0,0.0,0.0,0.0,0.0,0.0,0.0,0.0,1.0,0.0,0.0,0.0,0.0,0.0,0.0,0.0,0.0,1.0
EVT01490,-0.5346290764341026,0.8184142498869538,0.5125894023013345,-1.0176448353065144,-0.0016724278835167973,0.10947155477532397,1.3855371809960075,0.0,1.0,1.0,0.0,0.0,0.0,1.0,0.0,0.0,1.0,0.0,0.0,0.0,0.0,0.0,0.0,0.0,0.0,0.0,0.0,0.0,1.0
EVT01491,-0.5346290764341026,0.679152495835337,-1.3723154478363608,-1.0176448353065144,-0.7542649754661083,-0.985243992977916,-0.0444414941187632,0.0,1.0,0.0,0.0,1.0,0.0,0.0,0.0,0.0,0.0,1.0,0.0,0.0,0.0,0.0,0.0,0.0,0.0,0.0,0.0,0.0,1.0
EVT01492,-0.5346290764341026,0.713967934348241,0.5125894023013345,-1.0176448353065144,-0.0016724278835167973,-0.985243992977916,0.03967489853504685,0.0,1.0,0.0,1.0,0.0,0.0,0.0,0.0,0.0,0.0,0.0,0.0,0.0,0.0,0.0,0.0,1.0,0.0,1.0,0.0,0.0,0.0
EVT01493,0.18006259648189046,-0.6090187291421202,-1.3723154478363608,-1.0176448353065144,-0.0016724278835167973,0.10947155477532397,-0.3809070647340034,0.0,1.0,0.0,0.0,0.0,0.0,0.0,1.0,0.0,0.0,0.0,1.0,0.0,0.0,0.0,0.0,0.0,0.0,1.0,0.0,0.0,0.0
EVT01494,-0.5346290764341026,-0.9571731142711627,-1.3723154478363608,-1.0176448353065144,0.7509201196990747,0.10947155477532397,0.7126060397655272,0.0,1.0,0.0,0.0,0.0,0.0,1.0,0.0,0.0,0.0,0.0,0.0,0.0,1.0,0.0,0.0,0.0,0.0,0.0,1.0,0.0,0.0
EVT01495,-0.5346290764341026,-0.6786496061679288,1.4550418273701822,-1.0176448353065144,0.7509201196990747,0.10947155477532397,-0.29679067208019333,1.0,1.0,1.0,0.0,0.0,0.0,1.0,0.0,0.0,0.0,0.0,0.0,1.0,0.0,0.0,0.0,0.0,0.0,0.0,0.0,1.0,0.0
EVT01496,-0.5346290764341026,1.1317531965030918,-1.3723154478363608,-1.0176448353065144,-0.0016724278835167973,0.10947155477532397,1.4696535736498175,0.0,1.0,0.0,1.0,0.0,0.0,0.0,0.0,0.0,0.0,1.0,0.0,0.0,0.0,0.0,0.0,0.0,0.0,0.0,1.0,0.0,0.0
EVT01497,-0.5346290764341026,-1.270512060887301,0.5125894023013345,-1.0176448353065144,-0.7542649754661083,-0.985243992977916,0.1237912911888569,1.0,1.0,1.0,0.0,0.0,0.0,1.0,0.0,0.0,0.0,0.0,0.0,1.0,0.0,0.0,0.0,0.0,0.0,0.0,0.0,1.0,0.0
EVT01498,-0.5346290764341026,1.0621223194772835,0.5125894023013345,-1.0176448353065144,0.7509201196990747,-0.985243992977916,0.03967489853504685,0.0,1.0,1.0,1.0,0.0,0.0,0.0,0.0,0.0,0.0,0.0,0.0,0.0,0.0,0.0,0.0,1.0,0.0,0.0,0.0,1.0,0.0
EVT01499,-0.35595615820510434,1.6539847741966553,-0.4298630227675131,-1.0176448353065144,-0.0016724278835167973,0.10947155477532397,0.20790768384266695,0.0,1.0,1.0,1.0,0.0,0.0,0.0,0.0,0.0,0.0,0.0,1.0,0.0,0.0,0.0,0.0,0.0,0.0,0.0,0.0,1.0,0.0
EVT01500,-0.5346290764341026,-0.8179113602195457,0.5125894023013345,-1.0176448353065144,0.7509201196990747,0.10947155477532397,1.5537699663036277,0.0,1.0,1.0,0.0,1.0,0.0,0.0,0.0,0.0,0.0,0.0,0.0,0.0,0.0,0.0,0.0,1.0,0.0,0.0,0.0,1.0,0.0
EVT01501,1.0734271876268817,-0.7482804831937373,-0.4298630227675131,-0.8751175474484592,0.7509201196990747,1.204187102528564,1.6378863589574377,0.0,1.0,1.0,0.0,1.0,0.0,0.0,0.0,0.0,0.0,0.0,1.0,0.0,0.0,0.0,0.0,0.0,0.0,0.0,1.0,0.0,0.0
EVT01502,1.0734271876268817,0.6443370573224325,0.5125894023013345,-0.8751175474484592,-0.7542649754661083,0.10947155477532397,0.7126060397655272,0.0,1.0,0.0,0.0,0.0,0.0,0.0,1.0,1.0,0.0,0.0,0.0,0.0,0.0,0.0,0.0,0.0,0.0,0.0,1.0,0.0,0.0
EVT01503,-0.5346290764341026,1.2710149505547088,0.5125894023013345,-0.8751175474484592,0.7509201196990747,-0.985243992977916,0.1237912911888569,1.0,1.0,1.0,0.0,0.0,1.0,0.0,0.0,0.0,0.0,0.0,0.0,1.0,0.0,0.0,0.0,0.0,0.0,1.0,0.0,0.0,0.0
EVT01504,-0.5346290764341026,-1.270512060887301,1.4550418273701822,-0.8751175474484592,0.7509201196990747,-0.985243992977916,0.20790768384266695,0.0,1.0,1.0,0.0,0.0,0.0,1.0,0.0,0.0,0.0,0.0,0.0,0.0,0.0,0.0,1.0,0.0,0.0,0.0,0.0,0.0,1.0
EVT01505,2.8601563699168646,1.3406458275805178,-0.4298630227675131,-0.8751175474484592,-0.0016724278835167973,1.204187102528564,0.292024076496477,0.0,1.0,1.0,0.0,0.0,0.0,0.0,1.0,0.0,0.0,0.0,1.0,0.0,0.0,0.0,0.0,0.0,0.0,0.0,0.0,0.0,1.0
EVT01506,-0.5346290764341026,-0.5393878521163118,1.4550418273701822,-0.8751175474484592,0.7509201196990747,1.204187102528564,0.37614046915028704,0.0,1.0,0.0,1.0,0.0,0.0,0.0,0.0,0.0,0.0,0.0,0.0,0.0,0.0,0.0,1.0,0.0,0.0,0.0,0.0,0.0,1.0
EVT01507,-0.5346290764341026,0.47025986475791126,0.5125894023013345,-0.8751175474484592,-1.5068575230486998,-0.985243992977916,-0.4650234573878134,0.0,1.0,1.0,0.0,1.0,0.0,0.0,0.0,0.0,0.0,0.0,0.0,0.0,0.0,0.0,1.0,0.0,0.0,0.0,1.0,0.0,0.0
EVT01508,-0.5346290764341026,-1.583851007503439,1.4550418273701822,-0.8751175474484592,1.503512667281666,1.204187102528564,0.4602568618040971,0.0,1.0,1.0,1.0,0.0,0.0,0.0,0.0,0.0,0.0,0.0,0.0,0.0,0.0,0.0,0.0,1.0,0.0,1.0,0.0,0.0,0.0
EVT01509,-0.5346290764341026,1.0273068809643795,1.4550418273701822,-0.8751175474484592,0.7509201196990747,-0.985243992977916,0.20790768384266695,1.0,1.0,0.0,0.0,1.0,0.0,0.0,0.0,0.0,0.0,0.0,0.0,1.0,0.0,0.0,0.0,0.0,0.0,0.0,0.0,1.0,0.0
EVT01510,-0.5346290764341026,1.410276704606326,0.5125894023013345,-0.8751175474484592,-0.0016724278835167973,0.10947155477532397,1.3014207883421975,0.0,1.0,0.0,1.0,0.0,0.0,0.0,0.0,0.0,0.0,0.0,0.0,0.0,0.0,0.0,0.0,1.0,0.0,0.0,0.0,1.0,0.0
EVT01511,-0.5346290764341026,-1.5142201304776308,0.5125894023013345,-0.8751175474484592,-0.7542649754661083,-0.985243992977916,-0.3809070647340034,0.0,1.0,1.0,1.0,0.0,0.0,0.0,0.0,0.0,0.0,0.0,0.0,0.0,0.0,0.0,1.0,0.0,0.0,0.0,0.0,0.0,1.0
EVT01512,-0.5346290764341026,0.8880451269127623,-1.3723154478363608,-0.8751175474484592,-0.0016724278835167973,-0.985243992977916,-0.29679067208019333,0.0,1.0,1.0,0.0,1.0,0.0,0.0,0.0,0.0,0.0,0.0,0.0,0.0,0.0,0.0,0.0,0.0,1.0,1.0,0.0,0.0,0.0
EVT01513,-0.5346290764341026,-1.6186664460163434,-1.3723154478363608,-0.7325902595904039,0.7509201196990747,0.10947155477532397,0.4602568618040971,0.0,1.0,1.0,0.0,0.0,1.0,0.0,0.0,0.0,0.0,0.0,0.0,0.0,1.0,0.0,0.0,0.0,0.0,0.0,0.0,1.0,0.0
EVT01514,-0.5346290764341026,1.2361995120418048,-0.4298630227675131,-0.7325902595904039,-1.5068575230486998,-0.985243992977916,-0.29679067208019333,0.0,1.0,0.0,0.0,0.0,0.0,1.0,0.0,0.0,0.0,1.0,0.0,0.0,0.0,0.0,0.0,0.0,0.0,0.0,0.0,0.0,1.0
EVT01515,1.7881188605428748,1.6539847741966553,0.5125894023013345,-0.7325902595904039,-0.7542649754661083,0.10947155477532397,-0.21267427942638328,0.0,1.0,0.0,0.0,1.0,0.0,0.0,0.0,0.0,1.0,0.0,0.0,0.0,0.0,0.0,0.0,0.0,0.0,1.0,0.0,0.0,0.0
EVT01516,-0.5346290764341026,-0.6438341676550244,-1.3723154478363608,-0.7325902595904039,-0.7542649754661083,-0.985243992977916,1.3855371809960075,0.0,1.0,1.0,0.0,0.0,1.0,0.0,0.0,0.0,0.0,0.0,0.0,0.0,1.0,0.0,0.0,0.0,0.0,0.0,0.0,0.0,1.0
EVT01517,-0.35595615820510434,1.514723020145039,-1.3723154478363608,-0.7325902595904039,-0.0016724278835167973,0.10947155477532397,1.4696535736498175,0.0,1.0,1.0,0.0,1.0,0.0,0.0,0.0,0.0,0.0,0.0,1.0,0.0,0.0,0.0,0.0,0.0,0.0,0.0,0.0,1.0,0.0
EVT01518,-0.5346290764341026,0.574706180296624,-0.4298630227675131,-0.7325902595904039,0.7509201196990747,0.10947155477532397,1.4696535736498175,0.0,1.0,1.0,0.0,0.0,0.0,1.0,0.0,0.0,0.0,1.0,0.0,0.0,0.0,0.0,0.0,0.0,0.0,1.0,0.0,0.0,0.0
EVT01519,-0.5346290764341026,-1.1312503068356838,0.5125894023013345,-0.7325902595904039,-0.7542649754661083,-0.985243992977916,-0.21267427942638328,0.0,1.0,1.0,0.0,1.0,0.0,0.0,0.0,0.0,0.0,0.0,0.0,0.0,0.0,0.0,0.0,1.0,0.0,0.0,0.0,1.0,0.0
EVT01520,-0.5346290764341026,1.0969377579901876,-0.4298630227675131,-0.7325902595904039,-0.0016724278835167973,-0.985243992977916,-0.29679067208019333,0.0,1.0,1.0,0.0,0.0,0.0,0.0,1.0,0.0,0.0,0.0,0.0,0.0,0.0,0.0,0.0,0.0,1.0,0.0,1.0,0.0,0.0
EVT01521,-0.5346290764341026,0.5398907417837199,1.4550418273701822,-0.7325902595904039,-0.0016724278835167973,-0.985243992977916,-0.12855788677257324,0.0,1.0,1.0,0.0,0.0,0.0,0.0,1.0,0.0,0.0,0.0,0.0,0.0,0.0,0.0,0.0,1.0,0.0,1.0,0.0,0.0,0.0
EVT01522,-0.5346290764341026,-1.688297323042152,0.5125894023013345,-0.7325902595904039,0.7509201196990747,-0.985243992977916,-0.29679067208019333,0.0,1.0,0.0,0.0,1.0,0.0,0.0,0.0,0.0,0.0,0.0,0.0,0.0,0.0,0.0,0.0,1.0,0.0,0.0,0.0,0.0,1.0
EVT01523,-0.5346290764341026,1.3754612660934218,-0.4298630227675131,-0.7325902595904039,-0.7542649754661083,-0.985243992977916,0.5443732544579071,0.0,1.0,1.0,1.0,0.0,0.0,0.0,0.0,0.0,0.0,1.0,0.0,0.0,0.0,0.0,0.0,0.0,0.0,0.0,1.0,0.0,0.0
EVT01524,-0.5346290764341026,0.12210547962886883,0.5125894023013345,-0.7325902595904039,-1.5068575230486998,-0.985243992977916,0.5443732544579071,0.0,1.0,0.0,0.0,0.0,0.0,0.0,1.0,0.0,0.0,0.0,0.0,0.0,0.0,0.0,0.0,1.0,0.0,0.0,1.0,0.0,0.0
EVT01525,-0.1772832399761061,1.410276704606326,-1.3723154478363608,-0.5900629717323487,-0.0016724278835167973,0.10947155477532397,-0.21267427942638328,0.0,1.0,0.0,0.0,0.0,1.0,0.0,0.0,0.0,0.0,0.0,1.0,0.0,0.0,0.0,0.0,0.0,0.0,0.0,1.0,0.0,0.0
EVT01526,2.3241376152298696,1.7584310897353683,0.5125894023013345,-0.5900629717323487,0.7509201196990747,1.204187102528564,1.3855371809960075,0.0,1.0,1.0,0.0,0.0,1.0,0.0,0.0,0.0,1.0,0.0,0.0,0.0,0.0,0.0,0.0,0.0,0.0,1.0,0.0,0.0,0.0
EVT01527,-0.5346290764341026,-1.3401429379131093,1.4550418273701822,-0.5900629717323487,1.503512667281666,1.204187102528564,1.3855371809960075,0.0,1.0,1.0,1.0,0.0,0.0,0.0,0.0,0.0,0.0,0.0,0.0,0.0,0.0,0.0,1.0,0.0,0.0,0.0,0.0,0.0,1.0
EVT01528,2.502810533458868,-1.444589253451822,1.4550418273701822,-0.5900629717323487,0.7509201196990747,1.204187102528564,-0.21267427942638328,0.0,1.0,1.0,0.0,0.0,0.0,1.0,0.0,1.0,0.0,0.0,0.0,0.0,0.0,0.0,0.0,0.0,0.0,0.0,1.0,0.0,0.0
EVT01529,2.3241376152298696,-0.9571731142711627,0.5125894023013345,-0.5900629717323487,1.503512667281666,2.298902650281804,1.3855371809960075,0.0,1.0,1.0,0.0,0.0,0.0,0.0,1.0,0.0,1.0,0.0,0.0,0.0,0.0,0.0,0.0,0.0,0.0,0.0,0.0,1.0,0.0
EVT01530,-0.5346290764341026,-0.991988552784067,-1.3723154478363608,-0.5900629717323487,-0.0016724278835167973,-0.985243992977916,-0.29679067208019333,0.0,1.0,1.0,1.0,0.0,0.0,0.0,0.0,0.0,0.0,0.0,0.0,0.0,0.0,0.0,0.0,0.0,1.0,1.0,0.0,0.0,0.0
EVT01531,-0.5346290764341026,-1.444589253451822,0.5125894023013345,-0.5900629717323487,1.503512667281666,1.204187102528564,-0.12855788677257324,0.0,1.0,0.0,0.0,1.0,0.0,0.0,0.0,0.0,0.0,0.0,0.0,0.0,0.0,0.0,1.0,0.0,0.0,0.0,0.0,0.0,1.0
EVT01532,-0.5346290764341026,-1.444589253451822,-1.3723154478363608,-0.5900629717323487,2.2561052148642577,1.204187102528564,-0.12855788677257324,0.0,1.0,1.0,0.0,1.0,0.0,0.0,0.0,0.0,0.0,0.0,0.0,0.0,1.0,0.0,0.0,0.0,0.0,0.0,0.0,1.0,0.0
EVT01533,-0.5346290764341026,0.3309981107062945,-0.4298630227675131,-0.5900629717323487,0.7509201196990747,1.204187102528564,1.4696535736498175,0.0,1.0,1.0,0.0,0.0,0.0,1.0,0.0,0.0,0.0,0.0,0.0,0.0,0.0,0.0,0.0,0.0,1.0,1.0,0.0,0.0,0.0
EVT01534,-0.5346290764341026,-0.8527267987324499,1.4550418273701822,-0.5900629717323487,-0.7542649754661083,-0.985243992977916,-0.21267427942638328,1.0,1.0,1.0,0.0,1.0,0.0,0.0,0.0,0.0,0.0,0.0,0.0,1.0,0.0,0.0,0.0,0.0,0.0,0.0,0.0,1.0,0.0
EVT01535,-0.5346290764341026,-1.5142201304776308,-1.3723154478363608,-0.5900629717323487,1.503512667281666,1.204187102528564,-0.0444414941187632,0.0,1.0,1.0,1.0,0.0,0.0,0.0,0.0,0.0,0.0,0.0,0.0,0.0,1.0,0.0,0.0,0.0,0.0,0.0,0.0,1.0,0.0
EVT01536,-0.5346290764341026,-0.8527267987324499,-1.3723154478363608,-0.5900629717323487,1.503512667281666,1.204187102528564,1.5537699663036277,0.0,1.0,1.0,0.0,0.0,1.0,0.0,0.0,0.0,0.0,0.0,0.0,0.0,0.0,0.0,0.0,0.0,1.0,1.0,0.0,0.0,0.0
EVT01537,-0.5346290764341026,0.12210547962886883,0.5125894023013345,-0.4475356838742935,-1.5068575230486998,-0.985243992977916,0.292024076496477,1.0,0.0,1.0,0.0,0.0,1.0,0.0,0.0,0.0,0.0,0.0,0.0,1.0,0.0,0.0,0.0,0.0,0.0,0.0,0.0,1.0,0.0
EVT01538,-0.5346290764341026,1.6539847741966553,1.4550418273701822,-0.4475356838742935,-0.7542649754661083,-0.985243992977916,0.37614046915028704,0.0,0.0,1.0,0.0,0.0,1.0,0.0,0.0,0.0,0.0,0.0,0.0,0.0,0.0,0.0,1.0,0.0,0.0,0.0,0.0,0.0,1.0
EVT01539,-0.5346290764341026,1.2710149505547088,-0.4298630227675131,-0.4475356838742935,1.503512667281666,0.10947155477532397,1.6378863589574377,0.0,0.0,0.0,0.0,0.0,0.0,0.0,1.0,0.0,0.0,0.0,0.0,0.0,1.0,0.0,0.0,0.0,0.0,0.0,1.0,0.0,0.0
EVT01540,-0.5346290764341026,1.410276704606326,0.5125894023013345,-0.4475356838742935,-1.5068575230486998,-0.985243992977916,0.5443732544579071,0.0,0.0,1.0,0.0,0.0,0.0,1.0,0.0,0.0,0.0,0.0,0.0,0.0,0.0,0.0,0.0,1.0,0.0,0.0,0.0,1.0,0.0
EVT01541,-0.5346290764341026,-1.5490355689905349,-0.4298630227675131,-0.4475356838742935,-0.0016724278835167973,-0.985243992977916,-0.3809070647340034,0.0,0.0,1.0,1.0,0.0,0.0,0.0,0.0,0.0,0.0,1.0,0.0,0.0,0.0,0.0,0.0,0.0,0.0,0.0,1.0,0.0,0.0
EVT01542,-0.5346290764341026,1.7236156512224643,-1.3723154478363608,-0.4475356838742935,0.7509201196990747,-0.985243992977916,-0.29679067208019333,0.0,0.0,0.0,0.0,0.0,0.0,1.0,0.0,0.0,0.0,0.0,0.0,0.0,1.0,0.0,0.0,0.0,0.0,0.0,0.0,0.0,1.0
EVT01543,-0.5346290764341026,0.29618267219339006,1.4550418273701822,-0.4475356838742935,-1.5068575230486998,-0.985243992977916,-0.5491398500416235,1.0,0.0,1.0,0.0,0.0,0.0,0.0,1.0,0.0,0.0,0.0,0.0,1.0,0.0,0.0,0.0,0.0,0.0,0.0,0.0,0.0,1.0
EVT01544,-0.5346290764341026,-1.270512060887301,-0.4298630227675131,-0.4475356838742935,-0.0016724278835167973,-0.985243992977916,0.4602568618040971,0.0,0.0,1.0,0.0,0.0,0.0,0.0,1.0,0.0,0.0,0.0,0.0,0.0,0.0,1.0,0.0,0.0,0.0,0.0,0.0,0.0,1.0
EVT01545,-0.5346290764341026,1.5843538971708473,1.4550418273701822,-0.4475356838742935,-0.7542649754661083,-0.985243992977916,0.5443732544579071,0.0,0.0,1.0,0.0,0.0,0.0,0.0,1.0,0.0,0.0,0.0,0.0,0.0,0.0,0.0,0.0,1.0,0.0,0.0,0.0,0.0,1.0
EVT01546,1.9667917787718732,-0.40012609806469485,-1.3723154478363608,-0.4475356838742935,-0.0016724278835167973,0.10947155477532397,1.7220027516112477,0.0,0.0,0.0,0.0,0.0,1.0,0.0,0.0,0.0,0.0,0.0,1.0,0.0,0.0,0.0,0.0,0.0,0.0,0.0,0.0,0.0,1.0
EVT01547,-0.5346290764341026,-0.46975697509050324,0.5125894023013345,-0.4475356838742935,-0.0016724278835167973,-0.985243992977916,-0.29679067208019333,0.0,0.0,1.0,0.0,1.0,0.0,0.0,0.0,0.0,0.0,0.0,0.0,0.0,0.0,0.0,1.0,0.0,0.0,0.0,0.0,0.0,1.0
EVT01548,2.502810533458868,1.1665686350159965,0.5125894023013345,-0.4475356838742935,-0.7542649754661083,0.10947155477532397,-0.4650234573878134,0.0,0.0,0.0,0.0,1.0,0.0,0.0,0.0,1.0,0.0,0.0,0.0,0.0,0.0,0.0,0.0,0.0,0.0,0.0,0.0,0.0,1.0
EVT01549,-0.5346290764341026,-1.444589253451822,-1.3723154478363608,-0.30500839601623825,-0.0016724278835167973,0.10947155477532397,-0.3809070647340034,0.0,0.0,0.0,0.0,0.0,0.0,1.0,0.0,0.0,0.0,0.0,0.0,0.0,0.0,1.0,0.0,0.0,0.0,0.0,1.0,0.0,0.0
EVT01550,-0.5346290764341026,0.5050753032708157,1.4550418273701822,-0.30500839601623825,-1.5068575230486998,-0.985243992977916,-0.0444414941187632,0.0,0.0,1.0,0.0,1.0,0.0,0.0,0.0,0.0,0.0,0.0,0.0,0.0,0.0,0.0,0.0,1.0,0.0,0.0,1.0,0.0,0.0
EVT01551,-0.1772832399761061,1.410276704606326,-0.4298630227675131,-0.30500839601623825,-0.7542649754661083,0.10947155477532397,0.03967489853504685,0.0,0.0,0.0,1.0,0.0,0.0,0.0,0.0,0.0,0.0,0.0,1.0,0.0,0.0,0.0,0.0,0.0,0.0,0.0,0.0,1.0,0.0
EVT01552,-0.5346290764341026,0.2265517951675815,-1.3723154478363608,-0.30500839601623825,-0.7542649754661083,-0.985243992977916,0.4602568618040971,0.0,0.0,1.0,1.0,0.0,0.0,0.0,0.0,0.0,0.0,1.0,0.0,0.0,0.0,0.0,0.0,0.0,0.0,0.0,1.0,0.0,0.0
EVT01553,-0.5346290764341026,-0.05197171293565239,-0.4298630227675131,-0.30500839601623825,0.7509201196990747,-0.985243992977916,-0.29679067208019333,0.0,0.0,1.0,0.0,0.0,0.0,0.0,1.0,0.0,0.0,0.0,0.0,0.0,0.0,0.0,0.0,0.0,1.0,0.0,0.0,0.0,1.0
EVT01554,-0.5346290764341026,0.9576760039385709,-1.3723154478363608,-0.30500839601623825,-0.7542649754661083,-0.985243992977916,0.4602568618040971,0.0,0.0,1.0,0.0,0.0,0.0,1.0,0.0,0.0,0.0,0.0,0.0,0.0,0.0,1.0,0.0,0.0,0.0,0.0,0.0,0.0,1.0
EVT01555,-0.5346290764341026,-0.574203290629216,-0.4298630227675131,-0.30500839601623825,-0.0016724278835167973,-0.985243992977916,0.5443732544579071,0.0,0.0,1.0,0.0,0.0,1.0,0.0,0.0,0.0,0.0,0.0,0.0,0.0,0.0,0.0,0.0,0.0,1.0,0.0,0.0,0.0,1.0
EVT01556,-0.5346290764341026,1.7236156512224643,-1.3723154478363608,-0.30500839601623825,-0.0016724278835167973,-0.985243992977916,0.5443732544579071,0.0,0.0,1.0,0.0,0.0,1.0,0.0,0.0,0.0,0.0,1.0,0.0,0.0,0.0,0.0,0.0,0.0,0.0,0.0,0.0,1.0,0.0
EVT01557,-0.5346290764341026,0.574706180296624,-1.3723154478363608,-0.30500839601623825,-0.0016724278835167973,-0.985243992977916,0.6284896471117172,0.0,0.0,1.0,0.0,0.0,1.0,0.0,0.0,0.0,0.0,0.0,0.0,0.0,0.0,0.0,0.0,0.0,1.0,0.0,0.0,1.0,0.0
EVT01558,-0.1772832399761061,-1.305327499400205,-0.4298630227675131,-0.30500839601623825,-0.0016724278835167973,0.10947155477532397,-0.29679067208019333,0.0,0.0,1.0,1.0,0.0,0.0,0.0,0.0,0.0,0.0,0.0,1.0,0.0,0.0,0.0,0.0,0.0,0.0,0.0,1.0,0.0,0.0
EVT01559,-0.5346290764341026,-0.26086434401307773,-1.3723154478363608,-0.30500839601623825,-1.5068575230486998,-0.985243992977916,1.3855371809960075,0.0,0.0,1.0,0.0,0.0,0.0,1.0,0.0,0.0,0.0,0.0,0.0,0.0,0.0,0.0,0.0,0.0,1.0,0.0,0.0,0.0,1.0
EVT01560,-0.5346290764341026,-1.4097738149389178,0.5125894023013345,-0.30500839601623825,-0.0016724278835167973,0.10947155477532397,-0.5491398500416235,0.0,0.0,1.0,0.0,0.0,1.0,0.0,0.0,0.0,0.0,0.0,0.0,0.0,0.0,0.0,1.0,0.0,0.0,0.0,0.0,0.0,1.0
EVT01561,-0.5346290764341026,1.2710149505547088,0.5125894023013345,-0.16248110815818304,-0.0016724278835167973,-0.985243992977916,0.6284896471117172,0.0,0.0,0.0,0.0,0.0,0.0,0.0,1.0,0.0,0.0,0.0,0.0,0.0,0.0,0.0,0.0,1.0,0.0,0.0,0.0,0.0,1.0
EVT01562,-0.5346290764341026,1.2361995120418048,1.4550418273701822,-0.16248110815818304,-0.0016724278835167973,0.10947155477532397,-0.21267427942638328,0.0,0.0,1.0,0.0,1.0,0.0,0.0,0.0,0.0,0.0,0.0,0.0,0.0,0.0,0.0,1.0,0.0,0.0,0.0,0.0,1.0,0.0
EVT01563,-0.5346290764341026,0.15692091814177325,-0.4298630227675131,-0.16248110815818304,-0.7542649754661083,-0.985243992977916,1.3855371809960075,0.0,0.0,1.0,0.0,0.0,1.0,0.0,0.0,0.0,0.0,0.0,0.0,0.0,1.0,0.0,0.0,0.0,0.0,0.0,0.0,0.0,1.0
EVT01564,-0.5346290764341026,0.4354444262450072,-1.3723154478363608,-0.16248110815818304,-0.0016724278835167973,-0.985243992977916,1.3855371809960075,0.0,0.0,0.0,0.0,1.0,0.0,0.0,0.0,0.0,0.0,1.0,0.0,0.0,0.0,0.0,0.0,0.0,0.0,1.0,0.0,0.0,0.0
EVT01565,2.502810533458868,1.0621223194772835,0.5125894023013345,-0.16248110815818304,0.7509201196990747,0.10947155477532397,1.4696535736498175,0.0,0.0,1.0,0.0,0.0,0.0,0.0,1.0,1.0,0.0,0.0,0.0,0.0,0.0,0.0,0.0,0.0,0.0,1.0,0.0,0.0,0.0
EVT01566,-0.5346290764341026,-0.6438341676550244,0.5125894023013345,-0.16248110815818304,0.7509201196990747,-0.985243992977916,0.7126060397655272,0.0,0.0,0.0,0.0,0.0,0.0,0.0,1.0,0.0,0.0,0.0,0.0,0.0,0.0,0.0,1.0,0.0,0.0,0.0,0.0,0.0,1.0
EVT01567,-0.5346290764341026,-0.05197171293565239,-0.4298630227675131,-0.16248110815818304,0.7509201196990747,0.10947155477532397,0.7967224324193373,0.0,0.0,1.0,1.0,0.0,0.0,0.0,0.0,0.0,0.0,0.0,1.0,0.0,0.0,0.0,0.0,0.0,0.0,0.0,0.0,0.0,1.0
EVT01568,-0.5346290764341026,-0.7830959217066414,-1.3723154478363608,-0.16248110815818304,-0.7542649754661083,-0.985243992977916,-0.4650234573878134,0.0,0.0,1.0,0.0,0.0,0.0,0.0,1.0,0.0,0.0,1.0,0.0,0.0,0.0,0.0,0.0,0.0,0.0,0.0,0.0,1.0,0.0
EVT01569,-0.5346290764341026,1.0273068809643795,0.5125894023013345,-0.16248110815818304,-0.7542649754661083,-0.985243992977916,0.5443732544579071,0.0,0.0,1.0,0.0,1.0,0.0,0.0,0.0,0.0,0.0,0.0,0.0,0.0,0.0,0.0,0.0,1.0,0.0,1.0,0.0,0.0,0.0
EVT01570,-0.5346290764341026,1.2013840735289005,-1.3723154478363608,-0.16248110815818304,1.503512667281666,0.10947155477532397,1.2173043956883876,0.0,0.0,1.0,0.0,0.0,0.0,1.0,0.0,0.0,0.0,0.0,0.0,0.0,1.0,0.0,0.0,0.0,0.0,0.0,1.0,0.0,0.0
EVT01571,-0.5346290764341026,-0.9223576757582586,1.4550418273701822,-0.16248110815818304,2.2561052148642577,0.10947155477532397,1.2173043956883876,1.0,0.0,0.0,0.0,0.0,1.0,0.0,0.0,0.0,0.0,0.0,0.0,1.0,0.0,0.0,0.0,0.0,0.0,1.0,0.0,0.0,0.0
EVT01572,-0.5346290764341026,0.7487833728611452,-1.3723154478363608,-0.16248110815818304,-1.5068575230486998,-0.985243992977916,-0.12855788677257324,0.0,0.0,0.0,0.0,1.0,0.0,0.0,0.0,0.0,0.0,1.0,0.0,0.0,0.0,0.0,0.0,0.0,0.0,0.0,0.0,0.0,1.0
EVT01573,-0.5346290764341026,-0.40012609806469485,-0.4298630227675131,-0.019953820300127812,-0.7542649754661083,-0.985243992977916,-0.12855788677257324,0.0,0.0,1.0,1.0,0.0,0.0,0.0,0.0,0.0,0.0,1.0,0.0,0.0,0.0,0.0,0.0,0.0,0.0,1.0,0.0,0.0,0.0
EVT01574,1.25210010585588,1.6191693356837513,-0.4298630227675131,-0.019953820300127812,2.2561052148642577,1.204187102528564,1.3014207883421975,0.0,0.0,1.0,0.0,1.0,0.0,0.0,0.0,0.0,0.0,0.0,1.0,0.0,0.0,0.0,0.0,0.0,0.0,0.0,0.0,1.0,0.0
EVT01575,-0.5346290764341026,-0.05197171293565239,-0.4298630227675131,-0.019953820300127812,-0.7542649754661083,-0.985243992977916,-0.3809070647340034,0.0,0.0,1.0,0.0,0.0,0.0,1.0,0.0,0.0,0.0,1.0,0.0,0.0,0.0,0.0,0.0,0.0,0.0,1.0,0.0,0.0,0.0
EVT01576,-0.5346290764341026,0.9576760039385709,-1.3723154478363608,-0.019953820300127812,-0.0016724278835167973,-0.985243992977916,-0.29679067208019333,0.0,0.0,1.0,0.0,0.0,1.0,0.0,0.0,0.0,0.0,0.0,0.0,0.0,0.0,0.0,0.0,0.0,1.0,0.0,1.0,0.0,0.0
EVT01577,-0.5346290764341026,0.40062898773210276,0.5125894023013345,-0.019953820300127812,-0.0016724278835167973,0.10947155477532397,0.7126060397655272,0.0,0.0,1.0,1.0,0.0,0.0,0.0,0.0,0.0,0.0,0.0,0.0,0.0,0.0,0.0,0.0,1.0,0.0,0.0,0.0,0.0,1.0
EVT01578,1.9667917787718732,-0.22604890550017362,0.5125894023013345,-0.019953820300127812,0.7509201196990747,1.204187102528564,1.3014207883421975,0.0,0.0,1.0,0.0,0.0,0.0,1.0,0.0,1.0,0.0,0.0,0.0,0.0,0.0,0.0,0.0,0.0,0.0,0.0,0.0,1.0,0.0
EVT01579,1.4307730240848784,0.5398907417837199,0.5125894023013345,-0.019953820300127812,1.503512667281666,2.298902650281804,1.2173043956883876,0.0,0.0,0.0,0.0,0.0,0.0,1.0,0.0,0.0,1.0,0.0,0.0,0.0,0.0,0.0,0.0,0.0,0.0,0.0,0.0,0.0,1.0
EVT01580,2.3241376152298696,-0.6438341676550244,-1.3723154478363608,-0.019953820300127812,-0.7542649754661083,0.10947155477532397,0.37614046915028704,0.0,0.0,1.0,0.0,0.0,0.0,1.0,0.0,0.0,0.0,0.0,1.0,0.0,0.0,0.0,0.0,0.0,0.0,1.0,0.0,0.0,0.0
EVT01581,-0.5346290764341026,-0.12160258996146095,-1.3723154478363608,-0.019953820300127812,-1.5068575230486998,-0.985243992977916,-0.12855788677257324,0.0,0.0,1.0,0.0,1.0,0.0,0.0,0.0,0.0,0.0,0.0,0.0,0.0,0.0,0.0,0.0,0.0,1.0,0.0,0.0,1.0,0.0
EVT01582,0.3587355147108887,-0.8875422372453542,0.5125894023013345,-0.019953820300127812,-0.7542649754661083,1.204187102528564,0.4602568618040971,0.0,0.0,0.0,0.0,1.0,0.0,0.0,0.0,0.0,1.0,0.0,0.0,0.0,0.0,0.0,0.0,0.0,0.0,0.0,0.0,1.0,0.0
EVT01583,-0.5346290764341026,1.6539847741966553,-0.4298630227675131,-0.019953820300127812,1.503512667281666,2.298902650281804,1.3014207883421975,0.0,0.0,1.0,0.0,0.0,0.0,1.0,0.0,0.0,0.0,1.0,0.0,0.0,0.0,0.0,0.0,0.0,0.0,1.0,0.0,0.0,0.0
EVT01584,-0.5346290764341026,1.7236156512224643,-0.4298630227675131,-0.019953820300127812,-0.7542649754661083,-0.985243992977916,-0.0444414941187632,0.0,0.0,1.0,0.0,0.0,1.0,0.0,0.0,0.0,0.0,1.0,0.0,0.0,0.0,0.0,0.0,0.0,0.0,0.0,1.0,0.0,0.0
EVT01585,1.9667917787718732,1.6539847741966553,1.4550418273701822,0.12257346755792742,1.503512667281666,3.393618198035044,1.3855371809960075,0.0,0.0,1.0,0.0,0.0,0.0,0.0,1.0,1.0,0.0,0.0,0.0,0.0,0.0,0.0,0.0,0.0,0.0,1.0,0.0,0.0,0.0
EVT01586,-0.5346290764341026,-1.4097738149389178,0.5125894023013345,0.12257346755792742,-0.7542649754661083,-0.985243992977916,0.5443732544579071,0.0,0.0,1.0,0.0,0.0,0.0,1.0,0.0,0.0,0.0,0.0,0.0,0.0,0.0,0.0,1.0,0.0,0.0,0.0,1.0,0.0,0.0
EVT01587,0.8947542693978835,-1.688297323042152,-1.3723154478363608,0.12257346755792742,-0.0016724278835167973,0.10947155477532397,-0.4650234573878134,0.0,0.0,1.0,0.0,0.0,1.0,0.0,0.0,0.0,0.0,0.0,1.0,0.0,0.0,0.0,0.0,0.0,0.0,0.0,0.0,0.0,1.0
EVT01588,-0.5346290764341026,0.47025986475791126,-0.4298630227675131,0.12257346755792742,-1.5068575230486998,-0.985243992977916,-0.0444414941187632,0.0,0.0,1.0,0.0,0.0,0.0,1.0,0.0,0.0,0.0,0.0,0.0,0.0,1.0,0.0,0.0,0.0,0.0,0.0,0.0,0.0,1.0
EVT01589,2.3241376152298696,-1.6534818845292476,0.5125894023013345,0.12257346755792742,-0.0016724278835167973,2.298902650281804,0.37614046915028704,0.0,0.0,0.0,0.0,1.0,0.0,0.0,0.0,0.0,1.0,0.0,0.0,0.0,0.0,0.0,0.0,0.0,0.0,0.0,1.0,0.0,0.0
EVT01590,-0.5346290764341026,0.4354444262450072,1.4550418273701822,0.12257346755792742,-0.7542649754661083,-0.985243992977916,-0.0444414941187632,0.0,0.0,1.0,0.0,0.0,0.0,0.0,1.0,0.0,0.0,0.0,0.0,0.0,0.0,0.0,0.0,1.0,0.0,1.0,0.0,0.0,0.0
EVT01591,-0.5346290764341026,1.44509214311923,0.5125894023013345,0.12257346755792742,-0.7542649754661083,-0.985243992977916,0.5443732544579071,0.0,0.0,1.0,0.0,0.0,0.0,1.0,0.0,0.0,0.0,0.0,0.0,0.0,0.0,0.0,0.0,1.0,0.0,0.0,1.0,0.0,0.0
EVT01592,-0.5346290764341026,-0.434941536577599,-1.3723154478363608,0.12257346755792742,-0.7542649754661083,0.10947155477532397,-0.3809070647340034,0.0,0.0,1.0,0.0,1.0,0.0,0.0,0.0,0.0,0.0,0.0,0.0,0.0,0.0,1.0,0.0,0.0,0.0,0.0,0.0,0.0,1.0
EVT01593,0.8947542693978835,0.574706180296624,0.5125894023013345,0.12257346755792742,-0.0016724278835167973,1.204187102528564,-0.29679067208019333,0.0,0.0,1.0,1.0,0.0,0.0,0.0,0.0,0.0,1.0,0.0,0.0,0.0,0.0,0.0,0.0,0.0,0.0,0.0,0.0,0.0,1.0
EVT01594,-0.5346290764341026,0.713967934348241,-0.4298630227675131,0.12257346755792742,-0.0016724278835167973,-0.985243992977916,-0.0444414941187632,0.0,0.0,1.0,0.0,0.0,1.0,0.0,0.0,0.0,0.0,0.0,0.0,0.0,1.0,0.0,0.0,0.0,0.0,1.0,0.0,0.0,0.0
EVT01595,-0.5346290764341026,1.2013840735289005,-0.4298630227675131,0.12257346755792742,-0.7542649754661083,-0.985243992977916,-0.21267427942638328,0.0,0.0,1.0,0.0,0.0,0.0,1.0,0.0,0.0,0.0,0.0,0.0,0.0,0.0,0.0,0.0,0.0,1.0,0.0,0.0,1.0,0.0
EVT01596,-0.5346290764341026,0.15692091814177325,0.5125894023013345,0.12257346755792742,-0.0016724278835167973,-0.985243992977916,-0.12855788677257324,0.0,0.0,0.0,0.0,0.0,0.0,1.0,0.0,0.0,0.0,0.0,0.0,0.0,0.0,0.0,1.0,0.0,0.0,0.0,0.0,1.0,0.0
EVT01597,1.0734271876268817,-0.713465044680833,0.5125894023013345,0.26510075541598266,-0.7542649754661083,1.204187102528564,0.37614046915028704,0.0,0.0,1.0,1.0,0.0,0.0,0.0,0.0,0.0,1.0,0.0,0.0,0.0,0.0,0.0,0.0,0.0,0.0,0.0,0.0,0.0,1.0
EVT01598,1.25210010585588,0.3309981107062945,-0.4298630227675131,0.26510075541598266,0.7509201196990747,2.298902650281804,-0.21267427942638328,0.0,0.0,1.0,0.0,0.0,0.0,0.0,1.0,0.0,0.0,0.0,1.0,0.0,0.0,0.0,0.0,0.0,0.0,0.0,0.0,1.0,0.0
EVT01599,1.6094459423138765,-0.3304952210388863,0.5125894023013345,0.26510075541598266,1.503512667281666,3.393618198035044,-0.12855788677257324,0.0,0.0,1.0,0.0,0.0,0.0,1.0,0.0,0.0,1.0,0.0,0.0,0.0,0.0,0.0,0.0,0.0,0.0,0.0,1.0,0.0,0.0
EVT01600,3.038829288145863,0.679152495835337,-1.3723154478363608,0.26510075541598266,1.503512667281666,3.393618198035044,-0.0444414941187632,0.0,0.0,0.0,1.0,0.0,0.0,0.0,0.0,0.0,0.0,0.0,1.0,0.0,0.0,0.0,0.0,0.0,0.0,0.0,0.0,0.0,1.0
EVT01601,-0.5346290764341026,-0.7830959217066414,-1.3723154478363608,0.26510075541598266,2.2561052148642577,3.393618198035044,0.03967489853504685,0.0,0.0,1.0,0.0,0.0,0.0,0.0,1.0,0.0,0.0,0.0,0.0,0.0,0.0,1.0,0.0,0.0,0.0,0.0,1.0,0.0,0.0
EVT01602,2.8601563699168646,0.574706180296624,1.4550418273701822,0.26510075541598266,-1.5068575230486998,0.10947155477532397,0.9649552177269574,0.0,0.0,1.0,0.0,0.0,1.0,0.0,0.0,1.0,0.0,0.0,0.0,0.0,0.0,0.0,0.0,0.0,0.0,0.0,0.0,0.0,1.0
EVT01603,-0.5346290764341026,1.44509214311923,-0.4298630227675131,0.26510075541598266,-0.7542649754661083,-0.985243992977916,0.6284896471117172,0.0,0.0,1.0,0.0,1.0,0.0,0.0,0.0,0.0,0.0,0.0,0.0,0.0,0.0,0.0,0.0,0.0,1.0,1.0,0.0,0.0,0.0
EVT01604,2.1454646970008713,-1.2008811838614923,0.5125894023013345,0.26510075541598266,-0.0016724278835167973,0.10947155477532397,-0.12855788677257324,0.0,0.0,0.0,0.0,0.0,0.0,0.0,1.0,1.0,0.0,0.0,0.0,0.0,0.0,0.0,0.0,0.0,0.0,1.0,0.0,0.0,0.0
EVT01605,-0.5346290764341026,-1.5490355689905349,0.5125894023013345,0.26510075541598266,-0.7542649754661083,-0.985243992977916,-0.0444414941187632,0.0,0.0,1.0,0.0,0.0,0.0,1.0,0.0,0.0,0.0,0.0,0.0,0.0,0.0,0.0,0.0,1.0,0.0,0.0,0.0,1.0,0.0
EVT01606,-0.35595615820510434,-0.29567978252598215,1.4550418273701822,0.26510075541598266,-0.7542649754661083,0.10947155477532397,0.7126060397655272,0.0,0.0,0.0,0.0,0.0,0.0,0.0,1.0,1.0,0.0,0.0,0.0,0.0,0.0,0.0,0.0,0.0,0.0,0.0,0.0,1.0,0.0
EVT01607,2.502810533458868,-0.3653106595517906,0.5125894023013345,0.26510075541598266,-0.0016724278835167973,1.204187102528564,0.7967224324193373,0.0,0.0,1.0,1.0,0.0,0.0,0.0,0.0,1.0,0.0,0.0,0.0,0.0,0.0,0.0,0.0,0.0,0.0,1.0,0.0,0.0,0.0
EVT01608,-0.5346290764341026,1.6191693356837513,-1.3723154478363608,0.26510075541598266,-0.7542649754661083,0.10947155477532397,0.9649552177269574,0.0,0.0,0.0,0.0,1.0,0.0,0.0,0.0,0.0,0.0,0.0,0.0,0.0,0.0,0.0,0.0,0.0,1.0,1.0,0.0,0.0,0.0
EVT01609,-0.5346290764341026,-0.15641802847436506,0.5125894023013345,0.4076280432740379,0.7509201196990747,1.204187102528564,0.8808388250731473,0.0,0.0,0.0,0.0,0.0,0.0,1.0,0.0,0.0,0.0,0.0,0.0,0.0,0.0,0.0,1.0,0.0,0.0,0.0,1.0,0.0,0.0
EVT01610,-0.5346290764341026,0.8184142498869538,1.4550418273701822,0.4076280432740379,-0.7542649754661083,-0.985243992977916,-0.12855788677257324,0.0,0.0,0.0,0.0,0.0,0.0,1.0,0.0,0.0,0.0,0.0,0.0,0.0,0.0,0.0,1.0,0.0,0.0,0.0,0.0,0.0,1.0
EVT01611,-0.5346290764341026,1.1665686350159965,1.4550418273701822,0.4076280432740379,-0.7542649754661083,0.10947155477532397,-0.12855788677257324,0.0,0.0,1.0,1.0,0.0,0.0,0.0,0.0,0.0,0.0,0.0,0.0,0.0,0.0,0.0,1.0,0.0,0.0,0.0,1.0,0.0,0.0
EVT01612,0.001389678252892188,-0.19123346698726917,0.5125894023013345,0.4076280432740379,-0.0016724278835167973,0.10947155477532397,-0.12855788677257324,0.0,0.0,1.0,1.0,0.0,0.0,0.0,0.0,1.0,0.0,0.0,0.0,0.0,0.0,0.0,0.0,0.0,0.0,0.0,1.0,0.0,0.0
EVT01613,-0.5346290764341026,-0.8875422372453542,-1.3723154478363608,0.4076280432740379,-0.0016724278835167973,0.10947155477532397,1.0490716103807673,0.0,0.0,1.0,0.0,1.0,0.0,0.0,0.0,0.0,0.0,0.0,0.0,0.0,1.0,0.0,0.0,0.0,0.0,0.0,0.0,0.0,1.0
EVT01614,-0.5346290764341026,1.1317531965030918,-1.3723154478363608,0.4076280432740379,-0.0016724278835167973,0.10947155477532397,-0.12855788677257324,0.0,0.0,1.0,1.0,0.0,0.0,0.0,0.0,0.0,0.0,0.0,0.0,0.0,0.0,0.0,0.0,0.0,1.0,0.0,0.0,1.0,0.0
EVT01615,-0.5346290764341026,0.2265517951675815,0.5125894023013345,0.4076280432740379,-1.5068575230486998,-0.985243992977916,0.1237912911888569,0.0,0.0,0.0,0.0,0.0,0.0,1.0,0.0,0.0,0.0,0.0,0.0,0.0,0.0,0.0,0.0,1.0,0.0,0.0,0.0,1.0,0.0
EVT01616,-0.5346290764341026,-0.713465044680833,-1.3723154478363608,0.4076280432740379,-1.5068575230486998,-0.985243992977916,-0.12855788677257324,0.0,0.0,1.0,0.0,0.0,0.0,0.0,1.0,0.0,0.0,0.0,0.0,0.0,1.0,0.0,0.0,0.0,0.0,1.0,0.0,0.0,0.0
EVT01617,2.502810533458868,-0.5045724136034075,0.5125894023013345,0.4076280432740379,-0.7542649754661083,0.10947155477532397,-0.0444414941187632,0.0,0.0,0.0,0.0,0.0,0.0,0.0,1.0,0.0,1.0,0.0,0.0,0.0,0.0,0.0,0.0,0.0,0.0,0.0,0.0,0.0,1.0
EVT01618,-0.5346290764341026,-1.4097738149389178,0.5125894023013345,0.4076280432740379,-0.7542649754661083,-0.985243992977916,0.1237912911888569,1.0,0.0,1.0,0.0,0.0,0.0,1.0,0.0,0.0,0.0,0.0,0.0,1.0,0.0,0.0,0.0,0.0,0.0,0.0,0.0,0.0,1.0
EVT01619,1.0734271876268817,-1.1312503068356838,0.5125894023013345,0.4076280432740379,-0.0016724278835167973,0.10947155477532397,0.20790768384266695,0.0,0.0,1.0,0.0,0.0,0.0,0.0,1.0,1.0,0.0,0.0,0.0,0.0,0.0,0.0,0.0,0.0,0.0,0.0,0.0,0.0,1.0
EVT01620,-0.1772832399761061,-0.05197171293565239,1.4550418273701822,0.4076280432740379,-0.0016724278835167973,1.204187102528564,-0.0444414941187632,0.0,0.0,1.0,0.0,0.0,0.0,1.0,0.0,1.0,0.0,0.0,0.0,0.0,0.0,0.0,0.0,0.0,0.0,1.0,0.0,0.0,0.0
EVT01621,1.25210010585588,-1.2008811838614923,0.5125894023013345,0.5501553311320931,0.7509201196990747,1.204187102528564,0.20790768384266695,0.0,0.0,1.0,1.0,0.0,0.0,0.0,0.0,1.0,0.0,0.0,0.0,0.0,0.0,0.0,0.0,0.0,0.0,1.0,0.0,0.0,0.0
EVT01622,0.001389678252892188,1.7584310897353683,-1.3723154478363608,0.5501553311320931,-0.0016724278835167973,1.204187102528564,0.03967489853504685,0.0,0.0,1.0,0.0,0.0,1.0,0.0,0.0,0.0,0.0,0.0,1.0,0.0,0.0,0.0,0.0,0.0,0.0,0.0,0.0,0.0,1.0
EVT01623,-0.5346290764341026,0.08729004111596471,0.5125894023013345,0.5501553311320931,-0.0016724278835167973,1.204187102528564,0.03967489853504685,0.0,0.0,1.0,0.0,0.0,1.0,0.0,0.0,0.0,0.0,0.0,0.0,0.0,0.0,0.0,1.0,0.0,0.0,0.0,0.0,1.0,0.0
EVT01624,-0.5346290764341026,1.0273068809643795,-1.3723154478363608,0.5501553311320931,0.7509201196990747,1.204187102528564,0.1237912911888569,0.0,0.0,1.0,0.0,0.0,1.0,0.0,0.0,0.0,0.0,0.0,0.0,0.0,0.0,1.0,0.0,0.0,0.0,0.0,0.0,1.0,0.0
EVT01625,-0.5346290764341026,0.574706180296624,-0.4298630227675131,0.5501553311320931,1.503512667281666,1.204187102528564,0.20790768384266695,0.0,0.0,1.0,0.0,0.0,0.0,1.0,0.0,0.0,0.0,0.0,0.0,0.0,0.0,1.0,0.0,0.0,0.0,0.0,0.0,0.0,1.0
EVT01626,0.8947542693978835,-1.2008811838614923,0.5125894023013345,0.5501553311320931,2.2561052148642577,2.298902650281804,0.292024076496477,0.0,0.0,1.0,0.0,0.0,0.0,0.0,1.0,0.0,1.0,0.0,0.0,0.0,0.0,0.0,0.0,0.0,0.0,0.0,0.0,0.0,1.0
EVT01627,-0.5346290764341026,-0.12160258996146095,0.5125894023013345,0.5501553311320931,-0.0016724278835167973,0.10947155477532397,0.1237912911888569,0.0,0.0,0.0,1.0,0.0,0.0,0.0,0.0,0.0,0.0,0.0,0.0,0.0,0.0,0.0,1.0,0.0,0.0,0.0,1.0,0.0,0.0
EVT01628,-0.5346290764341026,-0.5393878521163118,-1.3723154478363608,0.5501553311320931,0.7509201196990747,0.10947155477532397,0.20790768384266695,0.0,0.0,1.0,0.0,0.0,1.0,0.0,0.0,0.0,0.0,0.0,0.0,0.0,0.0,1.0,0.0,0.0,0.0,0.0,0.0,0.0,1.0
EVT01629,-0.5346290764341026,0.679152495835337,-1.3723154478363608,0.5501553311320931,-1.5068575230486998,-0.985243992977916,0.7967224324193373,0.0,0.0,1.0,0.0,1.0,0.0,0.0,0.0,0.0,0.0,0.0,0.0,0.0,0.0,1.0,0.0,0.0,0.0,1.0,0.0,0.0,0.0
EVT01630,2.3241376152298696,1.44509214311923,-1.3723154478363608,0.5501553311320931,1.503512667281666,1.204187102528564,0.292024076496477,0.0,0.0,0.0,0.0,0.0,1.0,0.0,0.0,0.0,0.0,0.0,1.0,0.0,0.0,0.0,0.0,0.0,0.0,1.0,0.0,0.0,0.0
EVT01631,-0.5346290764341026,-0.434941536577599,0.5125894023013345,0.5501553311320931,-1.5068575230486998,-0.985243992977916,-0.29679067208019333,0.0,0.0,1.0,0.0,0.0,0.0,0.0,1.0,0.0,0.0,0.0,0.0,0.0,0.0,0.0,1.0,0.0,0.0,1.0,0.0,0.0,0.0
EVT01632,0.3587355147108887,-0.5045724136034075,0.5125894023013345,0.5501553311320931,-0.7542649754661083,1.204187102528564,-0.0444414941187632,0.0,0.0,1.0,0.0,0.0,0.0,1.0,0.0,1.0,0.0,0.0,0.0,0.0,0.0,0.0,0.0,0.0,0.0,0.0,0.0,0.0,1.0
EVT01633,-0.5346290764341026,0.3658135492191986,0.5125894023013345,0.6926826189901484,-0.7542649754661083,-0.985243992977916,-0.21267427942638328,1.0,0.0,1.0,0.0,0.0,0.0,1.0,0.0,0.0,0.0,0.0,0.0,1.0,0.0,0.0,0.0,0.0,0.0,0.0,1.0,0.0,0.0
EVT01634,-0.5346290764341026,-1.0616194298098756,-1.3723154478363608,0.6926826189901484,-1.5068575230486998,-0.985243992977916,0.7126060397655272,0.0,0.0,1.0,0.0,0.0,0.0,0.0,1.0,0.0,0.0,0.0,0.0,0.0,1.0,0.0,0.0,0.0,0.0,1.0,0.0,0.0,0.0
EVT01635,-0.5346290764341026,-1.270512060887301,-1.3723154478363608,0.6926826189901484,-0.7542649754661083,0.10947155477532397,0.03967489853504685,0.0,0.0,1.0,1.0,0.0,0.0,0.0,0.0,0.0,0.0,0.0,0.0,0.0,0.0,1.0,0.0,0.0,0.0,0.0,1.0,0.0,0.0
EVT01636,-0.5346290764341026,0.8184142498869538,-0.4298630227675131,0.6926826189901484,-0.0016724278835167973,-0.985243992977916,-0.12855788677257324,0.0,0.0,0.0,0.0,0.0,0.0,1.0,0.0,0.0,0.0,1.0,0.0,0.0,0.0,0.0,0.0,0.0,0.0,0.0,1.0,0.0,0.0
EVT01637,-0.5346290764341026,0.6443370573224325,-0.4298630227675131,0.6926826189901484,-0.7542649754661083,0.10947155477532397,0.7126060397655272,0.0,0.0,1.0,1.0,0.0,0.0,0.0,0.0,0.0,0.0,0.0,1.0,0.0,0.0,0.0,0.0,0.0,0.0,0.0,0.0,0.0,1.0
EVT01638,-0.5346290764341026,-1.305327499400205,-0.4298630227675131,0.6926826189901484,-0.7542649754661083,0.10947155477532397,0.20790768384266695,0.0,0.0,1.0,0.0,0.0,1.0,0.0,0.0,0.0,0.0,0.0,0.0,0.0,0.0,1.0,0.0,0.0,0.0,0.0,0.0,1.0,0.0
EVT01639,-0.5346290764341026,0.5050753032708157,1.4550418273701822,0.6926826189901484,0.7509201196990747,-0.985243992977916,-0.0444414941187632,0.0,0.0,1.0,0.0,0.0,0.0,1.0,0.0,0.0,0.0,0.0,0.0,0.0,0.0,0.0,0.0,1.0,0.0,0.0,0.0,1.0,0.0
EVT01640,-0.5346290764341026,0.15692091814177325,0.5125894023013345,0.6926826189901484,-0.0016724278835167973,0.10947155477532397,0.7967224324193373,0.0,0.0,1.0,0.0,0.0,0.0,1.0,0.0,0.0,0.0,0.0,0.0,0.0,0.0,0.0,0.0,1.0,0.0,0.0,0.0,0.0,1.0
EVT01641,-0.5346290764341026,1.44509214311923,0.5125894023013345,0.6926826189901484,-0.7542649754661083,-0.985243992977916,0.20790768384266695,0.0,0.0,1.0,1.0,0.0,0.0,0.0,0.0,0.0,0.0,0.0,0.0,0.0,0.0,0.0,1.0,0.0,0.0,0.0,0.0,1.0,0.0
EVT01642,0.7160813511688852,1.6888002127095603,0.5125894023013345,0.6926826189901484,0.7509201196990747,1.204187102528564,0.8808388250731473,0.0,0.0,1.0,0.0,0.0,0.0,1.0,0.0,1.0,0.0,0.0,0.0,0.0,0.0,0.0,0.0,0.0,0.0,0.0,0.0,0.0,1.0
EVT01643,-0.5346290764341026,0.6443370573224325,-1.3723154478363608,0.6926826189901484,-1.5068575230486998,-0.985243992977916,0.292024076496477,0.0,0.0,0.0,0.0,1.0,0.0,0.0,0.0,0.0,0.0,0.0,0.0,0.0,0.0,0.0,0.0,0.0,1.0,1.0,0.0,0.0,0.0
EVT01644,0.7160813511688852,-0.9571731142711627,0.5125894023013345,0.6926826189901484,0.7509201196990747,0.10947155477532397,-0.12855788677257324,0.0,0.0,1.0,0.0,0.0,1.0,0.0,0.0,0.0,1.0,0.0,0.0,0.0,0.0,0.0,0.0,0.0,0.0,0.0,0.0,1.0,0.0
EVT01645,2.3241376152298696,-0.6090187291421202,1.4550418273701822,0.8352099068482035,1.503512667281666,1.204187102528564,-0.0444414941187632,0.0,0.0,0.0,0.0,0.0,0.0,1.0,0.0,1.0,0.0,0.0,0.0,0.0,0.0,0.0,0.0,0.0,0.0,0.0,0.0,1.0,0.0
EVT01646,0.7160813511688852,-0.3304952210388863,0.5125894023013345,0.8352099068482035,1.503512667281666,2.298902650281804,-0.0444414941187632,0.0,0.0,1.0,0.0,1.0,0.0,0.0,0.0,0.0,1.0,0.0,0.0,0.0,0.0,0.0,0.0,0.0,0.0,1.0,0.0,0.0,0.0
EVT01647,-0.5346290764341026,1.305830389067613,-0.4298630227675131,0.8352099068482035,-0.0016724278835167973,-0.985243992977916,0.292024076496477,0.0,0.0,0.0,0.0,0.0,0.0,1.0,0.0,0.0,0.0,1.0,0.0,0.0,0.0,0.0,0.0,0.0,0.0,1.0,0.0,0.0,0.0
EVT01648,0.537408432939887,0.1917363566546774,-0.4298630227675131,0.8352099068482035,-0.7542649754661083,0.10947155477532397,0.292024076496477,0.0,0.0,0.0,0.0,0.0,0.0,1.0,0.0,0.0,0.0,0.0,1.0,0.0,0.0,0.0,0.0,0.0,0.0,0.0,0.0,0.0,1.0
EVT01649,-0.5346290764341026,-1.6534818845292476,-1.3723154478363608,0.8352099068482035,0.7509201196990747,-0.985243992977916,0.37614046915028704,0.0,0.0,1.0,1.0,0.0,0.0,0.0,0.0,0.0,0.0,0.0,0.0,0.0,0.0,1.0,0.0,0.0,0.0,1.0,0.0,0.0,0.0
EVT01650,-0.5346290764341026,0.29618267219339006,-1.3723154478363608,0.8352099068482035,1.503512667281666,-0.985243992977916,0.4602568618040971,0.0,0.0,0.0,0.0,0.0,0.0,0.0,1.0,0.0,0.0,1.0,0.0,0.0,0.0,0.0,0.0,0.0,0.0,1.0,0.0,0.0,0.0
EVT01651,-0.5346290764341026,1.305830389067613,-1.3723154478363608,0.8352099068482035,1.503512667281666,-0.985243992977916,0.5443732544579071,0.0,0.0,0.0,0.0,0.0,1.0,0.0,0.0,0.0,0.0,0.0,0.0,0.0,0.0,1.0,0.0,0.0,0.0,0.0,1.0,0.0,0.0
EVT01652,-0.5346290764341026,-0.05197171293565239,-0.4298630227675131,0.8352099068482035,-0.0016724278835167973,0.10947155477532397,0.37614046915028704,0.0,0.0,1.0,1.0,0.0,0.0,0.0,0.0,0.0,0.0,0.0,0.0,0.0,0.0,1.0,0.0,0.0,0.0,0.0,1.0,0.0,0.0
EVT01653,-0.5346290764341026,1.2013840735289005,-0.4298630227675131,0.8352099068482035,2.2561052148642577,-0.985243992977916,0.6284896471117172,0.0,0.0,1.0,0.0,0.0,0.0,0.0,1.0,0.0,0.0,0.0,0.0,0.0,0.0,0.0,0.0,0.0,1.0,0.0,0.0,0.0,1.0
EVT01654,2.502810533458868,-1.2356966223743966,-0.4298630227675131,0.8352099068482035,2.2561052148642577,0.10947155477532397,0.7126060397655272,0.0,0.0,1.0,0.0,0.0,0.0,0.0,1.0,0.0,0.0,0.0,1.0,0.0,0.0,0.0,0.0,0.0,0.0,0.0,0.0,0.0,1.0
EVT01655,-0.5346290764341026,1.6888002127095603,0.5125894023013345,0.8352099068482035,-1.5068575230486998,-0.985243992977916,0.03967489853504685,0.0,0.0,0.0,0.0,0.0,0.0,0.0,1.0,0.0,0.0,0.0,0.0,0.0,0.0,0.0,1.0,0.0,0.0,0.0,0.0,0.0,1.0
EVT01656,-0.5346290764341026,0.40062898773210276,-1.3723154478363608,0.8352099068482035,-0.7542649754661083,-0.985243992977916,0.1237912911888569,0.0,0.0,1.0,0.0,0.0,0.0,0.0,1.0,0.0,0.0,1.0,0.0,0.0,0.0,0.0,0.0,0.0,0.0,1.0,0.0,0.0,0.0
EVT01657,-0.5346290764341026,-1.3749583764260136,-0.4298630227675131,0.9777371947062587,-1.5068575230486998,-0.985243992977916,0.20790768384266695,0.0,1.0,1.0,1.0,0.0,0.0,0.0,0.0,0.0,0.0,0.0,0.0,0.0,1.0,0.0,0.0,0.0,0.0,0.0,0.0,0.0,1.0
EVT01658,-0.5346290764341026,0.15692091814177325,0.5125894023013345,0.9777371947062587,-0.7542649754661083,0.10947155477532397,-0.0444414941187632,0.0,1.0,1.0,0.0,1.0,0.0,0.0,0.0,0.0,0.0,0.0,0.0,0.0,0.0,0.0,0.0,1.0,0.0,0.0,0.0,1.0,0.0
EVT01659,-0.5346290764341026,1.410276704606326,-0.4298630227675131,0.9777371947062587,-0.0016724278835167973,-0.985243992977916,0.1237912911888569,0.0,1.0,1.0,0.0,0.0,1.0,0.0,0.0,0.0,0.0,0.0,0.0,0.0,0.0,0.0,0.0,0.0,1.0,0.0,0.0,0.0,1.0
EVT01660,-0.5346290764341026,-1.0964348683227798,-0.4298630227675131,0.9777371947062587,-1.5068575230486998,-0.985243992977916,0.6284896471117172,0.0,1.0,1.0,0.0,0.0,1.0,0.0,0.0,0.0,0.0,0.0,0.0,0.0,0.0,0.0,0.0,0.0,1.0,0.0,1.0,0.0,0.0
EVT01661,-0.5346290764341026,1.3406458275805178,1.4550418273701822,0.9777371947062587,-0.7542649754661083,-0.985243992977916,0.03967489853504685,0.0,1.0,1.0,0.0,0.0,1.0,0.0,0.0,0.0,0.0,0.0,0.0,0.0,0.0,0.0,1.0,0.0,0.0,0.0,0.0,1.0,0.0
EVT01662,-0.5346290764341026,-0.6438341676550244,-1.3723154478363608,0.9777371947062587,-0.7542649754661083,-0.985243992977916,0.292024076496477,0.0,1.0,1.0,0.0,1.0,0.0,0.0,0.0,0.0,0.0,0.0,0.0,0.0,0.0,1.0,0.0,0.0,0.0,0.0,1.0,0.0,0.0
EVT01663,-0.5346290764341026,-0.8527267987324499,0.5125894023013345,0.9777371947062587,0.7509201196990747,0.10947155477532397,0.4602568618040971,0.0,1.0,0.0,0.0,1.0,0.0,0.0,0.0,0.0,0.0,0.0,0.0,0.0,0.0,0.0,1.0,0.0,0.0,1.0,0.0,0.0,0.0
EVT01664,2.8601563699168646,-0.8527267987324499,0.5125894023013345,0.9777371947062587,0.7509201196990747,0.10947155477532397,0.03967489853504685,0.0,1.0,1.0,0.0,0.0,1.0,0.0,0.0,1.0,0.0,0.0,0.0,0.0,0.0,0.0,0.0,0.0,0.0,1.0,0.0,0.0,0.0
EVT01665,-0.5346290764341026,-0.9571731142711627,0.5125894023013345,0.9777371947062587,-0.7542649754661083,-0.985243992977916,0.20790768384266695,0.0,1.0,0.0,1.0,0.0,0.0,0.0,0.0,0.0,0.0,0.0,0.0,0.0,0.0,0.0,1.0,0.0,0.0,0.0,0.0,0.0,1.0
EVT01666,2.6814834516878663,-1.2008811838614923,-0.4298630227675131,0.9777371947062587,-0.7542649754661083,0.10947155477532397,0.37614046915028704,0.0,1.0,0.0,0.0,1.0,0.0,0.0,0.0,0.0,0.0,0.0,1.0,0.0,0.0,0.0,0.0,0.0,0.0,0.0,0.0,1.0,0.0
EVT01667,-0.5346290764341026,0.3309981107062945,-1.3723154478363608,0.9777371947062587,-0.7542649754661083,-0.985243992977916,0.5443732544579071,0.0,1.0,1.0,0.0,0.0,0.0,1.0,0.0,0.0,0.0,1.0,0.0,0.0,0.0,0.0,0.0,0.0,0.0,0.0,0.0,1.0,0.0
EVT01668,-0.5346290764341026,-0.19123346698726917,1.4550418273701822,0.9777371947062587,-0.0016724278835167973,-0.985243992977916,0.292024076496477,1.0,1.0,1.0,0.0,0.0,0.0,0.0,1.0,0.0,0.0,0.0,0.0,1.0,0.0,0.0,0.0,0.0,0.0,0.0,1.0,0.0,0.0
EVT01669,0.18006259648189046,-0.01715627442274796,1.4550418273701822,1.120264482564314,-0.0016724278835167973,0.10947155477532397,0.5443732544579071,0.0,1.0,1.0,1.0,0.0,0.0,0.0,0.0,1.0,0.0,0.0,0.0,0.0,0.0,0.0,0.0,0.0,0.0,0.0,0.0,1.0,0.0
EVT01670,-0.5346290764341026,1.305830389067613,-0.4298630227675131,1.120264482564314,-0.0016724278835167973,0.10947155477532397,0.4602568618040971,0.0,1.0,1.0,1.0,0.0,0.0,0.0,0.0,0.0,0.0,0.0,0.0,0.0,0.0,0.0,0.0,0.0,1.0,0.0,1.0,0.0,0.0
EVT01671,-0.5346290764341026,0.29618267219339006,-0.4298630227675131,1.120264482564314,-0.7542649754661083,-0.985243992977916,0.5443732544579071,0.0,1.0,1.0,0.0,0.0,0.0,0.0,1.0,0.0,0.0,0.0,0.0,0.0,0.0,1.0,0.0,0.0,0.0,0.0,0.0,0.0,1.0
EVT01672,2.8601563699168646,1.6539847741966553,1.4550418273701822,1.120264482564314,-0.7542649754661083,1.204187102528564,-0.0444414941187632,0.0,1.0,1.0,0.0,0.0,1.0,0.0,0.0,1.0,0.0,0.0,0.0,0.0,0.0,0.0,0.0,0.0,0.0,0.0,0.0,1.0,0.0
EVT01673,-0.5346290764341026,0.1917363566546774,1.4550418273701822,1.120264482564314,-0.0016724278835167973,-0.985243992977916,0.292024076496477,1.0,1.0,1.0,0.0,1.0,0.0,0.0,0.0,0.0,0.0,0.0,0.0,1.0,0.0,0.0,0.0,0.0,0.0,0.0,0.0,1.0,0.0
EVT01674,-0.5346290764341026,1.1317531965030918,1.4550418273701822,1.120264482564314,-0.0016724278835167973,1.204187102528564,0.03967489853504685,0.0,1.0,1.0,0.0,1.0,0.0,0.0,0.0,0.0,0.0,0.0,0.0,0.0,0.0,0.0,1.0,0.0,0.0,0.0,1.0,0.0,0.0
EVT01675,1.9667917787718732,-1.3401429379131093,0.5125894023013345,1.120264482564314,-0.7542649754661083,0.10947155477532397,0.5443732544579071,0.0,1.0,1.0,0.0,0.0,1.0,0.0,0.0,1.0,0.0,0.0,0.0,0.0,0.0,0.0,0.0,0.0,0.0,0.0,0.0,0.0,1.0
EVT01676,-0.5346290764341026,-0.8179113602195457,-0.4298630227675131,1.120264482564314,-0.0016724278835167973,0.10947155477532397,0.5443732544579071,0.0,1.0,1.0,0.0,1.0,0.0,0.0,0.0,0.0,0.0,0.0,0.0,0.0,1.0,0.0,0.0,0.0,0.0,0.0,0.0,0.0,1.0
EVT01677,-0.5346290764341026,0.6443370573224325,-1.3723154478363608,1.120264482564314,-1.5068575230486998,-0.985243992977916,0.03967489853504685,0.0,1.0,1.0,1.0,0.0,0.0,0.0,0.0,0.0,0.0,1.0,0.0,0.0,0.0,0.0,0.0,0.0,0.0,0.0,0.0,0.0,1.0
EVT01678,1.0734271876268817,-0.8527267987324499,-0.4298630227675131,1.120264482564314,-0.0016724278835167973,1.204187102528564,0.4602568618040971,0.0,1.0,1.0,1.0,0.0,0.0,0.0,0.0,0.0,0.0,0.0,1.0,0.0,0.0,0.0,0.0,0.0,0.0,0.0,1.0,0.0,0.0
EVT01679,0.3587355147108887,-0.22604890550017362,1.4550418273701822,1.120264482564314,-0.0016724278835167973,1.204187102528564,0.1237912911888569,0.0,1.0,1.0,1.0,0.0,0.0,0.0,0.0,1.0,0.0,0.0,0.0,0.0,0.0,0.0,0.0,0.0,0.0,0.0,0.0,1.0,0.0
EVT01680,-0.5346290764341026,1.6888002127095603,-0.4298630227675131,1.120264482564314,-0.0016724278835167973,-0.985243992977916,0.292024076496477,0.0,1.0,1.0,0.0,0.0,1.0,0.0,0.0,0.0,0.0,0.0,0.0,0.0,1.0,0.0,0.0,0.0,0.0,1.0,0.0,0.0,0.0
EVT01681,-0.5346290764341026,1.7236156512224643,-0.4298630227675131,1.2627917704223692,0.7509201196990747,1.204187102528564,0.4602568618040971,0.0,1.0,1.0,0.0,0.0,0.0,0.0,1.0,0.0,0.0,0.0,0.0,0.0,0.0,0.0,0.0,0.0,1.0,1.0,0.0,0.0,0.0
EVT01682,-0.5346290764341026,0.47025986475791126,0.5125894023013345,1.2627917704223692,0.7509201196990747,1.204187102528564,0.20790768384266695,1.0,1.0,1.0,0.0,1.0,0.0,0.0,0.0,0.0,0.0,0.0,0.0,1.0,0.0,0.0,0.0,0.0,0.0,0.0,0.0,1.0,0.0
EVT01683,1.9667917787718732,0.6095216188095284,1.4550418273701822,1.2627917704223692,1.503512667281666,2.298902650281804,0.5443732544579071,0.0,1.0,1.0,0.0,0.0,0.0,0.0,1.0,1.0,0.0,0.0,0.0,0.0,0.0,0.0,0.0,0.0,0.0,0.0,0.0,0.0,1.0
EVT01684,-0.5346290764341026,-1.3749583764260136,-1.3723154478363608,1.2627917704223692,-0.7542649754661083,-0.985243992977916,0.5443732544579071,0.0,1.0,1.0,0.0,1.0,0.0,0.0,0.0,0.0,0.0,0.0,0.0,0.0,0.0,1.0,0.0,0.0,0.0,0.0,1.0,0.0,0.0
EVT01685,-0.5346290764341026,-0.7830959217066414,-0.4298630227675131,1.2627917704223692,0.7509201196990747,0.10947155477532397,0.292024076496477,0.0,1.0,1.0,0.0,1.0,0.0,0.0,0.0,0.0,0.0,0.0,0.0,0.0,1.0,0.0,0.0,0.0,0.0,0.0,1.0,0.0,0.0
EVT01686,0.7160813511688852,-0.01715627442274796,-0.4298630227675131,1.2627917704223692,-0.0016724278835167973,0.10947155477532397,0.6284896471117172,0.0,1.0,0.0,1.0,0.0,0.0,0.0,0.0,0.0,0.0,0.0,1.0,0.0,0.0,0.0,0.0,0.0,0.0,1.0,0.0,0.0,0.0
EVT01687,-0.5346290764341026,0.574706180296624,-0.4298630227675131,1.2627917704223692,-1.5068575230486998,-0.985243992977916,0.20790768384266695,0.0,1.0,1.0,0.0,0.0,0.0,0.0,1.0,0.0,0.0,0.0,0.0,0.0,0.0,1.0,0.0,0.0,0.0,1.0,0.0,0.0,0.0
EVT01688,-0.5346290764341026,0.2265517951675815,0.5125894023013345,1.2627917704223692,-0.7542649754661083,-0.985243992977916,0.1237912911888569,1.0,1.0,1.0,0.0,0.0,0.0,1.0,0.0,0.0,0.0,0.0,0.0,1.0,0.0,0.0,0.0,0.0,0.0,1.0,0.0,0.0,0.0
EVT01689,-0.5346290764341026,-0.5393878521163118,-0.4298630227675131,1.2627917704223692,-0.7542649754661083,-0.985243992977916,-0.0444414941187632,0.0,1.0,1.0,1.0,0.0,0.0,0.0,0.0,0.0,0.0,0.0,0.0,0.0,0.0,0.0,0.0,0.0,1.0,1.0,0.0,0.0,0.0
EVT01690,-0.5346290764341026,0.08729004111596471,-0.4298630227675131,1.2627917704223692,-0.0016724278835167973,-0.985243992977916,0.20790768384266695,0.0,1.0,1.0,1.0,0.0,0.0,0.0,0.0,0.0,0.0,1.0,0.0,0.0,0.0,0.0,0.0,0.0,0.0,1.0,0.0,0.0,0.0
EVT01691,-0.5346290764341026,-0.991988552784067,0.5125894023013345,1.2627917704223692,0.7509201196990747,-0.985243992977916,0.292024076496477,0.0,1.0,0.0,0.0,0.0,1.0,0.0,0.0,0.0,0.0,0.0,0.0,0.0,0.0,0.0,1.0,0.0,0.0,0.0,1.0,0.0,0.0
EVT01692,-0.5346290764341026,1.549538458657943,-0.4298630227675131,1.2627917704223692,-0.0016724278835167973,-0.985243992977916,0.292024076496477,0.0,1.0,1.0,0.0,0.0,1.0,0.0,0.0,0.0,0.0,0.0,0.0,0.0,0.0,0.0,0.0,0.0,1.0,0.0,0.0,1.0,0.0
EVT01693,-0.5346290764341026,1.0273068809643795,-0.4298630227675131,1.4053190582804245,0.7509201196990747,-0.985243992977916,0.37614046915028704,0.0,1.0,1.0,0.0,1.0,0.0,0.0,0.0,0.0,0.0,1.0,0.0,0.0,0.0,0.0,0.0,0.0,0.0,0.0,1.0,0.0,0.0
EVT01694,-0.5346290764341026,0.8880451269127623,-0.4298630227675131,1.4053190582804245,1.503512667281666,-0.985243992977916,0.4602568618040971,0.0,1.0,1.0,0.0,0.0,0.0,1.0,0.0,0.0,0.0,1.0,0.0,0.0,0.0,0.0,0.0,0.0,0.0,1.0,0.0,0.0,0.0
EVT01695,-0.5346290764341026,0.9228605654256664,0.5125894023013345,1.4053190582804245,-0.7542649754661083,-0.985243992977916,-0.12855788677257324,1.0,1.0,0.0,0.0,0.0,0.0,1.0,0.0,0.0,0.0,0.0,0.0,1.0,0.0,0.0,0.0,0.0,0.0,0.0,0.0,1.0,0.0
EVT01696,-0.5346290764341026,-1.723112761555056,-0.4298630227675131,1.4053190582804245,-0.7542649754661083,-0.985243992977916,0.292024076496477,0.0,1.0,0.0,0.0,0.0,0.0,1.0,0.0,0.0,0.0,1.0,0.0,0.0,0.0,0.0,0.0,0.0,0.0,0.0,1.0,0.0,0.0
EVT01697,1.4307730240848784,-1.0964348683227798,0.5125894023013345,1.4053190582804245,-0.0016724278835167973,0.10947155477532397,0.37614046915028704,0.0,1.0,1.0,0.0,1.0,0.0,0.0,0.0,1.0,0.0,0.0,0.0,0.0,0.0,0.0,0.0,0.0,0.0,0.0,1.0,0.0,0.0
EVT01698,-0.5346290764341026,0.08729004111596471,1.4550418273701822,1.4053190582804245,0.7509201196990747,0.10947155477532397,0.4602568618040971,1.0,1.0,1.0,0.0,0.0,0.0,0.0,1.0,0.0,0.0,0.0,0.0,1.0,0.0,0.0,0.0,0.0,0.0,0.0,1.0,0.0,0.0
EVT01699,1.0734271876268817,1.4799075816321343,-1.3723154478363608,1.4053190582804245,-1.5068575230486998,0.10947155477532397,0.5443732544579071,0.0,1.0,1.0,0.0,1.0,0.0,0.0,0.0,0.0,0.0,0.0,1.0,0.0,0.0,0.0,0.0,0.0,0.0,0.0,0.0,1.0,0.0
EVT01700,2.8601563699168646,-0.26086434401307773,0.5125894023013345,1.4053190582804245,0.7509201196990747,1.204187102528564,0.5443732544579071,0.0,1.0,1.0,0.0,1.0,0.0,0.0,0.0,0.0,1.0,0.0,0.0,0.0,0.0,0.0,0.0,0.0,0.0,1.0,0.0,0.0,0.0
EVT01701,2.8601563699168646,-1.0964348683227798,0.5125894023013345,1.4053190582804245,1.503512667281666,2.298902650281804,0.6284896471117172,0.0,1.0,1.0,1.0,0.0,0.0,0.0,0.0,0.0,1.0,0.0,0.0,0.0,0.0,0.0,0.0,0.0,0.0,1.0,0.0,0.0,0.0
EVT01702,-0.5346290764341026,0.6443370573224325,1.4550418273701822,1.4053190582804245,2.2561052148642577,2.298902650281804,0.7126060397655272,0.0,1.0,1.0,1.0,0.0,0.0,0.0,0.0,0.0,0.0,0.0,0.0,0.0,0.0,0.0,1.0,0.0,0.0,0.0,1.0,0.0,0.0
EVT01703,-0.5346290764341026,-1.166065745348588,-0.4298630227675131,1.4053190582804245,3.008697762446849,2.298902650281804,0.7967224324193373,0.0,1.0,1.0,0.0,0.0,0.0,0.0,1.0,0.0,0.0,0.0,0.0,0.0,1.0,0.0,0.0,0.0,0.0,1.0,0.0,0.0,0.0
EVT01704,-0.5346290764341026,-1.305327499400205,-0.4298630227675131,1.4053190582804245,-0.7542649754661083,-0.985243992977916,-0.21267427942638328,0.0,1.0,1.0,1.0,0.0,0.0,0.0,0.0,0.0,0.0,0.0,0.0,0.0,1.0,0.0,0.0,0.0,0.0,0.0,0.0,1.0,0.0
EVT01705,-0.5346290764341026,-1.688297323042152,0.5125894023013345,1.5478463461384797,-0.0016724278835167973,-0.985243992977916,0.37614046915028704,0.0,1.0,1.0,0.0,0.0,1.0,0.0,0.0,0.0,0.0,0.0,0.0,0.0,0.0,0.0,1.0,0.0,0.0,0.0,1.0,0.0,0.0
EVT01706,1.7881188605428748,-1.444589253451822,0.5125894023013345,1.5478463461384797,3.76129031002944,3.393618198035044,0.7126060397655272,0.0,1.0,1.0,1.0,0.0,0.0,0.0,0.0,1.0,0.0,0.0,0.0,0.0,0.0,0.0,0.0,0.0,0.0,0.0,0.0,0.0,1.0
EVT01707,-0.5346290764341026,0.40062898773210276,0.5125894023013345,1.5478463461384797,-0.7542649754661083,1.204187102528564,0.5443732544579071,0.0,1.0,1.0,0.0,1.0,0.0,0.0,0.0,1.0,0.0,0.0,0.0,0.0,0.0,0.0,0.0,0.0,0.0,1.0,0.0,0.0,0.0
EVT01708,-0.5346290764341026,0.7487833728611452,1.4550418273701822,1.5478463461384797,-1.5068575230486998,-0.985243992977916,0.37614046915028704,1.0,1.0,0.0,0.0,0.0,1.0,0.0,0.0,0.0,0.0,0.0,0.0,1.0,0.0,0.0,0.0,0.0,0.0,0.0,1.0,0.0,0.0
EVT01709,1.6094459423138765,-0.3653106595517906,-1.3723154478363608,1.5478463461384797,3.76129031002944,4.4883337457882835,0.7967224324193373,0.0,1.0,1.0,0.0,0.0,0.0,1.0,0.0,0.0,0.0,0.0,1.0,0.0,0.0,0.0,0.0,0.0,0.0,0.0,1.0,0.0,0.0
EVT01710,-0.5346290764341026,-1.6534818845292476,1.4550418273701822,1.5478463461384797,-0.7542649754661083,-0.985243992977916,0.37614046915028704,1.0,1.0,0.0,0.0,1.0,0.0,0.0,0.0,0.0,0.0,0.0,0.0,1.0,0.0,0.0,0.0,0.0,0.0,0.0,0.0,0.0,1.0
EVT01711,-0.35595615820510434,-1.3749583764260136,1.4550418273701822,1.5478463461384797,3.008697762446849,4.4883337457882835,0.8808388250731473,0.0,1.0,0.0,0.0,0.0,0.0,0.0,1.0,1.0,0.0,0.0,0.0,0.0,0.0,0.0,0.0,0.0,0.0,1.0,0.0,0.0,0.0
EVT01712,-0.5346290764341026,-0.574203290629216,0.5125894023013345,1.5478463461384797,-0.7542649754661083,-0.985243992977916,-0.12855788677257324,1.0,1.0,0.0,0.0,0.0,0.0,1.0,0.0,0.0,0.0,0.0,0.0,1.0,0.0,0.0,0.0,0.0,0.0,1.0,0.0,0.0,0.0
EVT01713,-0.5346290764341026,-0.15641802847436506,1.4550418273701822,1.5478463461384797,-0.7542649754661083,-0.985243992977916,0.292024076496477,0.0,1.0,1.0,1.0,0.0,0.0,0.0,0.0,0.0,0.0,0.0,0.0,0.0,0.0,0.0,1.0,0.0,0.0,1.0,0.0,0.0,0.0
EVT01714,-0.5346290764341026,-0.22604890550017362,-1.3723154478363608,1.5478463461384797,-1.5068575230486998,-0.985243992977916,-0.12855788677257324,0.0,1.0,0.0,0.0,1.0,0.0,0.0,0.0,0.0,0.0,0.0,0.0,0.0,1.0,0.0,0.0,0.0,0.0,0.0,0.0,0.0,1.0
EVT01715,-0.5346290764341026,-1.6186664460163434,0.5125894023013345,1.5478463461384797,-0.7542649754661083,0.10947155477532397,0.6284896471117172,0.0,1.0,0.0,1.0,0.0,0.0,0.0,0.0,0.0,0.0,0.0,0.0,0.0,0.0,0.0,0.0,1.0,0.0,0.0,0.0,0.0,1.0
EVT01716,-0.5346290764341026,0.6443370573224325,-1.3723154478363608,1.5478463461384797,-0.0016724278835167973,-0.985243992977916,-0.0444414941187632,0.0,1.0,0.0,1.0,0.0,0.0,0.0,0.0,0.0,0.0,0.0,0.0,0.0,1.0,0.0,0.0,0.0,0.0,0.0,0.0,1.0,0.0
EVT01717,-0.5346290764341026,-1.2356966223743966,1.4550418273701822,1.690373633996535,-0.0016724278835167973,-0.985243992977916,0.1237912911888569,1.0,1.0,0.0,0.0,0.0,0.0,1.0,0.0,0.0,0.0,0.0,0.0,1.0,0.0,0.0,0.0,0.0,0.0,0.0,0.0,0.0,1.0
EVT01718,1.7881188605428748,0.6095216188095284,-0.4298630227675131,1.690373633996535,-0.7542649754661083,0.10947155477532397,-0.0444414941187632,0.0,1.0,1.0,0.0,1.0,0.0,0.0,0.0,0.0,0.0,0.0,1.0,0.0,0.0,0.0,0.0,0.0,0.0,0.0,1.0,0.0,0.0
EVT01719,0.3587355147108887,0.713967934348241,0.5125894023013345,1.690373633996535,-0.0016724278835167973,1.204187102528564,0.7126060397655272,0.0,1.0,1.0,1.0,0.0,0.0,0.0,0.0,0.0,1.0,0.0,0.0,0.0,0.0,0.0,0.0,0.0,0.0,0.0,1.0,0.0,0.0
EVT01720,-0.5346290764341026,-0.3304952210388863,-1.3723154478363608,1.690373633996535,-0.0016724278835167973,-0.985243992977916,0.03967489853504685,0.0,1.0,1.0,0.0,0.0,1.0,0.0,0.0,0.0,0.0,0.0,0.0,0.0,1.0,0.0,0.0,0.0,0.0,0.0,1.0,0.0,0.0
EVT01721,-0.5346290764341026,-1.2356966223743966,-1.3723154478363608,1.690373633996535,0.7509201196990747,-0.985243992977916,0.1237912911888569,0.0,1.0,1.0,1.0,0.0,0.0,0.0,0.0,0.0,0.0,0.0,0.0,0.0,0.0,1.0,0.0,0.0,0.0,1.0,0.0,0.0,0.0
EVT01722,-0.5346290764341026,-0.6090187291421202,0.5125894023013345,1.690373633996535,-0.7542649754661083,-0.985243992977916,0.292024076496477,0.0,1.0,1.0,0.0,0.0,0.0,1.0,0.0,0.0,0.0,0.0,0.0,0.0,0.0,0.0,1.0,0.0,0.0,1.0,0.0,0.0,0.0
EVT01723,0.001389678252892188,1.6191693356837513,1.4550418273701822,1.690373633996535,1.503512667281666,0.10947155477532397,0.1237912911888569,0.0,1.0,1.0,1.0,0.0,0.0,0.0,0.0,1.0,0.0,0.0,0.0,0.0,0.0,0.0,0.0,0.0,0.0,0.0,0.0,1.0,0.0
EVT01724,-0.5346290764341026,-0.6438341676550244,-1.3723154478363608,1.690373633996535,-0.0016724278835167973,-0.985243992977916,0.1237912911888569,0.0,1.0,0.0,0.0,0.0,0.0,0.0,1.0,0.0,0.0,0.0,0.0,0.0,0.0,1.0,0.0,0.0,0.0,0.0,0.0,0.0,1.0
EVT01725,-0.5346290764341026,0.47025986475791126,-0.4298630227675131,1.690373633996535,-0.0016724278835167973,0.10947155477532397,0.5443732544579071,0.0,1.0,1.0,0.0,1.0,0.0,0.0,0.0,0.0,0.0,0.0,0.0,0.0,1.0,0.0,0.0,0.0,0.0,0.0,0.0,0.0,1.0
EVT01726,-0.5346290764341026,-0.15641802847436506,1.4550418273701822,1.690373633996535,-0.7542649754661083,-0.985243992977916,0.37614046915028704,0.0,1.0,0.0,1.0,0.0,0.0,0.0,0.0,0.0,0.0,0.0,0.0,0.0,0.0,0.0,1.0,0.0,0.0,0.0,0.0,1.0,0.0
EVT01727,-0.5346290764341026,-0.3304952210388863,-1.3723154478363608,1.690373633996535,-1.5068575230486998,-0.985243992977916,0.7126060397655272,0.0,1.0,0.0,0.0,1.0,0.0,0.0,0.0,0.0,0.0,0.0,0.0,0.0,0.0,0.0,0.0,0.0,1.0,1.0,0.0,0.0,0.0
EVT01728,-0.5346290764341026,-0.8179113602195457,1.4550418273701822,1.690373633996535,-0.7542649754661083,-0.985243992977916,0.7126060397655272,1.0,1.0,1.0,1.0,0.0,0.0,0.0,0.0,0.0,0.0,0.0,0.0,1.0,0.0,0.0,0.0,0.0,0.0,0.0,0.0,0.0,1.0
EVT01729,-0.5346290764341026,0.017659164090156162,-0.4298630227675131,-1.5877539867387354,-0.0016724278835167973,0.10947155477532397,0.6284896471117172,0.0,1.0,0.0,1.0,0.0,0.0,0.0,0.0,0.0,0.0,0.0,0.0,0.0,1.0,0.0,0.0,0.0,0.0,0.0,0.0,1.0,0.0
EVT01730,2.1454646970008713,0.47025986475791126,-0.4298630227675131,-1.5877539867387354,0.7509201196990747,1.204187102528564,0.7126060397655272,0.0,1.0,1.0,0.0,0.0,1.0,0.0,0.0,0.0,0.0,0.0,1.0,0.0,0.0,0.0,0.0,0.0,0.0,0.0,0.0,0.0,1.0
EVT01731,-0.5346290764341026,-0.7830959217066414,-0.4298630227675131,-1.5877539867387354,0.7509201196990747,0.10947155477532397,0.20790768384266695,0.0,1.0,0.0,0.0,1.0,0.0,0.0,0.0,0.0,0.0,1.0,0.0,0.0,0.0,0.0,0.0,0.0,0.0,0.0,1.0,0.0,0.0
EVT01732,-0.5346290764341026,0.5398907417837199,-1.3723154478363608,-1.5877539867387354,-0.0016724278835167973,-0.985243992977916,0.4602568618040971,0.0,1.0,0.0,1.0,0.0,0.0,0.0,0.0,0.0,0.0,0.0,0.0,0.0,0.0,1.0,0.0,0.0,0.0,0.0,1.0,0.0,0.0
EVT01733,2.1454646970008713,0.1917363566546774,0.5125894023013345,-1.5877539867387354,0.7509201196990747,0.10947155477532397,0.5443732544579071,0.0,1.0,1.0,0.0,0.0,0.0,1.0,0.0,0.0,1.0,0.0,0.0,0.0,0.0,0.0,0.0,0.0,0.0,0.0,0.0,1.0,0.0
EVT01734,-0.35595615820510434,-0.5393878521163118,0.5125894023013345,-1.5877539867387354,-0.0016724278835167973,0.10947155477532397,0.7126060397655272,0.0,1.0,1.0,1.0,0.0,0.0,0.0,0.0,0.0,1.0,0.0,0.0,0.0,0.0,0.0,0.0,0.0,0.0,1.0,0.0,0.0,0.0
EVT01735,-0.5346290764341026,-0.08678715144855652,1.4550418273701822,-1.5877539867387354,0.7509201196990747,0.10947155477532397,0.7967224324193373,0.0,1.0,1.0,0.0,1.0,0.0,0.0,0.0,0.0,0.0,0.0,0.0,0.0,0.0,0.0,1.0,0.0,0.0,0.0,0.0,0.0,1.0
EVT01736,-0.35595615820510434,-1.6534818845292476,0.5125894023013345,-1.5877539867387354,-0.7542649754661083,0.10947155477532397,0.20790768384266695,0.0,1.0,1.0,0.0,0.0,1.0,0.0,0.0,1.0,0.0,0.0,0.0,0.0,0.0,0.0,0.0,0.0,0.0,0.0,0.0,0.0,1.0
EVT01737,2.6814834516878663,-1.0964348683227798,-0.4298630227675131,-1.5877539867387354,-0.0016724278835167973,1.204187102528564,0.292024076496477,0.0,1.0,1.0,0.0,0.0,0.0,0.0,1.0,0.0,0.0,0.0,1.0,0.0,0.0,0.0,0.0,0.0,0.0,0.0,0.0,1.0,0.0
EVT01738,-0.5346290764341026,0.47025986475791126,-0.4298630227675131,-1.5877539867387354,0.7509201196990747,1.204187102528564,0.37614046915028704,0.0,1.0,1.0,0.0,0.0,0.0,0.0,1.0,0.0,0.0,0.0,0.0,0.0,0.0,1.0,0.0,0.0,0.0,0.0,0.0,0.0,1.0
EVT01739,-0.5346290764341026,1.2361995120418048,0.5125894023013345,-1.5877539867387354,0.7509201196990747,0.10947155477532397,0.6284896471117172,0.0,1.0,0.0,1.0,0.0,0.0,0.0,0.0,0.0,0.0,0.0,0.0,0.0,0.0,0.0,0.0,1.0,0.0,0.0,0.0,0.0,1.0
EVT01740,1.6094459423138765,0.9228605654256664,0.5125894023013345,-1.5877539867387354,-1.5068575230486998,0.10947155477532397,-0.12855788677257324,0.0,1.0,1.0,0.0,0.0,1.0,0.0,0.0,0.0,1.0,0.0,0.0,0.0,0.0,0.0,0.0,0.0,0.0,1.0,0.0,0.0,0.0
EVT01741,0.3587355147108887,-1.2008811838614923,1.4550418273701822,-1.4452266988806801,-0.0016724278835167973,1.204187102528564,0.5443732544579071,0.0,1.0,1.0,0.0,0.0,0.0,0.0,1.0,1.0,0.0,0.0,0.0,0.0,0.0,0.0,0.0,0.0,0.0,0.0,0.0,1.0,0.0
EVT01742,2.502810533458868,-0.8875422372453542,-1.3723154478363608,-1.4452266988806801,0.7509201196990747,2.298902650281804,0.6284896471117172,0.0,1.0,0.0,1.0,0.0,0.0,0.0,0.0,0.0,0.0,0.0,1.0,0.0,0.0,0.0,0.0,0.0,0.0,0.0,1.0,0.0,0.0
EVT01743,-0.5346290764341026,-1.6186664460163434,-0.4298630227675131,-1.4452266988806801,-0.7542649754661083,0.10947155477532397,-0.0444414941187632,0.0,1.0,1.0,0.0,0.0,0.0,0.0,1.0,0.0,0.0,0.0,0.0,0.0,0.0,0.0,0.0,0.0,1.0,0.0,1.0,0.0,0.0
EVT01744,-0.5346290764341026,-0.40012609806469485,-1.3723154478363608,-1.4452266988806801,0.7509201196990747,1.204187102528564,0.37614046915028704,0.0,1.0,1.0,0.0,1.0,0.0,0.0,0.0,0.0,0.0,0.0,0.0,0.0,1.0,0.0,0.0,0.0,0.0,1.0,0.0,0.0,0.0
EVT01745,0.001389678252892188,-0.9571731142711627,1.4550418273701822,-1.4452266988806801,-0.0016724278835167973,1.204187102528564,0.6284896471117172,0.0,1.0,1.0,0.0,0.0,0.0,1.0,0.0,1.0,0.0,0.0,0.0,0.0,0.0,0.0,0.0,0.0,0.0,0.0,0.0,0.0,1.0
EVT01746,2.8601563699168646,1.7584310897353683,1.4550418273701822,-1.4452266988806801,-0.7542649754661083,0.10947155477532397,0.7126060397655272,0.0,1.0,1.0,1.0,0.0,0.0,0.0,0.0,1.0,0.0,0.0,0.0,0.0,0.0,0.0,0.0,0.0,0.0,1.0,0.0,0.0,0.0
EVT01747,-0.5346290764341026,1.6191693356837513,-0.4298630227675131,-1.4452266988806801,-0.0016724278835167973,0.10947155477532397,0.7126060397655272,0.0,1.0,1.0,0.0,0.0,0.0,0.0,1.0,0.0,0.0,0.0,0.0,0.0,0.0,0.0,0.0,0.0,1.0,0.0,0.0,0.0,1.0
EVT01748,-0.5346290764341026,-1.6186664460163434,0.5125894023013345,-1.4452266988806801,-0.0016724278835167973,0.10947155477532397,0.03967489853504685,1.0,1.0,1.0,0.0,0.0,1.0,0.0,0.0,0.0,0.0,0.0,0.0,1.0,0.0,0.0,0.0,0.0,0.0,1.0,0.0,0.0,0.0
EVT01749,-0.5346290764341026,1.1317531965030918,-0.4298630227675131,-1.4452266988806801,-0.0016724278835167973,0.10947155477532397,0.6284896471117172,0.0,1.0,1.0,0.0,0.0,0.0,1.0,0.0,0.0,0.0,1.0,0.0,0.0,0.0,0.0,0.0,0.0,0.0,1.0,0.0,0.0,0.0
EVT01750,-0.5346290764341026,-0.5393878521163118,-1.3723154478363608,-1.4452266988806801,-0.0016724278835167973,-0.985243992977916,0.4602568618040971,0.0,1.0,1.0,0.0,0.0,1.0,0.0,0.0,0.0,0.0,1.0,0.0,0.0,0.0,0.0,0.0,0.0,0.0,0.0,0.0,0.0,1.0
EVT01751,1.7881188605428748,0.1917363566546774,-1.3723154478363608,-1.4452266988806801,0.7509201196990747,1.204187102528564,0.03967489853504685,0.0,1.0,0.0,1.0,0.0,0.0,0.0,0.0,0.0,0.0,0.0,1.0,0.0,0.0,0.0,0.0,0.0,0.0,0.0,1.0,0.0,0.0
EVT01752,-0.5346290764341026,0.47025986475791126,-1.3723154478363608,-1.4452266988806801,-0.0016724278835167973,-0.985243992977916,0.4602568618040971,0.0,1.0,0.0,1.0,0.0,0.0,0.0,0.0,0.0,0.0,0.0,0.0,0.0,1.0,0.0,0.0,0.0,0.0,0.0,0.0,0.0,1.0
EVT01753,1.4307730240848784,-0.40012609806469485,1.4550418273701822,-1.3026994110226249,0.7509201196990747,1.204187102528564,0.03967489853504685,0.0,1.0,1.0,0.0,0.0,0.0,1.0,0.0,1.0,0.0,0.0,0.0,0.0,0.0,0.0,0.0,0.0,0.0,1.0,0.0,0.0,0.0
EVT01754,-0.5346290764341026,-0.9223576757582586,0.5125894023013345,-1.3026994110226249,0.7509201196990747,-0.985243992977916,0.5443732544579071,0.0,1.0,1.0,0.0,0.0,0.0,0.0,1.0,0.0,0.0,0.0,0.0,0.0,0.0,0.0,0.0,1.0,0.0,0.0,0.0,0.0,1.0
EVT01755,-0.5346290764341026,-1.688297323042152,-1.3723154478363608,-1.3026994110226249,1.503512667281666,-0.985243992977916,0.6284896471117172,0.0,1.0,1.0,0.0,0.0,0.0,0.0,1.0,0.0,0.0,0.0,0.0,0.0,0.0,0.0,0.0,0.0,1.0,0.0,1.0,0.0,0.0
EVT01756,-0.5346290764341026,-0.9223576757582586,0.5125894023013345,-1.3026994110226249,-0.0016724278835167973,0.10947155477532397,0.7126060397655272,0.0,1.0,0.0,0.0,0.0,0.0,0.0,1.0,0.0,0.0,0.0,0.0,0.0,0.0,0.0,1.0,0.0,0.0,1.0,0.0,0.0,0.0
EVT01757,1.9667917787718732,1.2013840735289005,-1.3723154478363608,-1.3026994110226249,-0.0016724278835167973,1.204187102528564,0.5443732544579071,0.0,1.0,1.0,0.0,0.0,1.0,0.0,0.0,0.0,0.0,0.0,1.0,0.0,0.0,0.0,0.0,0.0,0.0,0.0,1.0,0.0,0.0
EVT01758,-0.5346290764341026,-1.4794046919647263,-0.4298630227675131,-1.3026994110226249,-1.5068575230486998,-0.985243992977916,0.4602568618040971,0.0,1.0,1.0,1.0,0.0,0.0,0.0,0.0,0.0,0.0,0.0,0.0,0.0,1.0,0.0,0.0,0.0,0.0,0.0,1.0,0.0,0.0
EVT01759,-0.5346290764341026,-1.5142201304776308,1.4550418273701822,-1.3026994110226249,0.7509201196990747,1.204187102528564,-0.0444414941187632,0.0,1.0,1.0,0.0,1.0,0.0,0.0,0.0,0.0,0.0,0.0,0.0,0.0,0.0,0.0,1.0,0.0,0.0,1.0,0.0,0.0,0.0
EVT01760,-0.5346290764341026,1.3754612660934218,0.5125894023013345,-1.3026994110226249,-0.7542649754661083,0.10947155477532397,0.6284896471117172,0.0,1.0,0.0,0.0,1.0,0.0,0.0,0.0,0.0,0.0,0.0,0.0,0.0,0.0,0.0,0.0,1.0,0.0,0.0,0.0,1.0,0.0
EVT01761,-0.5346290764341026,-0.5045724136034075,-1.3723154478363608,-1.3026994110226249,-0.7542649754661083,-0.985243992977916,0.4602568618040971,0.0,1.0,0.0,0.0,0.0,0.0,0.0,1.0,0.0,0.0,1.0,0.0,0.0,0.0,0.0,0.0,0.0,0.0,0.0,0.0,0.0,1.0
EVT01762,-0.5346290764341026,0.8532296883998581,-1.3723154478363608,-1.3026994110226249,-0.0016724278835167973,0.10947155477532397,0.7126060397655272,0.0,1.0,0.0,1.0,0.0,0.0,0.0,0.0,0.0,0.0,0.0,0.0,0.0,0.0,0.0,0.0,0.0,1.0,1.0,0.0,0.0,0.0
EVT01763,-0.5346290764341026,0.3658135492191986,1.4550418273701822,-1.3026994110226249,0.7509201196990747,1.204187102528564,-0.0444414941187632,0.0,1.0,1.0,0.0,0.0,0.0,0.0,1.0,0.0,0.0,0.0,0.0,0.0,0.0,0.0,1.0,0.0,0.0,1.0,0.0,0.0,0.0
EVT01764,-0.1772832399761061,1.6539847741966553,0.5125894023013345,-1.3026994110226249,-0.0016724278835167973,0.10947155477532397,0.4602568618040971,0.0,1.0,1.0,0.0,1.0,0.0,0.0,0.0,0.0,1.0,0.0,0.0,0.0,0.0,0.0,0.0,0.0,0.0,1.0,0.0,0.0,0.0
EVT01765,-0.5346290764341026,-1.6534818845292476,0.5125894023013345,-1.1601721231645696,0.7509201196990747,0.10947155477532397,0.03967489853504685,1.0,1.0,1.0,0.0,0.0,0.0,1.0,0.0,0.0,0.0,0.0,0.0,1.0,0.0,0.0,0.0,0.0,0.0,0.0,0.0,0.0,1.0
EVT01766,-0.5346290764341026,-0.3653106595517906,-0.4298630227675131,-1.1601721231645696,-0.7542649754661083,-0.985243992977916,0.5443732544579071,0.0,1.0,1.0,0.0,0.0,0.0,1.0,0.0,0.0,0.0,0.0,0.0,0.0,0.0,1.0,0.0,0.0,0.0,0.0,0.0,1.0,0.0
EVT01767,-0.5346290764341026,1.3754612660934218,0.5125894023013345,-1.1601721231645696,0.7509201196990747,1.204187102528564,0.7126060397655272,0.0,1.0,1.0,0.0,0.0,1.0,0.0,0.0,0.0,1.0,0.0,0.0,0.0,0.0,0.0,0.0,0.0,0.0,0.0,0.0,0.0,1.0
EVT01768,-0.5346290764341026,0.9924914424514749,0.5125894023013345,-1.1601721231645696,0.7509201196990747,1.204187102528564,0.5443732544579071,0.0,1.0,1.0,0.0,0.0,0.0,0.0,1.0,0.0,1.0,0.0,0.0,0.0,0.0,0.0,0.0,0.0,0.0,0.0,0.0,1.0,0.0
EVT01769,-0.5346290764341026,0.47025986475791126,0.5125894023013345,-1.1601721231645696,-1.5068575230486998,-0.985243992977916,0.5443732544579071,0.0,1.0,1.0,1.0,0.0,0.0,0.0,0.0,0.0,0.0,0.0,0.0,0.0,0.0,0.0,0.0,1.0,0.0,1.0,0.0,0.0,0.0
EVT01770,-0.5346290764341026,-1.3749583764260136,-1.3723154478363608,-1.1601721231645696,0.7509201196990747,-0.985243992977916,0.03967489853504685,0.0,1.0,0.0,1.0,0.0,0.0,0.0,0.0,0.0,0.0,0.0,0.0,0.0,0.0,1.0,0.0,0.0,0.0,0.0,1.0,0.0,0.0
EVT01771,-0.5346290764341026,0.15692091814177325,0.5125894023013345,-1.1601721231645696,1.503512667281666,-0.985243992977916,0.1237912911888569,0.0,1.0,0.0,0.0,1.0,0.0,0.0,0.0,0.0,0.0,0.0,0.0,0.0,0.0,0.0,0.0,1.0,0.0,0.0,0.0,1.0,0.0
EVT01772,-0.5346290764341026,1.0273068809643795,-0.4298630227675131,-1.1601721231645696,0.7509201196990747,1.204187102528564,0.5443732544579071,0.0,1.0,1.0,1.0,0.0,0.0,0.0,0.0,0.0,0.0,0.0,0.0,0.0,0.0,0.0,0.0,0.0,1.0,1.0,0.0,0.0,0.0
EVT01773,2.6814834516878663,1.2361995120418048,0.5125894023013345,-1.1601721231645696,-0.7542649754661083,0.10947155477532397,0.5443732544579071,0.0,1.0,1.0,0.0,0.0,0.0,0.0,1.0,1.0,0.0,0.0,0.0,0.0,0.0,0.0,0.0,0.0,0.0,0.0,0.0,1.0,0.0
EVT01774,-0.5346290764341026,0.9228605654256664,-0.4298630227675131,-1.1601721231645696,-1.5068575230486998,-0.985243992977916,-0.8856054206568637,0.0,1.0,1.0,0.0,0.0,0.0,0.0,1.0,0.0,0.0,0.0,0.0,0.0,1.0,0.0,0.0,0.0,0.0,0.0,0.0,0.0,1.0
EVT01775,-0.5346290764341026,-0.713465044680833,-1.3723154478363608,-1.1601721231645696,1.503512667281666,-0.985243992977916,0.20790768384266695,0.0,1.0,1.0,0.0,0.0,1.0,0.0,0.0,0.0,0.0,0.0,0.0,0.0,1.0,0.0,0.0,0.0,0.0,0.0,1.0,0.0,0.0
EVT01776,-0.5346290764341026,0.1917363566546774,-1.3723154478363608,-1.1601721231645696,-0.7542649754661083,0.10947155477532397,0.6284896471117172,0.0,1.0,1.0,0.0,1.0,0.0,0.0,0.0,0.0,0.0,0.0,0.0,0.0,1.0,0.0,0.0,0.0,0.0,0.0,0.0,1.0,0.0
EVT01777,0.001389678252892188,-1.5142201304776308,-1.3723154478363608,-1.0176448353065144,-0.7542649754661083,0.10947155477532397,0.5443732544579071,0.0,1.0,0.0,0.0,0.0,1.0,0.0,0.0,0.0,0.0,0.0,1.0,0.0,0.0,0.0,0.0,0.0,0.0,0.0,0.0,0.0,1.0
EVT01778,-0.5346290764341026,1.7236156512224643,0.5125894023013345,-1.0176448353065144,0.7509201196990747,-0.985243992977916,0.20790768384266695,0.0,1.0,1.0,0.0,0.0,0.0,0.0,1.0,0.0,0.0,0.0,0.0,0.0,0.0,0.0,0.0,1.0,0.0,0.0,0.0,1.0,0.0
EVT01779,-0.5346290764341026,-1.270512060887301,0.5125894023013345,-1.0176448353065144,-0.0016724278835167973,0.10947155477532397,0.4602568618040971,0.0,1.0,1.0,1.0,0.0,0.0,0.0,0.0,0.0,0.0,0.0,0.0,0.0,0.0,0.0,1.0,0.0,0.0,1.0,0.0,0.0,0.0
EVT01780,0.8947542693978835,-0.574203290629216,-0.4298630227675131,-1.0176448353065144,-0.7542649754661083,0.10947155477532397,0.7126060397655272,0.0,1.0,0.0,0.0,0.0,0.0,1.0,0.0,0.0,0.0,0.0,1.0,0.0,0.0,0.0,0.0,0.0,0.0,0.0,1.0,0.0,0.0
EVT01781,-0.5346290764341026,-0.8527267987324499,-1.3723154478363608,-1.0176448353065144,-0.0016724278835167973,0.10947155477532397,0.7967224324193373,0.0,1.0,1.0,1.0,0.0,0.0,0.0,0.0,0.0,0.0,1.0,0.0,0.0,0.0,0.0,0.0,0.0,0.0,0.0,1.0,0.0,0.0
EVT01782,-0.5346290764341026,-0.6786496061679288,-1.3723154478363608,-1.0176448353065144,-0.7542649754661083,0.10947155477532397,0.6284896471117172,0.0,1.0,1.0,1.0,0.0,0.0,0.0,0.0,0.0,0.0,0.0,0.0,0.0,0.0,1.0,0.0,0.0,0.0,0.0,1.0,0.0,0.0
EVT01783,0.18006259648189046,0.7835988113740496,-1.3723154478363608,-1.0176448353065144,-0.0016724278835167973,1.204187102528564,0.7126060397655272,0.0,1.0,1.0,0.0,1.0,0.0,0.0,0.0,0.0,0.0,0.0,1.0,0.0,0.0,0.0,0.0,0.0,0.0,0.0,0.0,0.0,1.0
EVT01784,1.7881188605428748,-1.305327499400205,-0.4298630227675131,-1.0176448353065144,-0.7542649754661083,1.204187102528564,0.4602568618040971,0.0,1.0,0.0,1.0,0.0,0.0,0.0,0.0,0.0,0.0,0.0,1.0,0.0,0.0,0.0,0.0,0.0,0.0,1.0,0.0,0.0,0.0
EVT01785,-0.5346290764341026,-0.6438341676550244,1.4550418273701822,-1.0176448353065144,-0.0016724278835167973,-0.985243992977916,0.292024076496477,0.0,1.0,1.0,1.0,0.0,0.0,0.0,0.0,0.0,0.0,0.0,0.0,0.0,0.0,0.0,1.0,0.0,0.0,0.0,0.0,0.0,1.0
EVT01786,-0.5346290764341026,-1.4097738149389178,-0.4298630227675131,-1.0176448353065144,-0.7542649754661083,-0.985243992977916,-0.9697218133106736,0.0,1.0,1.0,0.0,0.0,0.0,1.0,0.0,0.0,0.0,0.0,0.0,0.0,0.0,0.0,0.0,0.0,1.0,1.0,0.0,0.0,0.0
EVT01787,-0.5346290764341026,-0.5393878521163118,1.4550418273701822,-1.0176448353065144,-0.0016724278835167973,0.10947155477532397,0.7967224324193373,0.0,1.0,1.0,0.0,0.0,0.0,1.0,0.0,0.0,0.0,0.0,0.0,0.0,0.0,0.0,0.0,1.0,0.0,0.0,1.0,0.0,0.0
EVT01788,-0.5346290764341026,0.15692091814177325,-1.3723154478363608,-1.0176448353065144,-0.0016724278835167973,-0.985243992977916,0.20790768384266695,0.0,1.0,0.0,0.0,0.0,0.0,0.0,1.0,0.0,0.0,1.0,0.0,0.0,0.0,0.0,0.0,0.0,0.0,0.0,0.0,0.0,1.0
EVT01789,-0.5346290764341026,-0.6438341676550244,-0.4298630227675131,-0.8751175474484592,-0.7542649754661083,-0.985243992977916,-0.8856054206568637,0.0,1.0,1.0,0.0,0.0,0.0,1.0,0.0,0.0,0.0,0.0,0.0,0.0,1.0,0.0,0.0,0.0,0.0,0.0,0.0,1.0,0.0
EVT01790,-0.5346290764341026,-0.574203290629216,1.4550418273701822,-0.8751175474484592,-0.7542649754661083,-0.985243992977916,0.292024076496477,1.0,1.0,1.0,0.0,0.0,1.0,0.0,0.0,0.0,0.0,0.0,0.0,1.0,0.0,0.0,0.0,0.0,0.0,0.0,0.0,0.0,1.0
EVT01791,-0.5346290764341026,0.9576760039385709,-0.4298630227675131,-0.8751175474484592,-0.0016724278835167973,-0.985243992977916,0.292024076496477,0.0,1.0,1.0,0.0,1.0,0.0,0.0,0.0,0.0,0.0,0.0,0.0,0.0,0.0,1.0,0.0,0.0,0.0,0.0,0.0,0.0,1.0
EVT01792,-0.5346290764341026,0.08729004111596471,-1.3723154478363608,-0.8751175474484592,-0.7542649754661083,0.10947155477532397,0.37614046915028704,0.0,1.0,0.0,0.0,0.0,1.0,0.0,0.0,0.0,0.0,0.0,0.0,0.0,0.0,1.0,0.0,0.0,0.0,0.0,1.0,0.0,0.0
EVT01793,-0.5346290764341026,1.6539847741966553,-1.3723154478363608,-0.8751175474484592,-0.0016724278835167973,-0.985243992977916,-0.8856054206568637,0.0,1.0,1.0,0.0,1.0,0.0,0.0,0.0,0.0,0.0,0.0,0.0,0.0,0.0,0.0,0.0,0.0,1.0,1.0,0.0,0.0,0.0
EVT01794,3.038829288145863,1.7236156512224643,0.5125894023013345,-0.8751175474484592,0.7509201196990747,0.10947155477532397,0.292024076496477,0.0,1.0,0.0,1.0,0.0,0.0,0.0,0.0,1.0,0.0,0.0,0.0,0.0,0.0,0.0,0.0,0.0,0.0,0.0,0.0,0.0,1.0
EVT01795,-0.5346290764341026,1.3754612660934218,0.5125894023013345,-0.8751175474484592,-1.5068575230486998,-0.985243992977916,0.7126060397655272,0.0,1.0,1.0,0.0,0.0,0.0,1.0,0.0,0.0,0.0,0.0,0.0,0.0,0.0,0.0,1.0,0.0,0.0,1.0,0.0,0.0,0.0
EVT01796,2.502810533458868,0.8184142498869538,0.5125894023013345,-0.8751175474484592,-0.7542649754661083,0.10947155477532397,0.37614046915028704,0.0,1.0,1.0,0.0,1.0,0.0,0.0,0.0,0.0,1.0,0.0,0.0,0.0,0.0,0.0,0.0,0.0,0.0,0.0,1.0,0.0,0.0
EVT01797,0.3587355147108887,-1.166065745348588,0.5125894023013345,-0.8751175474484592,-0.7542649754661083,0.10947155477532397,0.37614046915028704,0.0,1.0,1.0,0.0,0.0,0.0,1.0,0.0,0.0,1.0,0.0,0.0,0.0,0.0,0.0,0.0,0.0,0.0,0.0,0.0,0.0,1.0
EVT01798,0.537408432939887,-0.7830959217066414,0.5125894023013345,-0.8751175474484592,-0.0016724278835167973,1.204187102528564,0.37614046915028704,0.0,1.0,1.0,0.0,0.0,0.0,1.0,0.0,1.0,0.0,0.0,0.0,0.0,0.0,0.0,0.0,0.0,0.0,0.0,0.0,0.0,1.0
EVT01799,1.0734271876268817,1.2710149505547088,-0.4298630227675131,-0.8751175474484592,-0.0016724278835167973,0.10947155477532397,-0.8014890280030535,0.0,1.0,1.0,0.0,0.0,0.0,0.0,1.0,0.0,0.0,0.0,1.0,0.0,0.0,0.0,0.0,0.0,0.0,0.0,1.0,0.0,0.0
EVT01800,-0.5346290764341026,0.3658135492191986,-1.3723154478363608,-0.8751175474484592,0.7509201196990747,0.10947155477532397,0.20790768384266695,0.0,1.0,1.0,0.0,1.0,0.0,0.0,0.0,0.0,0.0,0.0,0.0,0.0,1.0,0.0,0.0,0.0,0.0,1.0,0.0,0.0,0.0
